2025-06-07T09:43:04.9756213+03:00	INFO	[Microsoft.Hosting.Lifetime]	[ListeningOnAddress]	Now listening on: http://localhost:5205
2025-06-07T09:43:04.9970323+03:00	INFO	[Microsoft.Hosting.Lifetime]	[0]	Application started. Press Ctrl+C to shut down.
2025-06-07T09:43:04.9997764+03:00	INFO	[Microsoft.Hosting.Lifetime]	[0]	Hosting environment: Development
2025-06-07T09:43:04.9998672+03:00	INFO	[Microsoft.Hosting.Lifetime]	[0]	Content root path: D:\C#_Projects\ZAK\ZAK3\ZAK\ZAK
2025-06-07T09:43:12.3908568+03:00	WARN	[Microsoft.AspNetCore.HttpsPolicy.HttpsRedirectionMiddleware]	[FailedToDeterminePort]	Failed to determine the https port for redirect.
2025-06-07T09:43:14.0652407+03:00	INFO	[ZAK.MapRoutesManager.MapRoutesManager]	[0]	Loading OSM data...
2025-06-07T09:43:27.7662658+03:00	INFO	[ZAK.Components.Pages.SchedulePage.SchedulePage]	[0]	Initializing SchedulePage component
2025-06-07T09:43:27.7969012+03:00	INFO	[ZAK.DA.AddressRepository]	[0]	Getting all addresses
2025-06-07T09:43:29.3075239+03:00	WARN	[Microsoft.EntityFrameworkCore.Model.Validation]	[Microsoft.EntityFrameworkCore.Infrastructure.SensitiveDataLoggingEnabledWarning]	Sensitive data logging is enabled. Log entries and exception messages may include sensitive application data; this mode should only be enabled during development.
2025-06-07T09:43:30.5490082+03:00	INFO	[ZAK.Components.Pages.SchedulePage.BrigadeList]	[0]	Getting all brigades...
2025-06-07T09:43:30.5518879+03:00	INFO	[ZAK.DA.BrigadeRepository]	[0]	Getting all brigades
2025-06-07T09:43:30.8820473+03:00	INFO	[Microsoft.EntityFrameworkCore.Database.Command]	[Microsoft.EntityFrameworkCore.Database.Command.CommandExecuted]	Executed DbCommand (45ms) [Parameters=[], CommandType='Text', CommandTimeout='30']
SELECT `b`.`id`, `b`.`brigadeNumber`, `b`.`brigadeSlotsCount`, `s0`.`brigadeId`, `s0`.`scheduledTime`, `s0`.`applicationId`, `s0`.`id`, `s0`.`addresWasUpdated`, `s0`.`addressId`, `s0`.`day`, `s0`.`endHour`, `s0`.`firstPart`, `s0`.`freeCable`, `s0`.`ignored`, `s0`.`important`, `s0`.`inSchedule`, `s0`.`masterComment`, `s0`.`masterCommentWasUpdated`, `s0`.`maxDaysForConnection`, `s0`.`month`, `s0`.`operatorComment`, `s0`.`operatorCommentWasUpdated`, `s0`.`secondPart`, `s0`.`startHour`, `s0`.`statusWasChecked`, `s0`.`statusWasUpdated`, `s0`.`stretchingStatus`, `s0`.`tarChangeApp`, `s0`.`timeRangeIsSet`, `s0`.`urgent`, `s0`.`year`, `s0`.`Id0`, `s0`.`blackoutGroup`, `s0`.`building`, `s0`.`districtname`, `s0`.`equipmentAccess`, `s0`.`streetName`
FROM `brigades` AS `b`
LEFT JOIN (
    SELECT `s`.`brigadeId`, `s`.`scheduledTime`, `s`.`applicationId`, `a`.`id`, `a`.`addresWasUpdated`, `a`.`addressId`, `a`.`day`, `a`.`endHour`, `a`.`firstPart`, `a`.`freeCable`, `a`.`ignored`, `a`.`important`, `a`.`inSchedule`, `a`.`masterComment`, `a`.`masterCommentWasUpdated`, `a`.`maxDaysForConnection`, `a`.`month`, `a`.`operatorComment`, `a`.`operatorCommentWasUpdated`, `a`.`secondPart`, `a`.`startHour`, `a`.`statusWasChecked`, `a`.`statusWasUpdated`, `a`.`stretchingStatus`, `a`.`tarChangeApp`, `a`.`timeRangeIsSet`, `a`.`urgent`, `a`.`year`, `a0`.`Id` AS `Id0`, `a0`.`blackoutGroup`, `a0`.`building`, `a0`.`districtname`, `a0`.`equipmentAccess`, `a0`.`streetName`
    FROM `ScheduledApplicationModel` AS `s`
    INNER JOIN `applications` AS `a` ON `s`.`applicationId` = `a`.`id`
    LEFT JOIN `addresses` AS `a0` ON `a`.`addressId` = `a0`.`Id`
) AS `s0` ON `b`.`id` = `s0`.`brigadeId`
ORDER BY `b`.`id`, `s0`.`brigadeId`, `s0`.`scheduledTime`, `s0`.`id`
2025-06-07T09:43:30.8820446+03:00	INFO	[Microsoft.EntityFrameworkCore.Database.Command]	[Microsoft.EntityFrameworkCore.Database.Command.CommandExecuted]	Executed DbCommand (49ms) [Parameters=[], CommandType='Text', CommandTimeout='30']
SELECT `a`.`Id`, `a`.`blackoutGroup`, `a`.`building`, `a`.`districtname`, `a`.`equipmentAccess`, `a`.`streetName`, `a0`.`addressId`, `a0`.`buildingAlias`, `a0`.`streetAlias`, `a1`.`addressId`, `a1`.`priority`, `c`.`addressId`, `c`.`lat`, `c`.`lon`
FROM `addresses` AS `a`
LEFT JOIN `addressAliases` AS `a0` ON `a`.`Id` = `a0`.`addressId`
LEFT JOIN `addressPriorities` AS `a1` ON `a`.`Id` = `a1`.`addressId`
LEFT JOIN `coordinates` AS `c` ON `a`.`Id` = `c`.`addressId`
2025-06-07T09:43:31.0896105+03:00	INFO	[ZAK.DA.BrigadeRepository]	[0]	Retrieved 1 brigades
2025-06-07T09:43:31.3846169+03:00	INFO	[ZAK.DA.AddressRepository]	[0]	Retrieved 126 addresses
2025-06-07T09:43:32.5384480+03:00	INFO	[ZAK.DA.AddressRepository]	[0]	Getting all addresses
2025-06-07T09:43:32.7425845+03:00	INFO	[Microsoft.EntityFrameworkCore.Database.Command]	[Microsoft.EntityFrameworkCore.Database.Command.CommandExecuted]	Executed DbCommand (7ms) [Parameters=[], CommandType='Text', CommandTimeout='30']
SELECT `a`.`Id`, `a`.`blackoutGroup`, `a`.`building`, `a`.`districtname`, `a`.`equipmentAccess`, `a`.`streetName`, `a0`.`addressId`, `a0`.`buildingAlias`, `a0`.`streetAlias`, `a1`.`addressId`, `a1`.`priority`, `c`.`addressId`, `c`.`lat`, `c`.`lon`
FROM `addresses` AS `a`
LEFT JOIN `addressAliases` AS `a0` ON `a`.`Id` = `a0`.`addressId`
LEFT JOIN `addressPriorities` AS `a1` ON `a`.`Id` = `a1`.`addressId`
LEFT JOIN `coordinates` AS `c` ON `a`.`Id` = `c`.`addressId`
2025-06-07T09:43:32.7804525+03:00	INFO	[ZAK.DA.AddressRepository]	[0]	Retrieved 126 addresses
2025-06-07T09:43:34.0287945+03:00	INFO	[ZAK.Components.Pages.SchedulePage.BrigadeList]	[0]	Getting all brigades...
2025-06-07T09:43:34.0288586+03:00	INFO	[ZAK.DA.BrigadeRepository]	[0]	Getting all brigades
2025-06-07T09:43:34.0421067+03:00	INFO	[Microsoft.EntityFrameworkCore.Database.Command]	[Microsoft.EntityFrameworkCore.Database.Command.CommandExecuted]	Executed DbCommand (5ms) [Parameters=[], CommandType='Text', CommandTimeout='30']
SELECT `b`.`id`, `b`.`brigadeNumber`, `b`.`brigadeSlotsCount`, `s0`.`brigadeId`, `s0`.`scheduledTime`, `s0`.`applicationId`, `s0`.`id`, `s0`.`addresWasUpdated`, `s0`.`addressId`, `s0`.`day`, `s0`.`endHour`, `s0`.`firstPart`, `s0`.`freeCable`, `s0`.`ignored`, `s0`.`important`, `s0`.`inSchedule`, `s0`.`masterComment`, `s0`.`masterCommentWasUpdated`, `s0`.`maxDaysForConnection`, `s0`.`month`, `s0`.`operatorComment`, `s0`.`operatorCommentWasUpdated`, `s0`.`secondPart`, `s0`.`startHour`, `s0`.`statusWasChecked`, `s0`.`statusWasUpdated`, `s0`.`stretchingStatus`, `s0`.`tarChangeApp`, `s0`.`timeRangeIsSet`, `s0`.`urgent`, `s0`.`year`, `s0`.`Id0`, `s0`.`blackoutGroup`, `s0`.`building`, `s0`.`districtname`, `s0`.`equipmentAccess`, `s0`.`streetName`
FROM `brigades` AS `b`
LEFT JOIN (
    SELECT `s`.`brigadeId`, `s`.`scheduledTime`, `s`.`applicationId`, `a`.`id`, `a`.`addresWasUpdated`, `a`.`addressId`, `a`.`day`, `a`.`endHour`, `a`.`firstPart`, `a`.`freeCable`, `a`.`ignored`, `a`.`important`, `a`.`inSchedule`, `a`.`masterComment`, `a`.`masterCommentWasUpdated`, `a`.`maxDaysForConnection`, `a`.`month`, `a`.`operatorComment`, `a`.`operatorCommentWasUpdated`, `a`.`secondPart`, `a`.`startHour`, `a`.`statusWasChecked`, `a`.`statusWasUpdated`, `a`.`stretchingStatus`, `a`.`tarChangeApp`, `a`.`timeRangeIsSet`, `a`.`urgent`, `a`.`year`, `a0`.`Id` AS `Id0`, `a0`.`blackoutGroup`, `a0`.`building`, `a0`.`districtname`, `a0`.`equipmentAccess`, `a0`.`streetName`
    FROM `ScheduledApplicationModel` AS `s`
    INNER JOIN `applications` AS `a` ON `s`.`applicationId` = `a`.`id`
    LEFT JOIN `addresses` AS `a0` ON `a`.`addressId` = `a0`.`Id`
) AS `s0` ON `b`.`id` = `s0`.`brigadeId`
ORDER BY `b`.`id`, `s0`.`brigadeId`, `s0`.`scheduledTime`, `s0`.`id`
2025-06-07T09:43:34.0560579+03:00	INFO	[ZAK.DA.BrigadeRepository]	[0]	Retrieved 1 brigades
2025-06-07T09:43:34.9126702+03:00	INFO	[ZAK.Components.Pages.SchedulePage.SchedulePage]	[0]	Initializing SchedulePage component
2025-06-07T09:43:34.9132838+03:00	INFO	[ZAK.DA.AddressRepository]	[0]	Getting all addresses
2025-06-07T09:43:34.9221422+03:00	INFO	[ZAK.Components.Pages.SchedulePage.BrigadeList]	[0]	Getting all brigades...
2025-06-07T09:43:34.9221855+03:00	INFO	[ZAK.DA.BrigadeRepository]	[0]	Getting all brigades
2025-06-07T09:43:34.9306509+03:00	INFO	[Microsoft.EntityFrameworkCore.Database.Command]	[Microsoft.EntityFrameworkCore.Database.Command.CommandExecuted]	Executed DbCommand (6ms) [Parameters=[], CommandType='Text', CommandTimeout='30']
SELECT `a`.`Id`, `a`.`blackoutGroup`, `a`.`building`, `a`.`districtname`, `a`.`equipmentAccess`, `a`.`streetName`, `a0`.`addressId`, `a0`.`buildingAlias`, `a0`.`streetAlias`, `a1`.`addressId`, `a1`.`priority`, `c`.`addressId`, `c`.`lat`, `c`.`lon`
FROM `addresses` AS `a`
LEFT JOIN `addressAliases` AS `a0` ON `a`.`Id` = `a0`.`addressId`
LEFT JOIN `addressPriorities` AS `a1` ON `a`.`Id` = `a1`.`addressId`
LEFT JOIN `coordinates` AS `c` ON `a`.`Id` = `c`.`addressId`
2025-06-07T09:43:34.9344422+03:00	INFO	[Microsoft.EntityFrameworkCore.Database.Command]	[Microsoft.EntityFrameworkCore.Database.Command.CommandExecuted]	Executed DbCommand (4ms) [Parameters=[], CommandType='Text', CommandTimeout='30']
SELECT `b`.`id`, `b`.`brigadeNumber`, `b`.`brigadeSlotsCount`, `s0`.`brigadeId`, `s0`.`scheduledTime`, `s0`.`applicationId`, `s0`.`id`, `s0`.`addresWasUpdated`, `s0`.`addressId`, `s0`.`day`, `s0`.`endHour`, `s0`.`firstPart`, `s0`.`freeCable`, `s0`.`ignored`, `s0`.`important`, `s0`.`inSchedule`, `s0`.`masterComment`, `s0`.`masterCommentWasUpdated`, `s0`.`maxDaysForConnection`, `s0`.`month`, `s0`.`operatorComment`, `s0`.`operatorCommentWasUpdated`, `s0`.`secondPart`, `s0`.`startHour`, `s0`.`statusWasChecked`, `s0`.`statusWasUpdated`, `s0`.`stretchingStatus`, `s0`.`tarChangeApp`, `s0`.`timeRangeIsSet`, `s0`.`urgent`, `s0`.`year`, `s0`.`Id0`, `s0`.`blackoutGroup`, `s0`.`building`, `s0`.`districtname`, `s0`.`equipmentAccess`, `s0`.`streetName`
FROM `brigades` AS `b`
LEFT JOIN (
    SELECT `s`.`brigadeId`, `s`.`scheduledTime`, `s`.`applicationId`, `a`.`id`, `a`.`addresWasUpdated`, `a`.`addressId`, `a`.`day`, `a`.`endHour`, `a`.`firstPart`, `a`.`freeCable`, `a`.`ignored`, `a`.`important`, `a`.`inSchedule`, `a`.`masterComment`, `a`.`masterCommentWasUpdated`, `a`.`maxDaysForConnection`, `a`.`month`, `a`.`operatorComment`, `a`.`operatorCommentWasUpdated`, `a`.`secondPart`, `a`.`startHour`, `a`.`statusWasChecked`, `a`.`statusWasUpdated`, `a`.`stretchingStatus`, `a`.`tarChangeApp`, `a`.`timeRangeIsSet`, `a`.`urgent`, `a`.`year`, `a0`.`Id` AS `Id0`, `a0`.`blackoutGroup`, `a0`.`building`, `a0`.`districtname`, `a0`.`equipmentAccess`, `a0`.`streetName`
    FROM `ScheduledApplicationModel` AS `s`
    INNER JOIN `applications` AS `a` ON `s`.`applicationId` = `a`.`id`
    LEFT JOIN `addresses` AS `a0` ON `a`.`addressId` = `a0`.`Id`
) AS `s0` ON `b`.`id` = `s0`.`brigadeId`
ORDER BY `b`.`id`, `s0`.`brigadeId`, `s0`.`scheduledTime`, `s0`.`id`
2025-06-07T09:43:34.9500331+03:00	INFO	[ZAK.DA.BrigadeRepository]	[0]	Retrieved 1 brigades
2025-06-07T09:43:34.9796822+03:00	INFO	[ZAK.DA.AddressRepository]	[0]	Retrieved 126 addresses
2025-06-07T09:43:35.7128357+03:00	INFO	[ZAK.DA.AddressRepository]	[0]	Getting all addresses
2025-06-07T09:43:35.7240512+03:00	INFO	[Microsoft.EntityFrameworkCore.Database.Command]	[Microsoft.EntityFrameworkCore.Database.Command.CommandExecuted]	Executed DbCommand (6ms) [Parameters=[], CommandType='Text', CommandTimeout='30']
SELECT `a`.`Id`, `a`.`blackoutGroup`, `a`.`building`, `a`.`districtname`, `a`.`equipmentAccess`, `a`.`streetName`, `a0`.`addressId`, `a0`.`buildingAlias`, `a0`.`streetAlias`, `a1`.`addressId`, `a1`.`priority`, `c`.`addressId`, `c`.`lat`, `c`.`lon`
FROM `addresses` AS `a`
LEFT JOIN `addressAliases` AS `a0` ON `a`.`Id` = `a0`.`addressId`
LEFT JOIN `addressPriorities` AS `a1` ON `a`.`Id` = `a1`.`addressId`
LEFT JOIN `coordinates` AS `c` ON `a`.`Id` = `c`.`addressId`
2025-06-07T09:43:35.7507728+03:00	INFO	[ZAK.DA.AddressRepository]	[0]	Retrieved 126 addresses
2025-06-07T09:43:36.3635330+03:00	INFO	[ZAK.Components.Pages.SchedulePage.BrigadeList]	[0]	Getting all brigades...
2025-06-07T09:43:36.3635870+03:00	INFO	[ZAK.DA.BrigadeRepository]	[0]	Getting all brigades
2025-06-07T09:43:36.3740323+03:00	INFO	[Microsoft.EntityFrameworkCore.Database.Command]	[Microsoft.EntityFrameworkCore.Database.Command.CommandExecuted]	Executed DbCommand (4ms) [Parameters=[], CommandType='Text', CommandTimeout='30']
SELECT `b`.`id`, `b`.`brigadeNumber`, `b`.`brigadeSlotsCount`, `s0`.`brigadeId`, `s0`.`scheduledTime`, `s0`.`applicationId`, `s0`.`id`, `s0`.`addresWasUpdated`, `s0`.`addressId`, `s0`.`day`, `s0`.`endHour`, `s0`.`firstPart`, `s0`.`freeCable`, `s0`.`ignored`, `s0`.`important`, `s0`.`inSchedule`, `s0`.`masterComment`, `s0`.`masterCommentWasUpdated`, `s0`.`maxDaysForConnection`, `s0`.`month`, `s0`.`operatorComment`, `s0`.`operatorCommentWasUpdated`, `s0`.`secondPart`, `s0`.`startHour`, `s0`.`statusWasChecked`, `s0`.`statusWasUpdated`, `s0`.`stretchingStatus`, `s0`.`tarChangeApp`, `s0`.`timeRangeIsSet`, `s0`.`urgent`, `s0`.`year`, `s0`.`Id0`, `s0`.`blackoutGroup`, `s0`.`building`, `s0`.`districtname`, `s0`.`equipmentAccess`, `s0`.`streetName`
FROM `brigades` AS `b`
LEFT JOIN (
    SELECT `s`.`brigadeId`, `s`.`scheduledTime`, `s`.`applicationId`, `a`.`id`, `a`.`addresWasUpdated`, `a`.`addressId`, `a`.`day`, `a`.`endHour`, `a`.`firstPart`, `a`.`freeCable`, `a`.`ignored`, `a`.`important`, `a`.`inSchedule`, `a`.`masterComment`, `a`.`masterCommentWasUpdated`, `a`.`maxDaysForConnection`, `a`.`month`, `a`.`operatorComment`, `a`.`operatorCommentWasUpdated`, `a`.`secondPart`, `a`.`startHour`, `a`.`statusWasChecked`, `a`.`statusWasUpdated`, `a`.`stretchingStatus`, `a`.`tarChangeApp`, `a`.`timeRangeIsSet`, `a`.`urgent`, `a`.`year`, `a0`.`Id` AS `Id0`, `a0`.`blackoutGroup`, `a0`.`building`, `a0`.`districtname`, `a0`.`equipmentAccess`, `a0`.`streetName`
    FROM `ScheduledApplicationModel` AS `s`
    INNER JOIN `applications` AS `a` ON `s`.`applicationId` = `a`.`id`
    LEFT JOIN `addresses` AS `a0` ON `a`.`addressId` = `a0`.`Id`
) AS `s0` ON `b`.`id` = `s0`.`brigadeId`
ORDER BY `b`.`id`, `s0`.`brigadeId`, `s0`.`scheduledTime`, `s0`.`id`
2025-06-07T09:43:36.3852334+03:00	INFO	[ZAK.Components.Pages.SchedulePage.MapComponentLeaflet]	[0]	MapComponentLeaflet is rendered for the first time
2025-06-07T09:43:36.3873026+03:00	INFO	[ZAK.DA.BrigadeRepository]	[0]	Retrieved 1 brigades
2025-06-07T09:43:36.4707702+03:00	INFO	[ZAK.Components.Pages.SchedulePage.MapComponentLeaflet]	[0]	MapComponentLeaflet is drawing paths
2025-06-07T09:43:36.4742614+03:00	INFO	[ZAK.MapRoutesManager.MapRoutesManager]	[0]	Populationg brigades with applications
2025-06-07T09:43:36.4804774+03:00	INFO	[ZAK.DA.BrigadeRepository]	[0]	Getting all brigades with scheduled application info
2025-06-07T09:43:36.5834105+03:00	INFO	[Microsoft.EntityFrameworkCore.Database.Command]	[Microsoft.EntityFrameworkCore.Database.Command.CommandExecuted]	Executed DbCommand (5ms) [Parameters=[], CommandType='Text', CommandTimeout='30']
SELECT `b`.`id`, `b`.`brigadeNumber`, `b`.`brigadeSlotsCount`, `s0`.`brigadeId`, `s0`.`scheduledTime`, `s0`.`applicationId`, `s0`.`id`, `s0`.`addresWasUpdated`, `s0`.`addressId`, `s0`.`day`, `s0`.`endHour`, `s0`.`firstPart`, `s0`.`freeCable`, `s0`.`ignored`, `s0`.`important`, `s0`.`inSchedule`, `s0`.`masterComment`, `s0`.`masterCommentWasUpdated`, `s0`.`maxDaysForConnection`, `s0`.`month`, `s0`.`operatorComment`, `s0`.`operatorCommentWasUpdated`, `s0`.`secondPart`, `s0`.`startHour`, `s0`.`statusWasChecked`, `s0`.`statusWasUpdated`, `s0`.`stretchingStatus`, `s0`.`tarChangeApp`, `s0`.`timeRangeIsSet`, `s0`.`urgent`, `s0`.`year`, `s0`.`Id0`, `s0`.`blackoutGroup`, `s0`.`building`, `s0`.`districtname`, `s0`.`equipmentAccess`, `s0`.`streetName`, `s0`.`addressId0`, `s0`.`lat`, `s0`.`lon`
FROM `brigades` AS `b`
LEFT JOIN (
    SELECT `s`.`brigadeId`, `s`.`scheduledTime`, `s`.`applicationId`, `a`.`id`, `a`.`addresWasUpdated`, `a`.`addressId`, `a`.`day`, `a`.`endHour`, `a`.`firstPart`, `a`.`freeCable`, `a`.`ignored`, `a`.`important`, `a`.`inSchedule`, `a`.`masterComment`, `a`.`masterCommentWasUpdated`, `a`.`maxDaysForConnection`, `a`.`month`, `a`.`operatorComment`, `a`.`operatorCommentWasUpdated`, `a`.`secondPart`, `a`.`startHour`, `a`.`statusWasChecked`, `a`.`statusWasUpdated`, `a`.`stretchingStatus`, `a`.`tarChangeApp`, `a`.`timeRangeIsSet`, `a`.`urgent`, `a`.`year`, `a0`.`Id` AS `Id0`, `a0`.`blackoutGroup`, `a0`.`building`, `a0`.`districtname`, `a0`.`equipmentAccess`, `a0`.`streetName`, `c`.`addressId` AS `addressId0`, `c`.`lat`, `c`.`lon`
    FROM `ScheduledApplicationModel` AS `s`
    INNER JOIN `applications` AS `a` ON `s`.`applicationId` = `a`.`id`
    LEFT JOIN `addresses` AS `a0` ON `a`.`addressId` = `a0`.`Id`
    LEFT JOIN `coordinates` AS `c` ON `a0`.`Id` = `c`.`addressId`
) AS `s0` ON `b`.`id` = `s0`.`brigadeId`
ORDER BY `b`.`id`, `s0`.`brigadeId`, `s0`.`scheduledTime`, `s0`.`id`, `s0`.`Id0`
2025-06-07T09:43:36.6168727+03:00	INFO	[ZAK.DA.BrigadeRepository]	[0]	Retrieved 1 brigades with scheduled application info
2025-06-07T09:43:36.6177155+03:00	INFO	[ZAK.MapRoutesManager.MapRoutesManager]	[0]	Calculating routes...
2025-06-07T09:43:38.3795587+03:00	INFO	[ZAK.Components.Pages.SchedulePage.MapComponentLeaflet]	[0]	MapComponentLeaflet is drawing paths
2025-06-07T09:43:38.7543089+03:00	INFO	[ZAK.Components.Pages.SchedulePage.MapComponentLeaflet]	[0]	MapComponentLeaflet is drawing markers
2025-06-07T09:43:38.7752562+03:00	INFO	[ZAK.DA.ApplicationRepository]	[0]	Getting all applications with ignoring
2025-06-07T09:43:38.8102943+03:00	INFO	[Microsoft.EntityFrameworkCore.Database.Command]	[Microsoft.EntityFrameworkCore.Database.Command.CommandExecuted]	Executed DbCommand (5ms) [Parameters=[], CommandType='Text', CommandTimeout='30']
SELECT `a`.`id`, `a`.`addresWasUpdated`, `a`.`addressId`, `a`.`day`, `a`.`endHour`, `a`.`firstPart`, `a`.`freeCable`, `a`.`ignored`, `a`.`important`, `a`.`inSchedule`, `a`.`masterComment`, `a`.`masterCommentWasUpdated`, `a`.`maxDaysForConnection`, `a`.`month`, `a`.`operatorComment`, `a`.`operatorCommentWasUpdated`, `a`.`secondPart`, `a`.`startHour`, `a`.`statusWasChecked`, `a`.`statusWasUpdated`, `a`.`stretchingStatus`, `a`.`tarChangeApp`, `a`.`timeRangeIsSet`, `a`.`urgent`, `a`.`year`, `a0`.`Id`, `a0`.`blackoutGroup`, `a0`.`building`, `a0`.`districtname`, `a0`.`equipmentAccess`, `a0`.`streetName`, `d`.`name`, `d`.`color`, `c`.`addressId`, `c`.`lat`, `c`.`lon`
FROM `applications` AS `a`
LEFT JOIN `addresses` AS `a0` ON `a`.`addressId` = `a0`.`Id`
LEFT JOIN `districts` AS `d` ON `a0`.`districtname` = `d`.`name`
LEFT JOIN `coordinates` AS `c` ON `a0`.`Id` = `c`.`addressId`
2025-06-07T09:43:38.8253139+03:00	INFO	[ZAK.DA.ApplicationRepository]	[0]	Retrieved 89 applications (not ignored)
2025-06-07T09:43:40.5767368+03:00	INFO	[ZAK.DA.ApplicationRepository]	[0]	Getting all applications
2025-06-07T09:43:40.5888929+03:00	INFO	[Microsoft.EntityFrameworkCore.Database.Command]	[Microsoft.EntityFrameworkCore.Database.Command.CommandExecuted]	Executed DbCommand (7ms) [Parameters=[], CommandType='Text', CommandTimeout='30']
SELECT `a`.`id`, `a`.`addresWasUpdated`, `a`.`addressId`, `a`.`day`, `a`.`endHour`, `a`.`firstPart`, `a`.`freeCable`, `a`.`ignored`, `a`.`important`, `a`.`inSchedule`, `a`.`masterComment`, `a`.`masterCommentWasUpdated`, `a`.`maxDaysForConnection`, `a`.`month`, `a`.`operatorComment`, `a`.`operatorCommentWasUpdated`, `a`.`secondPart`, `a`.`startHour`, `a`.`statusWasChecked`, `a`.`statusWasUpdated`, `a`.`stretchingStatus`, `a`.`tarChangeApp`, `a`.`timeRangeIsSet`, `a`.`urgent`, `a`.`year`, `a0`.`Id`, `a0`.`blackoutGroup`, `a0`.`building`, `a0`.`districtname`, `a0`.`equipmentAccess`, `a0`.`streetName`, `d`.`name`, `d`.`color`, `c`.`addressId`, `c`.`lat`, `c`.`lon`
FROM `applications` AS `a`
LEFT JOIN `addresses` AS `a0` ON `a`.`addressId` = `a0`.`Id`
LEFT JOIN `districts` AS `d` ON `a0`.`districtname` = `d`.`name`
LEFT JOIN `coordinates` AS `c` ON `a0`.`Id` = `c`.`addressId`
2025-06-07T09:43:40.6019143+03:00	INFO	[ZAK.DA.ApplicationRepository]	[0]	Retrieved 105 applications
2025-06-07T09:43:58.7975289+03:00	INFO	[ZAK.DA.ApplicationRepository]	[0]	Updating application: ZAK.DA.Application
2025-06-07T09:43:59.0202289+03:00	INFO	[ZAK.DA.ApplicationRepository]	[0]	Updating application: ZAK.DA.Application
2025-06-07T09:43:59.0560012+03:00	INFO	[ZAK.DA.ApplicationRepository]	[0]	Updating application: ZAK.DA.Application
2025-06-07T09:43:59.0859297+03:00	INFO	[ZAK.DA.ApplicationRepository]	[0]	Updating application: ZAK.DA.Application
2025-06-07T09:43:59.3303023+03:00	INFO	[ZAK.DA.ApplicationRepository]	[0]	Updating application: ZAK.DA.Application
2025-06-07T09:43:59.3813888+03:00	INFO	[ZAK.DA.ApplicationRepository]	[0]	Updating application: ZAK.DA.Application
2025-06-07T09:43:59.4686673+03:00	INFO	[ZAK.DA.ApplicationRepository]	[0]	Updating application: ZAK.DA.Application
2025-06-07T09:43:59.4855426+03:00	INFO	[ZAK.DA.ApplicationRepository]	[0]	Updating application: ZAK.DA.Application
2025-06-07T09:43:59.5869821+03:00	INFO	[ZAK.DA.ApplicationRepository]	[0]	Updating application: ZAK.DA.Application
2025-06-07T09:43:59.6359904+03:00	INFO	[Microsoft.EntityFrameworkCore.Database.Command]	[Microsoft.EntityFrameworkCore.Database.Command.CommandExecuted]	Executed DbCommand (545ms) [Parameters=[@__entity_id_0='187085'], CommandType='Text', CommandTimeout='30']
SELECT `a`.`id`, `a`.`addresWasUpdated`, `a`.`addressId`, `a`.`day`, `a`.`endHour`, `a`.`firstPart`, `a`.`freeCable`, `a`.`ignored`, `a`.`important`, `a`.`inSchedule`, `a`.`masterComment`, `a`.`masterCommentWasUpdated`, `a`.`maxDaysForConnection`, `a`.`month`, `a`.`operatorComment`, `a`.`operatorCommentWasUpdated`, `a`.`secondPart`, `a`.`startHour`, `a`.`statusWasChecked`, `a`.`statusWasUpdated`, `a`.`stretchingStatus`, `a`.`tarChangeApp`, `a`.`timeRangeIsSet`, `a`.`urgent`, `a`.`year`, `a0`.`Id`, `a0`.`blackoutGroup`, `a0`.`building`, `a0`.`districtname`, `a0`.`equipmentAccess`, `a0`.`streetName`
FROM `applications` AS `a`
LEFT JOIN `addresses` AS `a0` ON `a`.`addressId` = `a0`.`Id`
WHERE `a`.`id` = @__entity_id_0
LIMIT 1
2025-06-07T09:43:59.6359911+03:00	INFO	[Microsoft.EntityFrameworkCore.Database.Command]	[Microsoft.EntityFrameworkCore.Database.Command.CommandExecuted]	Executed DbCommand (10ms) [Parameters=[@__entity_id_0='187085'], CommandType='Text', CommandTimeout='30']
SELECT `a`.`id`, `a`.`addresWasUpdated`, `a`.`addressId`, `a`.`day`, `a`.`endHour`, `a`.`firstPart`, `a`.`freeCable`, `a`.`ignored`, `a`.`important`, `a`.`inSchedule`, `a`.`masterComment`, `a`.`masterCommentWasUpdated`, `a`.`maxDaysForConnection`, `a`.`month`, `a`.`operatorComment`, `a`.`operatorCommentWasUpdated`, `a`.`secondPart`, `a`.`startHour`, `a`.`statusWasChecked`, `a`.`statusWasUpdated`, `a`.`stretchingStatus`, `a`.`tarChangeApp`, `a`.`timeRangeIsSet`, `a`.`urgent`, `a`.`year`, `a0`.`Id`, `a0`.`blackoutGroup`, `a0`.`building`, `a0`.`districtname`, `a0`.`equipmentAccess`, `a0`.`streetName`
FROM `applications` AS `a`
LEFT JOIN `addresses` AS `a0` ON `a`.`addressId` = `a0`.`Id`
WHERE `a`.`id` = @__entity_id_0
LIMIT 1
2025-06-07T09:43:59.6361077+03:00	INFO	[Microsoft.EntityFrameworkCore.Database.Command]	[Microsoft.EntityFrameworkCore.Database.Command.CommandExecuted]	Executed DbCommand (5ms) [Parameters=[@__entity_id_0='187085'], CommandType='Text', CommandTimeout='30']
SELECT `a`.`id`, `a`.`addresWasUpdated`, `a`.`addressId`, `a`.`day`, `a`.`endHour`, `a`.`firstPart`, `a`.`freeCable`, `a`.`ignored`, `a`.`important`, `a`.`inSchedule`, `a`.`masterComment`, `a`.`masterCommentWasUpdated`, `a`.`maxDaysForConnection`, `a`.`month`, `a`.`operatorComment`, `a`.`operatorCommentWasUpdated`, `a`.`secondPart`, `a`.`startHour`, `a`.`statusWasChecked`, `a`.`statusWasUpdated`, `a`.`stretchingStatus`, `a`.`tarChangeApp`, `a`.`timeRangeIsSet`, `a`.`urgent`, `a`.`year`, `a0`.`Id`, `a0`.`blackoutGroup`, `a0`.`building`, `a0`.`districtname`, `a0`.`equipmentAccess`, `a0`.`streetName`
FROM `applications` AS `a`
LEFT JOIN `addresses` AS `a0` ON `a`.`addressId` = `a0`.`Id`
WHERE `a`.`id` = @__entity_id_0
LIMIT 1
2025-06-07T09:43:59.6361857+03:00	INFO	[Microsoft.EntityFrameworkCore.Database.Command]	[Microsoft.EntityFrameworkCore.Database.Command.CommandExecuted]	Executed DbCommand (295ms) [Parameters=[@__entity_id_0='187085'], CommandType='Text', CommandTimeout='30']
SELECT `a`.`id`, `a`.`addresWasUpdated`, `a`.`addressId`, `a`.`day`, `a`.`endHour`, `a`.`firstPart`, `a`.`freeCable`, `a`.`ignored`, `a`.`important`, `a`.`inSchedule`, `a`.`masterComment`, `a`.`masterCommentWasUpdated`, `a`.`maxDaysForConnection`, `a`.`month`, `a`.`operatorComment`, `a`.`operatorCommentWasUpdated`, `a`.`secondPart`, `a`.`startHour`, `a`.`statusWasChecked`, `a`.`statusWasUpdated`, `a`.`stretchingStatus`, `a`.`tarChangeApp`, `a`.`timeRangeIsSet`, `a`.`urgent`, `a`.`year`, `a0`.`Id`, `a0`.`blackoutGroup`, `a0`.`building`, `a0`.`districtname`, `a0`.`equipmentAccess`, `a0`.`streetName`
FROM `applications` AS `a`
LEFT JOIN `addresses` AS `a0` ON `a`.`addressId` = `a0`.`Id`
WHERE `a`.`id` = @__entity_id_0
LIMIT 1
2025-06-07T09:43:59.6649292+03:00	INFO	[Microsoft.EntityFrameworkCore.Database.Command]	[Microsoft.EntityFrameworkCore.Database.Command.CommandExecuted]	Executed DbCommand (92ms) [Parameters=[@__entity_id_0='187085'], CommandType='Text', CommandTimeout='30']
SELECT `a`.`id`, `a`.`addresWasUpdated`, `a`.`addressId`, `a`.`day`, `a`.`endHour`, `a`.`firstPart`, `a`.`freeCable`, `a`.`ignored`, `a`.`important`, `a`.`inSchedule`, `a`.`masterComment`, `a`.`masterCommentWasUpdated`, `a`.`maxDaysForConnection`, `a`.`month`, `a`.`operatorComment`, `a`.`operatorCommentWasUpdated`, `a`.`secondPart`, `a`.`startHour`, `a`.`statusWasChecked`, `a`.`statusWasUpdated`, `a`.`stretchingStatus`, `a`.`tarChangeApp`, `a`.`timeRangeIsSet`, `a`.`urgent`, `a`.`year`, `a0`.`Id`, `a0`.`blackoutGroup`, `a0`.`building`, `a0`.`districtname`, `a0`.`equipmentAccess`, `a0`.`streetName`
FROM `applications` AS `a`
LEFT JOIN `addresses` AS `a0` ON `a`.`addressId` = `a0`.`Id`
WHERE `a`.`id` = @__entity_id_0
LIMIT 1
2025-06-07T09:43:59.6650036+03:00	INFO	[Microsoft.EntityFrameworkCore.Database.Command]	[Microsoft.EntityFrameworkCore.Database.Command.CommandExecuted]	Executed DbCommand (140ms) [Parameters=[@__entity_id_0='187085'], CommandType='Text', CommandTimeout='30']
SELECT `a`.`id`, `a`.`addresWasUpdated`, `a`.`addressId`, `a`.`day`, `a`.`endHour`, `a`.`firstPart`, `a`.`freeCable`, `a`.`ignored`, `a`.`important`, `a`.`inSchedule`, `a`.`masterComment`, `a`.`masterCommentWasUpdated`, `a`.`maxDaysForConnection`, `a`.`month`, `a`.`operatorComment`, `a`.`operatorCommentWasUpdated`, `a`.`secondPart`, `a`.`startHour`, `a`.`statusWasChecked`, `a`.`statusWasUpdated`, `a`.`stretchingStatus`, `a`.`tarChangeApp`, `a`.`timeRangeIsSet`, `a`.`urgent`, `a`.`year`, `a0`.`Id`, `a0`.`blackoutGroup`, `a0`.`building`, `a0`.`districtname`, `a0`.`equipmentAccess`, `a0`.`streetName`
FROM `applications` AS `a`
LEFT JOIN `addresses` AS `a0` ON `a`.`addressId` = `a0`.`Id`
WHERE `a`.`id` = @__entity_id_0
LIMIT 1
2025-06-07T09:43:59.6651683+03:00	INFO	[Microsoft.EntityFrameworkCore.Database.Command]	[Microsoft.EntityFrameworkCore.Database.Command.CommandExecuted]	Executed DbCommand (3ms) [Parameters=[@__entity_id_0='187085'], CommandType='Text', CommandTimeout='30']
SELECT `a`.`id`, `a`.`addresWasUpdated`, `a`.`addressId`, `a`.`day`, `a`.`endHour`, `a`.`firstPart`, `a`.`freeCable`, `a`.`ignored`, `a`.`important`, `a`.`inSchedule`, `a`.`masterComment`, `a`.`masterCommentWasUpdated`, `a`.`maxDaysForConnection`, `a`.`month`, `a`.`operatorComment`, `a`.`operatorCommentWasUpdated`, `a`.`secondPart`, `a`.`startHour`, `a`.`statusWasChecked`, `a`.`statusWasUpdated`, `a`.`stretchingStatus`, `a`.`tarChangeApp`, `a`.`timeRangeIsSet`, `a`.`urgent`, `a`.`year`, `a0`.`Id`, `a0`.`blackoutGroup`, `a0`.`building`, `a0`.`districtname`, `a0`.`equipmentAccess`, `a0`.`streetName`
FROM `applications` AS `a`
LEFT JOIN `addresses` AS `a0` ON `a`.`addressId` = `a0`.`Id`
WHERE `a`.`id` = @__entity_id_0
LIMIT 1
2025-06-07T09:43:59.6652418+03:00	INFO	[Microsoft.EntityFrameworkCore.Database.Command]	[Microsoft.EntityFrameworkCore.Database.Command.CommandExecuted]	Executed DbCommand (90ms) [Parameters=[@__entity_id_0='187085'], CommandType='Text', CommandTimeout='30']
SELECT `a`.`id`, `a`.`addresWasUpdated`, `a`.`addressId`, `a`.`day`, `a`.`endHour`, `a`.`firstPart`, `a`.`freeCable`, `a`.`ignored`, `a`.`important`, `a`.`inSchedule`, `a`.`masterComment`, `a`.`masterCommentWasUpdated`, `a`.`maxDaysForConnection`, `a`.`month`, `a`.`operatorComment`, `a`.`operatorCommentWasUpdated`, `a`.`secondPart`, `a`.`startHour`, `a`.`statusWasChecked`, `a`.`statusWasUpdated`, `a`.`stretchingStatus`, `a`.`tarChangeApp`, `a`.`timeRangeIsSet`, `a`.`urgent`, `a`.`year`, `a0`.`Id`, `a0`.`blackoutGroup`, `a0`.`building`, `a0`.`districtname`, `a0`.`equipmentAccess`, `a0`.`streetName`
FROM `applications` AS `a`
LEFT JOIN `addresses` AS `a0` ON `a`.`addressId` = `a0`.`Id`
WHERE `a`.`id` = @__entity_id_0
LIMIT 1
2025-06-07T09:43:59.6653835+03:00	INFO	[ZAK.DA.ApplicationRepository]	[0]	Updating application: ZAK.DA.Application
2025-06-07T09:43:59.6790271+03:00	INFO	[ZAK.DA.ApplicationRepository]	[0]	Updating application: ZAK.DA.Application
2025-06-07T09:43:59.6936458+03:00	INFO	[ZAK.DA.ApplicationRepository]	[0]	Updating application: ZAK.DA.Application
2025-06-07T09:43:59.8326732+03:00	INFO	[ZAK.DA.ApplicationRepository]	[0]	Updating application: ZAK.DA.Application
2025-06-07T09:43:59.8472834+03:00	INFO	[ZAK.DA.ApplicationRepository]	[0]	Updating application: ZAK.DA.Application
2025-06-07T09:43:59.8687639+03:00	INFO	[Microsoft.EntityFrameworkCore.Database.Command]	[Microsoft.EntityFrameworkCore.Database.Command.CommandExecuted]	Executed DbCommand (6ms) [Parameters=[@__entity_id_0='187085'], CommandType='Text', CommandTimeout='30']
SELECT `a`.`id`, `a`.`addresWasUpdated`, `a`.`addressId`, `a`.`day`, `a`.`endHour`, `a`.`firstPart`, `a`.`freeCable`, `a`.`ignored`, `a`.`important`, `a`.`inSchedule`, `a`.`masterComment`, `a`.`masterCommentWasUpdated`, `a`.`maxDaysForConnection`, `a`.`month`, `a`.`operatorComment`, `a`.`operatorCommentWasUpdated`, `a`.`secondPart`, `a`.`startHour`, `a`.`statusWasChecked`, `a`.`statusWasUpdated`, `a`.`stretchingStatus`, `a`.`tarChangeApp`, `a`.`timeRangeIsSet`, `a`.`urgent`, `a`.`year`, `a0`.`Id`, `a0`.`blackoutGroup`, `a0`.`building`, `a0`.`districtname`, `a0`.`equipmentAccess`, `a0`.`streetName`
FROM `applications` AS `a`
LEFT JOIN `addresses` AS `a0` ON `a`.`addressId` = `a0`.`Id`
WHERE `a`.`id` = @__entity_id_0
LIMIT 1
2025-06-07T09:43:59.9969405+03:00	INFO	[Microsoft.EntityFrameworkCore.Database.Command]	[Microsoft.EntityFrameworkCore.Database.Command.CommandExecuted]	Executed DbCommand (131ms) [Parameters=[@__entity_id_0='187085'], CommandType='Text', CommandTimeout='30']
SELECT `a`.`id`, `a`.`addresWasUpdated`, `a`.`addressId`, `a`.`day`, `a`.`endHour`, `a`.`firstPart`, `a`.`freeCable`, `a`.`ignored`, `a`.`important`, `a`.`inSchedule`, `a`.`masterComment`, `a`.`masterCommentWasUpdated`, `a`.`maxDaysForConnection`, `a`.`month`, `a`.`operatorComment`, `a`.`operatorCommentWasUpdated`, `a`.`secondPart`, `a`.`startHour`, `a`.`statusWasChecked`, `a`.`statusWasUpdated`, `a`.`stretchingStatus`, `a`.`tarChangeApp`, `a`.`timeRangeIsSet`, `a`.`urgent`, `a`.`year`, `a0`.`Id`, `a0`.`blackoutGroup`, `a0`.`building`, `a0`.`districtname`, `a0`.`equipmentAccess`, `a0`.`streetName`
FROM `applications` AS `a`
LEFT JOIN `addresses` AS `a0` ON `a`.`addressId` = `a0`.`Id`
WHERE `a`.`id` = @__entity_id_0
LIMIT 1
2025-06-07T09:44:00.2637487+03:00	INFO	[Microsoft.EntityFrameworkCore.Database.Command]	[Microsoft.EntityFrameworkCore.Database.Command.CommandExecuted]	Executed DbCommand (267ms) [Parameters=[@__entity_id_0='187085'], CommandType='Text', CommandTimeout='30']
SELECT `a`.`id`, `a`.`addresWasUpdated`, `a`.`addressId`, `a`.`day`, `a`.`endHour`, `a`.`firstPart`, `a`.`freeCable`, `a`.`ignored`, `a`.`important`, `a`.`inSchedule`, `a`.`masterComment`, `a`.`masterCommentWasUpdated`, `a`.`maxDaysForConnection`, `a`.`month`, `a`.`operatorComment`, `a`.`operatorCommentWasUpdated`, `a`.`secondPart`, `a`.`startHour`, `a`.`statusWasChecked`, `a`.`statusWasUpdated`, `a`.`stretchingStatus`, `a`.`tarChangeApp`, `a`.`timeRangeIsSet`, `a`.`urgent`, `a`.`year`, `a0`.`Id`, `a0`.`blackoutGroup`, `a0`.`building`, `a0`.`districtname`, `a0`.`equipmentAccess`, `a0`.`streetName`
FROM `applications` AS `a`
LEFT JOIN `addresses` AS `a0` ON `a`.`addressId` = `a0`.`Id`
WHERE `a`.`id` = @__entity_id_0
LIMIT 1
2025-06-07T09:44:00.3412536+03:00	INFO	[Microsoft.EntityFrameworkCore.Database.Command]	[Microsoft.EntityFrameworkCore.Database.Command.CommandExecuted]	Executed DbCommand (78ms) [Parameters=[@__entity_id_0='187085'], CommandType='Text', CommandTimeout='30']
SELECT `a`.`id`, `a`.`addresWasUpdated`, `a`.`addressId`, `a`.`day`, `a`.`endHour`, `a`.`firstPart`, `a`.`freeCable`, `a`.`ignored`, `a`.`important`, `a`.`inSchedule`, `a`.`masterComment`, `a`.`masterCommentWasUpdated`, `a`.`maxDaysForConnection`, `a`.`month`, `a`.`operatorComment`, `a`.`operatorCommentWasUpdated`, `a`.`secondPart`, `a`.`startHour`, `a`.`statusWasChecked`, `a`.`statusWasUpdated`, `a`.`stretchingStatus`, `a`.`tarChangeApp`, `a`.`timeRangeIsSet`, `a`.`urgent`, `a`.`year`, `a0`.`Id`, `a0`.`blackoutGroup`, `a0`.`building`, `a0`.`districtname`, `a0`.`equipmentAccess`, `a0`.`streetName`
FROM `applications` AS `a`
LEFT JOIN `addresses` AS `a0` ON `a`.`addressId` = `a0`.`Id`
WHERE `a`.`id` = @__entity_id_0
LIMIT 1
2025-06-07T09:44:00.3431734+03:00	INFO	[ZAK.DA.ApplicationRepository]	[0]	Updating application: ZAK.DA.Application
2025-06-07T09:44:00.3525713+03:00	INFO	[Microsoft.EntityFrameworkCore.Database.Command]	[Microsoft.EntityFrameworkCore.Database.Command.CommandExecuted]	Executed DbCommand (10ms) [Parameters=[@__entity_id_0='187085'], CommandType='Text', CommandTimeout='30']
SELECT `a`.`id`, `a`.`addresWasUpdated`, `a`.`addressId`, `a`.`day`, `a`.`endHour`, `a`.`firstPart`, `a`.`freeCable`, `a`.`ignored`, `a`.`important`, `a`.`inSchedule`, `a`.`masterComment`, `a`.`masterCommentWasUpdated`, `a`.`maxDaysForConnection`, `a`.`month`, `a`.`operatorComment`, `a`.`operatorCommentWasUpdated`, `a`.`secondPart`, `a`.`startHour`, `a`.`statusWasChecked`, `a`.`statusWasUpdated`, `a`.`stretchingStatus`, `a`.`tarChangeApp`, `a`.`timeRangeIsSet`, `a`.`urgent`, `a`.`year`, `a0`.`Id`, `a0`.`blackoutGroup`, `a0`.`building`, `a0`.`districtname`, `a0`.`equipmentAccess`, `a0`.`streetName`
FROM `applications` AS `a`
LEFT JOIN `addresses` AS `a0` ON `a`.`addressId` = `a0`.`Id`
WHERE `a`.`id` = @__entity_id_0
LIMIT 1
2025-06-07T09:44:00.3594943+03:00	INFO	[ZAK.DA.ApplicationRepository]	[0]	Updating application: ZAK.DA.Application
2025-06-07T09:44:00.3785985+03:00	INFO	[Microsoft.EntityFrameworkCore.Database.Command]	[Microsoft.EntityFrameworkCore.Database.Command.CommandExecuted]	Executed DbCommand (32ms) [Parameters=[@__entity_id_0='187085'], CommandType='Text', CommandTimeout='30']
SELECT `a`.`id`, `a`.`addresWasUpdated`, `a`.`addressId`, `a`.`day`, `a`.`endHour`, `a`.`firstPart`, `a`.`freeCable`, `a`.`ignored`, `a`.`important`, `a`.`inSchedule`, `a`.`masterComment`, `a`.`masterCommentWasUpdated`, `a`.`maxDaysForConnection`, `a`.`month`, `a`.`operatorComment`, `a`.`operatorCommentWasUpdated`, `a`.`secondPart`, `a`.`startHour`, `a`.`statusWasChecked`, `a`.`statusWasUpdated`, `a`.`stretchingStatus`, `a`.`tarChangeApp`, `a`.`timeRangeIsSet`, `a`.`urgent`, `a`.`year`, `a0`.`Id`, `a0`.`blackoutGroup`, `a0`.`building`, `a0`.`districtname`, `a0`.`equipmentAccess`, `a0`.`streetName`
FROM `applications` AS `a`
LEFT JOIN `addresses` AS `a0` ON `a`.`addressId` = `a0`.`Id`
WHERE `a`.`id` = @__entity_id_0
LIMIT 1
2025-06-07T09:44:00.3878099+03:00	INFO	[ZAK.DA.ApplicationRepository]	[0]	Updating application: ZAK.DA.Application
2025-06-07T09:44:00.4069323+03:00	INFO	[Microsoft.EntityFrameworkCore.Database.Command]	[Microsoft.EntityFrameworkCore.Database.Command.CommandExecuted]	Executed DbCommand (26ms) [Parameters=[@__entity_id_0='187085'], CommandType='Text', CommandTimeout='30']
SELECT `a`.`id`, `a`.`addresWasUpdated`, `a`.`addressId`, `a`.`day`, `a`.`endHour`, `a`.`firstPart`, `a`.`freeCable`, `a`.`ignored`, `a`.`important`, `a`.`inSchedule`, `a`.`masterComment`, `a`.`masterCommentWasUpdated`, `a`.`maxDaysForConnection`, `a`.`month`, `a`.`operatorComment`, `a`.`operatorCommentWasUpdated`, `a`.`secondPart`, `a`.`startHour`, `a`.`statusWasChecked`, `a`.`statusWasUpdated`, `a`.`stretchingStatus`, `a`.`tarChangeApp`, `a`.`timeRangeIsSet`, `a`.`urgent`, `a`.`year`, `a0`.`Id`, `a0`.`blackoutGroup`, `a0`.`building`, `a0`.`districtname`, `a0`.`equipmentAccess`, `a0`.`streetName`
FROM `applications` AS `a`
LEFT JOIN `addresses` AS `a0` ON `a`.`addressId` = `a0`.`Id`
WHERE `a`.`id` = @__entity_id_0
LIMIT 1
2025-06-07T09:44:00.4095942+03:00	INFO	[Microsoft.EntityFrameworkCore.Database.Command]	[Microsoft.EntityFrameworkCore.Database.Command.CommandExecuted]	Executed DbCommand (22ms) [Parameters=[@__entity_id_0='187085'], CommandType='Text', CommandTimeout='30']
SELECT `a`.`id`, `a`.`addresWasUpdated`, `a`.`addressId`, `a`.`day`, `a`.`endHour`, `a`.`firstPart`, `a`.`freeCable`, `a`.`ignored`, `a`.`important`, `a`.`inSchedule`, `a`.`masterComment`, `a`.`masterCommentWasUpdated`, `a`.`maxDaysForConnection`, `a`.`month`, `a`.`operatorComment`, `a`.`operatorCommentWasUpdated`, `a`.`secondPart`, `a`.`startHour`, `a`.`statusWasChecked`, `a`.`statusWasUpdated`, `a`.`stretchingStatus`, `a`.`tarChangeApp`, `a`.`timeRangeIsSet`, `a`.`urgent`, `a`.`year`, `a0`.`Id`, `a0`.`blackoutGroup`, `a0`.`building`, `a0`.`districtname`, `a0`.`equipmentAccess`, `a0`.`streetName`
FROM `applications` AS `a`
LEFT JOIN `addresses` AS `a0` ON `a`.`addressId` = `a0`.`Id`
WHERE `a`.`id` = @__entity_id_0
LIMIT 1
2025-06-07T09:44:00.4194415+03:00	INFO	[Microsoft.EntityFrameworkCore.Database.Command]	[Microsoft.EntityFrameworkCore.Database.Command.CommandExecuted]	Executed DbCommand (7ms) [Parameters=[@__entity_id_0='187085'], CommandType='Text', CommandTimeout='30']
SELECT `a`.`id`, `a`.`addresWasUpdated`, `a`.`addressId`, `a`.`day`, `a`.`endHour`, `a`.`firstPart`, `a`.`freeCable`, `a`.`ignored`, `a`.`important`, `a`.`inSchedule`, `a`.`masterComment`, `a`.`masterCommentWasUpdated`, `a`.`maxDaysForConnection`, `a`.`month`, `a`.`operatorComment`, `a`.`operatorCommentWasUpdated`, `a`.`secondPart`, `a`.`startHour`, `a`.`statusWasChecked`, `a`.`statusWasUpdated`, `a`.`stretchingStatus`, `a`.`tarChangeApp`, `a`.`timeRangeIsSet`, `a`.`urgent`, `a`.`year`, `a0`.`Id`, `a0`.`blackoutGroup`, `a0`.`building`, `a0`.`districtname`, `a0`.`equipmentAccess`, `a0`.`streetName`
FROM `applications` AS `a`
LEFT JOIN `addresses` AS `a0` ON `a`.`addressId` = `a0`.`Id`
WHERE `a`.`id` = @__entity_id_0
LIMIT 1
2025-06-07T09:44:00.4254203+03:00	INFO	[ZAK.DA.ApplicationRepository]	[0]	Updating application: ZAK.DA.Application
2025-06-07T09:44:00.4547884+03:00	INFO	[Microsoft.EntityFrameworkCore.Database.Command]	[Microsoft.EntityFrameworkCore.Database.Command.CommandExecuted]	Executed DbCommand (17ms) [Parameters=[@__entity_id_0='187085'], CommandType='Text', CommandTimeout='30']
SELECT `a`.`id`, `a`.`addresWasUpdated`, `a`.`addressId`, `a`.`day`, `a`.`endHour`, `a`.`firstPart`, `a`.`freeCable`, `a`.`ignored`, `a`.`important`, `a`.`inSchedule`, `a`.`masterComment`, `a`.`masterCommentWasUpdated`, `a`.`maxDaysForConnection`, `a`.`month`, `a`.`operatorComment`, `a`.`operatorCommentWasUpdated`, `a`.`secondPart`, `a`.`startHour`, `a`.`statusWasChecked`, `a`.`statusWasUpdated`, `a`.`stretchingStatus`, `a`.`tarChangeApp`, `a`.`timeRangeIsSet`, `a`.`urgent`, `a`.`year`, `a0`.`Id`, `a0`.`blackoutGroup`, `a0`.`building`, `a0`.`districtname`, `a0`.`equipmentAccess`, `a0`.`streetName`
FROM `applications` AS `a`
LEFT JOIN `addresses` AS `a0` ON `a`.`addressId` = `a0`.`Id`
WHERE `a`.`id` = @__entity_id_0
LIMIT 1
2025-06-07T09:44:00.4611307+03:00	INFO	[ZAK.DA.ApplicationRepository]	[0]	Updating application: ZAK.DA.Application
2025-06-07T09:44:00.4716924+03:00	INFO	[Microsoft.EntityFrameworkCore.Database.Command]	[Microsoft.EntityFrameworkCore.Database.Command.CommandExecuted]	Executed DbCommand (5ms) [Parameters=[@__entity_id_0='187085'], CommandType='Text', CommandTimeout='30']
SELECT `a`.`id`, `a`.`addresWasUpdated`, `a`.`addressId`, `a`.`day`, `a`.`endHour`, `a`.`firstPart`, `a`.`freeCable`, `a`.`ignored`, `a`.`important`, `a`.`inSchedule`, `a`.`masterComment`, `a`.`masterCommentWasUpdated`, `a`.`maxDaysForConnection`, `a`.`month`, `a`.`operatorComment`, `a`.`operatorCommentWasUpdated`, `a`.`secondPart`, `a`.`startHour`, `a`.`statusWasChecked`, `a`.`statusWasUpdated`, `a`.`stretchingStatus`, `a`.`tarChangeApp`, `a`.`timeRangeIsSet`, `a`.`urgent`, `a`.`year`, `a0`.`Id`, `a0`.`blackoutGroup`, `a0`.`building`, `a0`.`districtname`, `a0`.`equipmentAccess`, `a0`.`streetName`
FROM `applications` AS `a`
LEFT JOIN `addresses` AS `a0` ON `a`.`addressId` = `a0`.`Id`
WHERE `a`.`id` = @__entity_id_0
LIMIT 1
2025-06-07T09:44:00.4987704+03:00	INFO	[ZAK.DA.ApplicationRepository]	[0]	Updating application: ZAK.DA.Application
2025-06-07T09:44:00.5132423+03:00	INFO	[Microsoft.EntityFrameworkCore.Database.Command]	[Microsoft.EntityFrameworkCore.Database.Command.CommandExecuted]	Executed DbCommand (4ms) [Parameters=[@__entity_id_0='187085'], CommandType='Text', CommandTimeout='30']
SELECT `a`.`id`, `a`.`addresWasUpdated`, `a`.`addressId`, `a`.`day`, `a`.`endHour`, `a`.`firstPart`, `a`.`freeCable`, `a`.`ignored`, `a`.`important`, `a`.`inSchedule`, `a`.`masterComment`, `a`.`masterCommentWasUpdated`, `a`.`maxDaysForConnection`, `a`.`month`, `a`.`operatorComment`, `a`.`operatorCommentWasUpdated`, `a`.`secondPart`, `a`.`startHour`, `a`.`statusWasChecked`, `a`.`statusWasUpdated`, `a`.`stretchingStatus`, `a`.`tarChangeApp`, `a`.`timeRangeIsSet`, `a`.`urgent`, `a`.`year`, `a0`.`Id`, `a0`.`blackoutGroup`, `a0`.`building`, `a0`.`districtname`, `a0`.`equipmentAccess`, `a0`.`streetName`
FROM `applications` AS `a`
LEFT JOIN `addresses` AS `a0` ON `a`.`addressId` = `a0`.`Id`
WHERE `a`.`id` = @__entity_id_0
LIMIT 1
2025-06-07T09:44:00.5163939+03:00	INFO	[ZAK.DA.ApplicationRepository]	[0]	Updating application: ZAK.DA.Application
2025-06-07T09:44:00.5446889+03:00	INFO	[ZAK.DA.ApplicationRepository]	[0]	Updating application: ZAK.DA.Application
2025-06-07T09:44:00.5517444+03:00	INFO	[Microsoft.EntityFrameworkCore.Database.Command]	[Microsoft.EntityFrameworkCore.Database.Command.CommandExecuted]	Executed DbCommand (15ms) [Parameters=[@__entity_id_0='187085'], CommandType='Text', CommandTimeout='30']
SELECT `a`.`id`, `a`.`addresWasUpdated`, `a`.`addressId`, `a`.`day`, `a`.`endHour`, `a`.`firstPart`, `a`.`freeCable`, `a`.`ignored`, `a`.`important`, `a`.`inSchedule`, `a`.`masterComment`, `a`.`masterCommentWasUpdated`, `a`.`maxDaysForConnection`, `a`.`month`, `a`.`operatorComment`, `a`.`operatorCommentWasUpdated`, `a`.`secondPart`, `a`.`startHour`, `a`.`statusWasChecked`, `a`.`statusWasUpdated`, `a`.`stretchingStatus`, `a`.`tarChangeApp`, `a`.`timeRangeIsSet`, `a`.`urgent`, `a`.`year`, `a0`.`Id`, `a0`.`blackoutGroup`, `a0`.`building`, `a0`.`districtname`, `a0`.`equipmentAccess`, `a0`.`streetName`
FROM `applications` AS `a`
LEFT JOIN `addresses` AS `a0` ON `a`.`addressId` = `a0`.`Id`
WHERE `a`.`id` = @__entity_id_0
LIMIT 1
2025-06-07T09:44:00.5680526+03:00	INFO	[Microsoft.EntityFrameworkCore.Database.Command]	[Microsoft.EntityFrameworkCore.Database.Command.CommandExecuted]	Executed DbCommand (17ms) [Parameters=[@__entity_id_0='187085'], CommandType='Text', CommandTimeout='30']
SELECT `a`.`id`, `a`.`addresWasUpdated`, `a`.`addressId`, `a`.`day`, `a`.`endHour`, `a`.`firstPart`, `a`.`freeCable`, `a`.`ignored`, `a`.`important`, `a`.`inSchedule`, `a`.`masterComment`, `a`.`masterCommentWasUpdated`, `a`.`maxDaysForConnection`, `a`.`month`, `a`.`operatorComment`, `a`.`operatorCommentWasUpdated`, `a`.`secondPart`, `a`.`startHour`, `a`.`statusWasChecked`, `a`.`statusWasUpdated`, `a`.`stretchingStatus`, `a`.`tarChangeApp`, `a`.`timeRangeIsSet`, `a`.`urgent`, `a`.`year`, `a0`.`Id`, `a0`.`blackoutGroup`, `a0`.`building`, `a0`.`districtname`, `a0`.`equipmentAccess`, `a0`.`streetName`
FROM `applications` AS `a`
LEFT JOIN `addresses` AS `a0` ON `a`.`addressId` = `a0`.`Id`
WHERE `a`.`id` = @__entity_id_0
LIMIT 1
2025-06-07T09:44:00.5824583+03:00	INFO	[ZAK.DA.ApplicationRepository]	[0]	Updating application: ZAK.DA.Application
2025-06-07T09:44:00.5928992+03:00	INFO	[Microsoft.EntityFrameworkCore.Database.Command]	[Microsoft.EntityFrameworkCore.Database.Command.CommandExecuted]	Executed DbCommand (4ms) [Parameters=[@__entity_id_0='187085'], CommandType='Text', CommandTimeout='30']
SELECT `a`.`id`, `a`.`addresWasUpdated`, `a`.`addressId`, `a`.`day`, `a`.`endHour`, `a`.`firstPart`, `a`.`freeCable`, `a`.`ignored`, `a`.`important`, `a`.`inSchedule`, `a`.`masterComment`, `a`.`masterCommentWasUpdated`, `a`.`maxDaysForConnection`, `a`.`month`, `a`.`operatorComment`, `a`.`operatorCommentWasUpdated`, `a`.`secondPart`, `a`.`startHour`, `a`.`statusWasChecked`, `a`.`statusWasUpdated`, `a`.`stretchingStatus`, `a`.`tarChangeApp`, `a`.`timeRangeIsSet`, `a`.`urgent`, `a`.`year`, `a0`.`Id`, `a0`.`blackoutGroup`, `a0`.`building`, `a0`.`districtname`, `a0`.`equipmentAccess`, `a0`.`streetName`
FROM `applications` AS `a`
LEFT JOIN `addresses` AS `a0` ON `a`.`addressId` = `a0`.`Id`
WHERE `a`.`id` = @__entity_id_0
LIMIT 1
2025-06-07T09:44:00.6051868+03:00	INFO	[ZAK.DA.ApplicationRepository]	[0]	Updating application: ZAK.DA.Application
2025-06-07T09:44:00.6202346+03:00	INFO	[Microsoft.EntityFrameworkCore.Database.Command]	[Microsoft.EntityFrameworkCore.Database.Command.CommandExecuted]	Executed DbCommand (8ms) [Parameters=[@__entity_id_0='187085'], CommandType='Text', CommandTimeout='30']
SELECT `a`.`id`, `a`.`addresWasUpdated`, `a`.`addressId`, `a`.`day`, `a`.`endHour`, `a`.`firstPart`, `a`.`freeCable`, `a`.`ignored`, `a`.`important`, `a`.`inSchedule`, `a`.`masterComment`, `a`.`masterCommentWasUpdated`, `a`.`maxDaysForConnection`, `a`.`month`, `a`.`operatorComment`, `a`.`operatorCommentWasUpdated`, `a`.`secondPart`, `a`.`startHour`, `a`.`statusWasChecked`, `a`.`statusWasUpdated`, `a`.`stretchingStatus`, `a`.`tarChangeApp`, `a`.`timeRangeIsSet`, `a`.`urgent`, `a`.`year`, `a0`.`Id`, `a0`.`blackoutGroup`, `a0`.`building`, `a0`.`districtname`, `a0`.`equipmentAccess`, `a0`.`streetName`
FROM `applications` AS `a`
LEFT JOIN `addresses` AS `a0` ON `a`.`addressId` = `a0`.`Id`
WHERE `a`.`id` = @__entity_id_0
LIMIT 1
2025-06-07T09:44:00.6302109+03:00	INFO	[ZAK.DA.ApplicationRepository]	[0]	Updating application: ZAK.DA.Application
2025-06-07T09:44:00.6458420+03:00	INFO	[Microsoft.EntityFrameworkCore.Database.Command]	[Microsoft.EntityFrameworkCore.Database.Command.CommandExecuted]	Executed DbCommand (5ms) [Parameters=[@__entity_id_0='187085'], CommandType='Text', CommandTimeout='30']
SELECT `a`.`id`, `a`.`addresWasUpdated`, `a`.`addressId`, `a`.`day`, `a`.`endHour`, `a`.`firstPart`, `a`.`freeCable`, `a`.`ignored`, `a`.`important`, `a`.`inSchedule`, `a`.`masterComment`, `a`.`masterCommentWasUpdated`, `a`.`maxDaysForConnection`, `a`.`month`, `a`.`operatorComment`, `a`.`operatorCommentWasUpdated`, `a`.`secondPart`, `a`.`startHour`, `a`.`statusWasChecked`, `a`.`statusWasUpdated`, `a`.`stretchingStatus`, `a`.`tarChangeApp`, `a`.`timeRangeIsSet`, `a`.`urgent`, `a`.`year`, `a0`.`Id`, `a0`.`blackoutGroup`, `a0`.`building`, `a0`.`districtname`, `a0`.`equipmentAccess`, `a0`.`streetName`
FROM `applications` AS `a`
LEFT JOIN `addresses` AS `a0` ON `a`.`addressId` = `a0`.`Id`
WHERE `a`.`id` = @__entity_id_0
LIMIT 1
2025-06-07T09:44:00.6602862+03:00	INFO	[ZAK.DA.ApplicationRepository]	[0]	Updating application: ZAK.DA.Application
2025-06-07T09:44:00.6757432+03:00	INFO	[Microsoft.EntityFrameworkCore.Database.Command]	[Microsoft.EntityFrameworkCore.Database.Command.CommandExecuted]	Executed DbCommand (9ms) [Parameters=[@__entity_id_0='187085'], CommandType='Text', CommandTimeout='30']
SELECT `a`.`id`, `a`.`addresWasUpdated`, `a`.`addressId`, `a`.`day`, `a`.`endHour`, `a`.`firstPart`, `a`.`freeCable`, `a`.`ignored`, `a`.`important`, `a`.`inSchedule`, `a`.`masterComment`, `a`.`masterCommentWasUpdated`, `a`.`maxDaysForConnection`, `a`.`month`, `a`.`operatorComment`, `a`.`operatorCommentWasUpdated`, `a`.`secondPart`, `a`.`startHour`, `a`.`statusWasChecked`, `a`.`statusWasUpdated`, `a`.`stretchingStatus`, `a`.`tarChangeApp`, `a`.`timeRangeIsSet`, `a`.`urgent`, `a`.`year`, `a0`.`Id`, `a0`.`blackoutGroup`, `a0`.`building`, `a0`.`districtname`, `a0`.`equipmentAccess`, `a0`.`streetName`
FROM `applications` AS `a`
LEFT JOIN `addresses` AS `a0` ON `a`.`addressId` = `a0`.`Id`
WHERE `a`.`id` = @__entity_id_0
LIMIT 1
2025-06-07T09:44:00.6829275+03:00	INFO	[ZAK.DA.ApplicationRepository]	[0]	Updating application: ZAK.DA.Application
2025-06-07T09:44:00.6915120+03:00	INFO	[Microsoft.EntityFrameworkCore.Database.Command]	[Microsoft.EntityFrameworkCore.Database.Command.CommandExecuted]	Executed DbCommand (3ms) [Parameters=[@__entity_id_0='187085'], CommandType='Text', CommandTimeout='30']
SELECT `a`.`id`, `a`.`addresWasUpdated`, `a`.`addressId`, `a`.`day`, `a`.`endHour`, `a`.`firstPart`, `a`.`freeCable`, `a`.`ignored`, `a`.`important`, `a`.`inSchedule`, `a`.`masterComment`, `a`.`masterCommentWasUpdated`, `a`.`maxDaysForConnection`, `a`.`month`, `a`.`operatorComment`, `a`.`operatorCommentWasUpdated`, `a`.`secondPart`, `a`.`startHour`, `a`.`statusWasChecked`, `a`.`statusWasUpdated`, `a`.`stretchingStatus`, `a`.`tarChangeApp`, `a`.`timeRangeIsSet`, `a`.`urgent`, `a`.`year`, `a0`.`Id`, `a0`.`blackoutGroup`, `a0`.`building`, `a0`.`districtname`, `a0`.`equipmentAccess`, `a0`.`streetName`
FROM `applications` AS `a`
LEFT JOIN `addresses` AS `a0` ON `a`.`addressId` = `a0`.`Id`
WHERE `a`.`id` = @__entity_id_0
LIMIT 1
2025-06-07T09:44:00.7093784+03:00	INFO	[ZAK.DA.ApplicationRepository]	[0]	Updating application: ZAK.DA.Application
2025-06-07T09:44:00.7173506+03:00	INFO	[Microsoft.EntityFrameworkCore.Database.Command]	[Microsoft.EntityFrameworkCore.Database.Command.CommandExecuted]	Executed DbCommand (3ms) [Parameters=[@__entity_id_0='187085'], CommandType='Text', CommandTimeout='30']
SELECT `a`.`id`, `a`.`addresWasUpdated`, `a`.`addressId`, `a`.`day`, `a`.`endHour`, `a`.`firstPart`, `a`.`freeCable`, `a`.`ignored`, `a`.`important`, `a`.`inSchedule`, `a`.`masterComment`, `a`.`masterCommentWasUpdated`, `a`.`maxDaysForConnection`, `a`.`month`, `a`.`operatorComment`, `a`.`operatorCommentWasUpdated`, `a`.`secondPart`, `a`.`startHour`, `a`.`statusWasChecked`, `a`.`statusWasUpdated`, `a`.`stretchingStatus`, `a`.`tarChangeApp`, `a`.`timeRangeIsSet`, `a`.`urgent`, `a`.`year`, `a0`.`Id`, `a0`.`blackoutGroup`, `a0`.`building`, `a0`.`districtname`, `a0`.`equipmentAccess`, `a0`.`streetName`
FROM `applications` AS `a`
LEFT JOIN `addresses` AS `a0` ON `a`.`addressId` = `a0`.`Id`
WHERE `a`.`id` = @__entity_id_0
LIMIT 1
2025-06-07T09:44:00.7280235+03:00	INFO	[ZAK.DA.ApplicationRepository]	[0]	Updating application: ZAK.DA.Application
2025-06-07T09:44:00.7459974+03:00	INFO	[Microsoft.EntityFrameworkCore.Database.Command]	[Microsoft.EntityFrameworkCore.Database.Command.CommandExecuted]	Executed DbCommand (7ms) [Parameters=[@__entity_id_0='187085'], CommandType='Text', CommandTimeout='30']
SELECT `a`.`id`, `a`.`addresWasUpdated`, `a`.`addressId`, `a`.`day`, `a`.`endHour`, `a`.`firstPart`, `a`.`freeCable`, `a`.`ignored`, `a`.`important`, `a`.`inSchedule`, `a`.`masterComment`, `a`.`masterCommentWasUpdated`, `a`.`maxDaysForConnection`, `a`.`month`, `a`.`operatorComment`, `a`.`operatorCommentWasUpdated`, `a`.`secondPart`, `a`.`startHour`, `a`.`statusWasChecked`, `a`.`statusWasUpdated`, `a`.`stretchingStatus`, `a`.`tarChangeApp`, `a`.`timeRangeIsSet`, `a`.`urgent`, `a`.`year`, `a0`.`Id`, `a0`.`blackoutGroup`, `a0`.`building`, `a0`.`districtname`, `a0`.`equipmentAccess`, `a0`.`streetName`
FROM `applications` AS `a`
LEFT JOIN `addresses` AS `a0` ON `a`.`addressId` = `a0`.`Id`
WHERE `a`.`id` = @__entity_id_0
LIMIT 1
2025-06-07T09:44:00.7506745+03:00	INFO	[ZAK.DA.ApplicationRepository]	[0]	Updating application: ZAK.DA.Application
2025-06-07T09:44:00.7712220+03:00	INFO	[ZAK.DA.ApplicationRepository]	[0]	Updating application: ZAK.DA.Application
2025-06-07T09:44:00.7724836+03:00	INFO	[Microsoft.EntityFrameworkCore.Database.Command]	[Microsoft.EntityFrameworkCore.Database.Command.CommandExecuted]	Executed DbCommand (15ms) [Parameters=[@__entity_id_0='187085'], CommandType='Text', CommandTimeout='30']
SELECT `a`.`id`, `a`.`addresWasUpdated`, `a`.`addressId`, `a`.`day`, `a`.`endHour`, `a`.`firstPart`, `a`.`freeCable`, `a`.`ignored`, `a`.`important`, `a`.`inSchedule`, `a`.`masterComment`, `a`.`masterCommentWasUpdated`, `a`.`maxDaysForConnection`, `a`.`month`, `a`.`operatorComment`, `a`.`operatorCommentWasUpdated`, `a`.`secondPart`, `a`.`startHour`, `a`.`statusWasChecked`, `a`.`statusWasUpdated`, `a`.`stretchingStatus`, `a`.`tarChangeApp`, `a`.`timeRangeIsSet`, `a`.`urgent`, `a`.`year`, `a0`.`Id`, `a0`.`blackoutGroup`, `a0`.`building`, `a0`.`districtname`, `a0`.`equipmentAccess`, `a0`.`streetName`
FROM `applications` AS `a`
LEFT JOIN `addresses` AS `a0` ON `a`.`addressId` = `a0`.`Id`
WHERE `a`.`id` = @__entity_id_0
LIMIT 1
2025-06-07T09:44:00.7853809+03:00	INFO	[Microsoft.EntityFrameworkCore.Database.Command]	[Microsoft.EntityFrameworkCore.Database.Command.CommandExecuted]	Executed DbCommand (9ms) [Parameters=[@__entity_id_0='187085'], CommandType='Text', CommandTimeout='30']
SELECT `a`.`id`, `a`.`addresWasUpdated`, `a`.`addressId`, `a`.`day`, `a`.`endHour`, `a`.`firstPart`, `a`.`freeCable`, `a`.`ignored`, `a`.`important`, `a`.`inSchedule`, `a`.`masterComment`, `a`.`masterCommentWasUpdated`, `a`.`maxDaysForConnection`, `a`.`month`, `a`.`operatorComment`, `a`.`operatorCommentWasUpdated`, `a`.`secondPart`, `a`.`startHour`, `a`.`statusWasChecked`, `a`.`statusWasUpdated`, `a`.`stretchingStatus`, `a`.`tarChangeApp`, `a`.`timeRangeIsSet`, `a`.`urgent`, `a`.`year`, `a0`.`Id`, `a0`.`blackoutGroup`, `a0`.`building`, `a0`.`districtname`, `a0`.`equipmentAccess`, `a0`.`streetName`
FROM `applications` AS `a`
LEFT JOIN `addresses` AS `a0` ON `a`.`addressId` = `a0`.`Id`
WHERE `a`.`id` = @__entity_id_0
LIMIT 1
2025-06-07T09:44:00.7860543+03:00	INFO	[ZAK.DA.ApplicationRepository]	[0]	Updating application: ZAK.DA.Application
2025-06-07T09:44:00.7994257+03:00	INFO	[ZAK.DA.ApplicationRepository]	[0]	Updating application: ZAK.DA.Application
2025-06-07T09:44:00.8016483+03:00	INFO	[Microsoft.EntityFrameworkCore.Database.Command]	[Microsoft.EntityFrameworkCore.Database.Command.CommandExecuted]	Executed DbCommand (11ms) [Parameters=[@__entity_id_0='187085'], CommandType='Text', CommandTimeout='30']
SELECT `a`.`id`, `a`.`addresWasUpdated`, `a`.`addressId`, `a`.`day`, `a`.`endHour`, `a`.`firstPart`, `a`.`freeCable`, `a`.`ignored`, `a`.`important`, `a`.`inSchedule`, `a`.`masterComment`, `a`.`masterCommentWasUpdated`, `a`.`maxDaysForConnection`, `a`.`month`, `a`.`operatorComment`, `a`.`operatorCommentWasUpdated`, `a`.`secondPart`, `a`.`startHour`, `a`.`statusWasChecked`, `a`.`statusWasUpdated`, `a`.`stretchingStatus`, `a`.`tarChangeApp`, `a`.`timeRangeIsSet`, `a`.`urgent`, `a`.`year`, `a0`.`Id`, `a0`.`blackoutGroup`, `a0`.`building`, `a0`.`districtname`, `a0`.`equipmentAccess`, `a0`.`streetName`
FROM `applications` AS `a`
LEFT JOIN `addresses` AS `a0` ON `a`.`addressId` = `a0`.`Id`
WHERE `a`.`id` = @__entity_id_0
LIMIT 1
2025-06-07T09:44:00.8184206+03:00	INFO	[Microsoft.EntityFrameworkCore.Database.Command]	[Microsoft.EntityFrameworkCore.Database.Command.CommandExecuted]	Executed DbCommand (10ms) [Parameters=[@__entity_id_0='187085'], CommandType='Text', CommandTimeout='30']
SELECT `a`.`id`, `a`.`addresWasUpdated`, `a`.`addressId`, `a`.`day`, `a`.`endHour`, `a`.`firstPart`, `a`.`freeCable`, `a`.`ignored`, `a`.`important`, `a`.`inSchedule`, `a`.`masterComment`, `a`.`masterCommentWasUpdated`, `a`.`maxDaysForConnection`, `a`.`month`, `a`.`operatorComment`, `a`.`operatorCommentWasUpdated`, `a`.`secondPart`, `a`.`startHour`, `a`.`statusWasChecked`, `a`.`statusWasUpdated`, `a`.`stretchingStatus`, `a`.`tarChangeApp`, `a`.`timeRangeIsSet`, `a`.`urgent`, `a`.`year`, `a0`.`Id`, `a0`.`blackoutGroup`, `a0`.`building`, `a0`.`districtname`, `a0`.`equipmentAccess`, `a0`.`streetName`
FROM `applications` AS `a`
LEFT JOIN `addresses` AS `a0` ON `a`.`addressId` = `a0`.`Id`
WHERE `a`.`id` = @__entity_id_0
LIMIT 1
2025-06-07T09:44:00.8261520+03:00	INFO	[ZAK.DA.ApplicationRepository]	[0]	Updating application: ZAK.DA.Application
2025-06-07T09:44:00.8464123+03:00	INFO	[ZAK.DA.ApplicationRepository]	[0]	Updating application: ZAK.DA.Application
2025-06-07T09:44:00.8502921+03:00	INFO	[Microsoft.EntityFrameworkCore.Database.Command]	[Microsoft.EntityFrameworkCore.Database.Command.CommandExecuted]	Executed DbCommand (14ms) [Parameters=[@__entity_id_0='187085'], CommandType='Text', CommandTimeout='30']
SELECT `a`.`id`, `a`.`addresWasUpdated`, `a`.`addressId`, `a`.`day`, `a`.`endHour`, `a`.`firstPart`, `a`.`freeCable`, `a`.`ignored`, `a`.`important`, `a`.`inSchedule`, `a`.`masterComment`, `a`.`masterCommentWasUpdated`, `a`.`maxDaysForConnection`, `a`.`month`, `a`.`operatorComment`, `a`.`operatorCommentWasUpdated`, `a`.`secondPart`, `a`.`startHour`, `a`.`statusWasChecked`, `a`.`statusWasUpdated`, `a`.`stretchingStatus`, `a`.`tarChangeApp`, `a`.`timeRangeIsSet`, `a`.`urgent`, `a`.`year`, `a0`.`Id`, `a0`.`blackoutGroup`, `a0`.`building`, `a0`.`districtname`, `a0`.`equipmentAccess`, `a0`.`streetName`
FROM `applications` AS `a`
LEFT JOIN `addresses` AS `a0` ON `a`.`addressId` = `a0`.`Id`
WHERE `a`.`id` = @__entity_id_0
LIMIT 1
2025-06-07T09:44:00.8688154+03:00	INFO	[Microsoft.EntityFrameworkCore.Database.Command]	[Microsoft.EntityFrameworkCore.Database.Command.CommandExecuted]	Executed DbCommand (13ms) [Parameters=[@__entity_id_0='187085'], CommandType='Text', CommandTimeout='30']
SELECT `a`.`id`, `a`.`addresWasUpdated`, `a`.`addressId`, `a`.`day`, `a`.`endHour`, `a`.`firstPart`, `a`.`freeCable`, `a`.`ignored`, `a`.`important`, `a`.`inSchedule`, `a`.`masterComment`, `a`.`masterCommentWasUpdated`, `a`.`maxDaysForConnection`, `a`.`month`, `a`.`operatorComment`, `a`.`operatorCommentWasUpdated`, `a`.`secondPart`, `a`.`startHour`, `a`.`statusWasChecked`, `a`.`statusWasUpdated`, `a`.`stretchingStatus`, `a`.`tarChangeApp`, `a`.`timeRangeIsSet`, `a`.`urgent`, `a`.`year`, `a0`.`Id`, `a0`.`blackoutGroup`, `a0`.`building`, `a0`.`districtname`, `a0`.`equipmentAccess`, `a0`.`streetName`
FROM `applications` AS `a`
LEFT JOIN `addresses` AS `a0` ON `a`.`addressId` = `a0`.`Id`
WHERE `a`.`id` = @__entity_id_0
LIMIT 1
2025-06-07T09:44:00.8738514+03:00	INFO	[ZAK.DA.ApplicationRepository]	[0]	Updating application: ZAK.DA.Application
2025-06-07T09:44:00.8929266+03:00	INFO	[Microsoft.EntityFrameworkCore.Database.Command]	[Microsoft.EntityFrameworkCore.Database.Command.CommandExecuted]	Executed DbCommand (4ms) [Parameters=[@__entity_id_0='187085'], CommandType='Text', CommandTimeout='30']
SELECT `a`.`id`, `a`.`addresWasUpdated`, `a`.`addressId`, `a`.`day`, `a`.`endHour`, `a`.`firstPart`, `a`.`freeCable`, `a`.`ignored`, `a`.`important`, `a`.`inSchedule`, `a`.`masterComment`, `a`.`masterCommentWasUpdated`, `a`.`maxDaysForConnection`, `a`.`month`, `a`.`operatorComment`, `a`.`operatorCommentWasUpdated`, `a`.`secondPart`, `a`.`startHour`, `a`.`statusWasChecked`, `a`.`statusWasUpdated`, `a`.`stretchingStatus`, `a`.`tarChangeApp`, `a`.`timeRangeIsSet`, `a`.`urgent`, `a`.`year`, `a0`.`Id`, `a0`.`blackoutGroup`, `a0`.`building`, `a0`.`districtname`, `a0`.`equipmentAccess`, `a0`.`streetName`
FROM `applications` AS `a`
LEFT JOIN `addresses` AS `a0` ON `a`.`addressId` = `a0`.`Id`
WHERE `a`.`id` = @__entity_id_0
LIMIT 1
2025-06-07T09:44:00.8986068+03:00	INFO	[ZAK.DA.ApplicationRepository]	[0]	Updating application: ZAK.DA.Application
2025-06-07T09:44:00.9089152+03:00	INFO	[Microsoft.EntityFrameworkCore.Database.Command]	[Microsoft.EntityFrameworkCore.Database.Command.CommandExecuted]	Executed DbCommand (3ms) [Parameters=[@__entity_id_0='187085'], CommandType='Text', CommandTimeout='30']
SELECT `a`.`id`, `a`.`addresWasUpdated`, `a`.`addressId`, `a`.`day`, `a`.`endHour`, `a`.`firstPart`, `a`.`freeCable`, `a`.`ignored`, `a`.`important`, `a`.`inSchedule`, `a`.`masterComment`, `a`.`masterCommentWasUpdated`, `a`.`maxDaysForConnection`, `a`.`month`, `a`.`operatorComment`, `a`.`operatorCommentWasUpdated`, `a`.`secondPart`, `a`.`startHour`, `a`.`statusWasChecked`, `a`.`statusWasUpdated`, `a`.`stretchingStatus`, `a`.`tarChangeApp`, `a`.`timeRangeIsSet`, `a`.`urgent`, `a`.`year`, `a0`.`Id`, `a0`.`blackoutGroup`, `a0`.`building`, `a0`.`districtname`, `a0`.`equipmentAccess`, `a0`.`streetName`
FROM `applications` AS `a`
LEFT JOIN `addresses` AS `a0` ON `a`.`addressId` = `a0`.`Id`
WHERE `a`.`id` = @__entity_id_0
LIMIT 1
2025-06-07T09:44:00.9207083+03:00	INFO	[ZAK.DA.ApplicationRepository]	[0]	Updating application: ZAK.DA.Application
2025-06-07T09:44:00.9356599+03:00	INFO	[Microsoft.EntityFrameworkCore.Database.Command]	[Microsoft.EntityFrameworkCore.Database.Command.CommandExecuted]	Executed DbCommand (4ms) [Parameters=[@__entity_id_0='187085'], CommandType='Text', CommandTimeout='30']
SELECT `a`.`id`, `a`.`addresWasUpdated`, `a`.`addressId`, `a`.`day`, `a`.`endHour`, `a`.`firstPart`, `a`.`freeCable`, `a`.`ignored`, `a`.`important`, `a`.`inSchedule`, `a`.`masterComment`, `a`.`masterCommentWasUpdated`, `a`.`maxDaysForConnection`, `a`.`month`, `a`.`operatorComment`, `a`.`operatorCommentWasUpdated`, `a`.`secondPart`, `a`.`startHour`, `a`.`statusWasChecked`, `a`.`statusWasUpdated`, `a`.`stretchingStatus`, `a`.`tarChangeApp`, `a`.`timeRangeIsSet`, `a`.`urgent`, `a`.`year`, `a0`.`Id`, `a0`.`blackoutGroup`, `a0`.`building`, `a0`.`districtname`, `a0`.`equipmentAccess`, `a0`.`streetName`
FROM `applications` AS `a`
LEFT JOIN `addresses` AS `a0` ON `a`.`addressId` = `a0`.`Id`
WHERE `a`.`id` = @__entity_id_0
LIMIT 1
2025-06-07T09:44:00.9433448+03:00	INFO	[ZAK.DA.ApplicationRepository]	[0]	Updating application: ZAK.DA.Application
2025-06-07T09:44:00.9535897+03:00	INFO	[Microsoft.EntityFrameworkCore.Database.Command]	[Microsoft.EntityFrameworkCore.Database.Command.CommandExecuted]	Executed DbCommand (5ms) [Parameters=[@__entity_id_0='187085'], CommandType='Text', CommandTimeout='30']
SELECT `a`.`id`, `a`.`addresWasUpdated`, `a`.`addressId`, `a`.`day`, `a`.`endHour`, `a`.`firstPart`, `a`.`freeCable`, `a`.`ignored`, `a`.`important`, `a`.`inSchedule`, `a`.`masterComment`, `a`.`masterCommentWasUpdated`, `a`.`maxDaysForConnection`, `a`.`month`, `a`.`operatorComment`, `a`.`operatorCommentWasUpdated`, `a`.`secondPart`, `a`.`startHour`, `a`.`statusWasChecked`, `a`.`statusWasUpdated`, `a`.`stretchingStatus`, `a`.`tarChangeApp`, `a`.`timeRangeIsSet`, `a`.`urgent`, `a`.`year`, `a0`.`Id`, `a0`.`blackoutGroup`, `a0`.`building`, `a0`.`districtname`, `a0`.`equipmentAccess`, `a0`.`streetName`
FROM `applications` AS `a`
LEFT JOIN `addresses` AS `a0` ON `a`.`addressId` = `a0`.`Id`
WHERE `a`.`id` = @__entity_id_0
LIMIT 1
2025-06-07T09:44:00.9665225+03:00	INFO	[ZAK.DA.ApplicationRepository]	[0]	Updating application: ZAK.DA.Application
2025-06-07T09:44:00.9934808+03:00	INFO	[ZAK.DA.ApplicationRepository]	[0]	Updating application: ZAK.DA.Application
2025-06-07T09:44:01.0071690+03:00	INFO	[Microsoft.EntityFrameworkCore.Database.Command]	[Microsoft.EntityFrameworkCore.Database.Command.CommandExecuted]	Executed DbCommand (14ms) [Parameters=[@__entity_id_0='187085'], CommandType='Text', CommandTimeout='30']
SELECT `a`.`id`, `a`.`addresWasUpdated`, `a`.`addressId`, `a`.`day`, `a`.`endHour`, `a`.`firstPart`, `a`.`freeCable`, `a`.`ignored`, `a`.`important`, `a`.`inSchedule`, `a`.`masterComment`, `a`.`masterCommentWasUpdated`, `a`.`maxDaysForConnection`, `a`.`month`, `a`.`operatorComment`, `a`.`operatorCommentWasUpdated`, `a`.`secondPart`, `a`.`startHour`, `a`.`statusWasChecked`, `a`.`statusWasUpdated`, `a`.`stretchingStatus`, `a`.`tarChangeApp`, `a`.`timeRangeIsSet`, `a`.`urgent`, `a`.`year`, `a0`.`Id`, `a0`.`blackoutGroup`, `a0`.`building`, `a0`.`districtname`, `a0`.`equipmentAccess`, `a0`.`streetName`
FROM `applications` AS `a`
LEFT JOIN `addresses` AS `a0` ON `a`.`addressId` = `a0`.`Id`
WHERE `a`.`id` = @__entity_id_0
LIMIT 1
2025-06-07T09:44:01.0166152+03:00	INFO	[ZAK.DA.ApplicationRepository]	[0]	Updating application: ZAK.DA.Application
2025-06-07T09:44:01.0211703+03:00	INFO	[Microsoft.EntityFrameworkCore.Database.Command]	[Microsoft.EntityFrameworkCore.Database.Command.CommandExecuted]	Executed DbCommand (15ms) [Parameters=[@__entity_id_0='187085'], CommandType='Text', CommandTimeout='30']
SELECT `a`.`id`, `a`.`addresWasUpdated`, `a`.`addressId`, `a`.`day`, `a`.`endHour`, `a`.`firstPart`, `a`.`freeCable`, `a`.`ignored`, `a`.`important`, `a`.`inSchedule`, `a`.`masterComment`, `a`.`masterCommentWasUpdated`, `a`.`maxDaysForConnection`, `a`.`month`, `a`.`operatorComment`, `a`.`operatorCommentWasUpdated`, `a`.`secondPart`, `a`.`startHour`, `a`.`statusWasChecked`, `a`.`statusWasUpdated`, `a`.`stretchingStatus`, `a`.`tarChangeApp`, `a`.`timeRangeIsSet`, `a`.`urgent`, `a`.`year`, `a0`.`Id`, `a0`.`blackoutGroup`, `a0`.`building`, `a0`.`districtname`, `a0`.`equipmentAccess`, `a0`.`streetName`
FROM `applications` AS `a`
LEFT JOIN `addresses` AS `a0` ON `a`.`addressId` = `a0`.`Id`
WHERE `a`.`id` = @__entity_id_0
LIMIT 1
2025-06-07T09:44:01.0284501+03:00	INFO	[Microsoft.EntityFrameworkCore.Database.Command]	[Microsoft.EntityFrameworkCore.Database.Command.CommandExecuted]	Executed DbCommand (4ms) [Parameters=[@__entity_id_0='187085'], CommandType='Text', CommandTimeout='30']
SELECT `a`.`id`, `a`.`addresWasUpdated`, `a`.`addressId`, `a`.`day`, `a`.`endHour`, `a`.`firstPart`, `a`.`freeCable`, `a`.`ignored`, `a`.`important`, `a`.`inSchedule`, `a`.`masterComment`, `a`.`masterCommentWasUpdated`, `a`.`maxDaysForConnection`, `a`.`month`, `a`.`operatorComment`, `a`.`operatorCommentWasUpdated`, `a`.`secondPart`, `a`.`startHour`, `a`.`statusWasChecked`, `a`.`statusWasUpdated`, `a`.`stretchingStatus`, `a`.`tarChangeApp`, `a`.`timeRangeIsSet`, `a`.`urgent`, `a`.`year`, `a0`.`Id`, `a0`.`blackoutGroup`, `a0`.`building`, `a0`.`districtname`, `a0`.`equipmentAccess`, `a0`.`streetName`
FROM `applications` AS `a`
LEFT JOIN `addresses` AS `a0` ON `a`.`addressId` = `a0`.`Id`
WHERE `a`.`id` = @__entity_id_0
LIMIT 1
2025-06-07T09:44:01.0331488+03:00	INFO	[ZAK.DA.ApplicationRepository]	[0]	Updating application: ZAK.DA.Application
2025-06-07T09:44:01.0516791+03:00	INFO	[ZAK.DA.ApplicationRepository]	[0]	Updating application: ZAK.DA.Application
2025-06-07T09:44:01.0543056+03:00	INFO	[Microsoft.EntityFrameworkCore.Database.Command]	[Microsoft.EntityFrameworkCore.Database.Command.CommandExecuted]	Executed DbCommand (4ms) [Parameters=[@__entity_id_0='187085'], CommandType='Text', CommandTimeout='30']
SELECT `a`.`id`, `a`.`addresWasUpdated`, `a`.`addressId`, `a`.`day`, `a`.`endHour`, `a`.`firstPart`, `a`.`freeCable`, `a`.`ignored`, `a`.`important`, `a`.`inSchedule`, `a`.`masterComment`, `a`.`masterCommentWasUpdated`, `a`.`maxDaysForConnection`, `a`.`month`, `a`.`operatorComment`, `a`.`operatorCommentWasUpdated`, `a`.`secondPart`, `a`.`startHour`, `a`.`statusWasChecked`, `a`.`statusWasUpdated`, `a`.`stretchingStatus`, `a`.`tarChangeApp`, `a`.`timeRangeIsSet`, `a`.`urgent`, `a`.`year`, `a0`.`Id`, `a0`.`blackoutGroup`, `a0`.`building`, `a0`.`districtname`, `a0`.`equipmentAccess`, `a0`.`streetName`
FROM `applications` AS `a`
LEFT JOIN `addresses` AS `a0` ON `a`.`addressId` = `a0`.`Id`
WHERE `a`.`id` = @__entity_id_0
LIMIT 1
2025-06-07T09:44:01.0641913+03:00	INFO	[Microsoft.EntityFrameworkCore.Database.Command]	[Microsoft.EntityFrameworkCore.Database.Command.CommandExecuted]	Executed DbCommand (3ms) [Parameters=[@__entity_id_0='187085'], CommandType='Text', CommandTimeout='30']
SELECT `a`.`id`, `a`.`addresWasUpdated`, `a`.`addressId`, `a`.`day`, `a`.`endHour`, `a`.`firstPart`, `a`.`freeCable`, `a`.`ignored`, `a`.`important`, `a`.`inSchedule`, `a`.`masterComment`, `a`.`masterCommentWasUpdated`, `a`.`maxDaysForConnection`, `a`.`month`, `a`.`operatorComment`, `a`.`operatorCommentWasUpdated`, `a`.`secondPart`, `a`.`startHour`, `a`.`statusWasChecked`, `a`.`statusWasUpdated`, `a`.`stretchingStatus`, `a`.`tarChangeApp`, `a`.`timeRangeIsSet`, `a`.`urgent`, `a`.`year`, `a0`.`Id`, `a0`.`blackoutGroup`, `a0`.`building`, `a0`.`districtname`, `a0`.`equipmentAccess`, `a0`.`streetName`
FROM `applications` AS `a`
LEFT JOIN `addresses` AS `a0` ON `a`.`addressId` = `a0`.`Id`
WHERE `a`.`id` = @__entity_id_0
LIMIT 1
2025-06-07T09:44:01.0742445+03:00	INFO	[ZAK.DA.ApplicationRepository]	[0]	Updating application: ZAK.DA.Application
2025-06-07T09:44:01.0936785+03:00	INFO	[Microsoft.EntityFrameworkCore.Database.Command]	[Microsoft.EntityFrameworkCore.Database.Command.CommandExecuted]	Executed DbCommand (5ms) [Parameters=[@__entity_id_0='187085'], CommandType='Text', CommandTimeout='30']
SELECT `a`.`id`, `a`.`addresWasUpdated`, `a`.`addressId`, `a`.`day`, `a`.`endHour`, `a`.`firstPart`, `a`.`freeCable`, `a`.`ignored`, `a`.`important`, `a`.`inSchedule`, `a`.`masterComment`, `a`.`masterCommentWasUpdated`, `a`.`maxDaysForConnection`, `a`.`month`, `a`.`operatorComment`, `a`.`operatorCommentWasUpdated`, `a`.`secondPart`, `a`.`startHour`, `a`.`statusWasChecked`, `a`.`statusWasUpdated`, `a`.`stretchingStatus`, `a`.`tarChangeApp`, `a`.`timeRangeIsSet`, `a`.`urgent`, `a`.`year`, `a0`.`Id`, `a0`.`blackoutGroup`, `a0`.`building`, `a0`.`districtname`, `a0`.`equipmentAccess`, `a0`.`streetName`
FROM `applications` AS `a`
LEFT JOIN `addresses` AS `a0` ON `a`.`addressId` = `a0`.`Id`
WHERE `a`.`id` = @__entity_id_0
LIMIT 1
2025-06-07T09:44:01.1002166+03:00	INFO	[ZAK.DA.ApplicationRepository]	[0]	Updating application: ZAK.DA.Application
2025-06-07T09:44:01.1086571+03:00	INFO	[Microsoft.EntityFrameworkCore.Database.Command]	[Microsoft.EntityFrameworkCore.Database.Command.CommandExecuted]	Executed DbCommand (3ms) [Parameters=[@__entity_id_0='187085'], CommandType='Text', CommandTimeout='30']
SELECT `a`.`id`, `a`.`addresWasUpdated`, `a`.`addressId`, `a`.`day`, `a`.`endHour`, `a`.`firstPart`, `a`.`freeCable`, `a`.`ignored`, `a`.`important`, `a`.`inSchedule`, `a`.`masterComment`, `a`.`masterCommentWasUpdated`, `a`.`maxDaysForConnection`, `a`.`month`, `a`.`operatorComment`, `a`.`operatorCommentWasUpdated`, `a`.`secondPart`, `a`.`startHour`, `a`.`statusWasChecked`, `a`.`statusWasUpdated`, `a`.`stretchingStatus`, `a`.`tarChangeApp`, `a`.`timeRangeIsSet`, `a`.`urgent`, `a`.`year`, `a0`.`Id`, `a0`.`blackoutGroup`, `a0`.`building`, `a0`.`districtname`, `a0`.`equipmentAccess`, `a0`.`streetName`
FROM `applications` AS `a`
LEFT JOIN `addresses` AS `a0` ON `a`.`addressId` = `a0`.`Id`
WHERE `a`.`id` = @__entity_id_0
LIMIT 1
2025-06-07T09:44:01.1171555+03:00	INFO	[ZAK.DA.ApplicationRepository]	[0]	Updating application: ZAK.DA.Application
2025-06-07T09:44:01.1283195+03:00	INFO	[Microsoft.EntityFrameworkCore.Database.Command]	[Microsoft.EntityFrameworkCore.Database.Command.CommandExecuted]	Executed DbCommand (3ms) [Parameters=[@__entity_id_0='187085'], CommandType='Text', CommandTimeout='30']
SELECT `a`.`id`, `a`.`addresWasUpdated`, `a`.`addressId`, `a`.`day`, `a`.`endHour`, `a`.`firstPart`, `a`.`freeCable`, `a`.`ignored`, `a`.`important`, `a`.`inSchedule`, `a`.`masterComment`, `a`.`masterCommentWasUpdated`, `a`.`maxDaysForConnection`, `a`.`month`, `a`.`operatorComment`, `a`.`operatorCommentWasUpdated`, `a`.`secondPart`, `a`.`startHour`, `a`.`statusWasChecked`, `a`.`statusWasUpdated`, `a`.`stretchingStatus`, `a`.`tarChangeApp`, `a`.`timeRangeIsSet`, `a`.`urgent`, `a`.`year`, `a0`.`Id`, `a0`.`blackoutGroup`, `a0`.`building`, `a0`.`districtname`, `a0`.`equipmentAccess`, `a0`.`streetName`
FROM `applications` AS `a`
LEFT JOIN `addresses` AS `a0` ON `a`.`addressId` = `a0`.`Id`
WHERE `a`.`id` = @__entity_id_0
LIMIT 1
2025-06-07T09:44:01.1414726+03:00	INFO	[ZAK.DA.ApplicationRepository]	[0]	Updating application: ZAK.DA.Application
2025-06-07T09:44:01.1614572+03:00	INFO	[ZAK.DA.ApplicationRepository]	[0]	Updating application: ZAK.DA.Application
2025-06-07T09:44:01.1716489+03:00	INFO	[Microsoft.EntityFrameworkCore.Database.Command]	[Microsoft.EntityFrameworkCore.Database.Command.CommandExecuted]	Executed DbCommand (15ms) [Parameters=[@__entity_id_0='187085'], CommandType='Text', CommandTimeout='30']
SELECT `a`.`id`, `a`.`addresWasUpdated`, `a`.`addressId`, `a`.`day`, `a`.`endHour`, `a`.`firstPart`, `a`.`freeCable`, `a`.`ignored`, `a`.`important`, `a`.`inSchedule`, `a`.`masterComment`, `a`.`masterCommentWasUpdated`, `a`.`maxDaysForConnection`, `a`.`month`, `a`.`operatorComment`, `a`.`operatorCommentWasUpdated`, `a`.`secondPart`, `a`.`startHour`, `a`.`statusWasChecked`, `a`.`statusWasUpdated`, `a`.`stretchingStatus`, `a`.`tarChangeApp`, `a`.`timeRangeIsSet`, `a`.`urgent`, `a`.`year`, `a0`.`Id`, `a0`.`blackoutGroup`, `a0`.`building`, `a0`.`districtname`, `a0`.`equipmentAccess`, `a0`.`streetName`
FROM `applications` AS `a`
LEFT JOIN `addresses` AS `a0` ON `a`.`addressId` = `a0`.`Id`
WHERE `a`.`id` = @__entity_id_0
LIMIT 1
2025-06-07T09:44:01.1797518+03:00	INFO	[ZAK.DA.ApplicationRepository]	[0]	Updating application: ZAK.DA.Application
2025-06-07T09:44:01.1871964+03:00	INFO	[Microsoft.EntityFrameworkCore.Database.Command]	[Microsoft.EntityFrameworkCore.Database.Command.CommandExecuted]	Executed DbCommand (15ms) [Parameters=[@__entity_id_0='187085'], CommandType='Text', CommandTimeout='30']
SELECT `a`.`id`, `a`.`addresWasUpdated`, `a`.`addressId`, `a`.`day`, `a`.`endHour`, `a`.`firstPart`, `a`.`freeCable`, `a`.`ignored`, `a`.`important`, `a`.`inSchedule`, `a`.`masterComment`, `a`.`masterCommentWasUpdated`, `a`.`maxDaysForConnection`, `a`.`month`, `a`.`operatorComment`, `a`.`operatorCommentWasUpdated`, `a`.`secondPart`, `a`.`startHour`, `a`.`statusWasChecked`, `a`.`statusWasUpdated`, `a`.`stretchingStatus`, `a`.`tarChangeApp`, `a`.`timeRangeIsSet`, `a`.`urgent`, `a`.`year`, `a0`.`Id`, `a0`.`blackoutGroup`, `a0`.`building`, `a0`.`districtname`, `a0`.`equipmentAccess`, `a0`.`streetName`
FROM `applications` AS `a`
LEFT JOIN `addresses` AS `a0` ON `a`.`addressId` = `a0`.`Id`
WHERE `a`.`id` = @__entity_id_0
LIMIT 1
2025-06-07T09:44:01.1934390+03:00	INFO	[Microsoft.EntityFrameworkCore.Database.Command]	[Microsoft.EntityFrameworkCore.Database.Command.CommandExecuted]	Executed DbCommand (5ms) [Parameters=[@__entity_id_0='187085'], CommandType='Text', CommandTimeout='30']
SELECT `a`.`id`, `a`.`addresWasUpdated`, `a`.`addressId`, `a`.`day`, `a`.`endHour`, `a`.`firstPart`, `a`.`freeCable`, `a`.`ignored`, `a`.`important`, `a`.`inSchedule`, `a`.`masterComment`, `a`.`masterCommentWasUpdated`, `a`.`maxDaysForConnection`, `a`.`month`, `a`.`operatorComment`, `a`.`operatorCommentWasUpdated`, `a`.`secondPart`, `a`.`startHour`, `a`.`statusWasChecked`, `a`.`statusWasUpdated`, `a`.`stretchingStatus`, `a`.`tarChangeApp`, `a`.`timeRangeIsSet`, `a`.`urgent`, `a`.`year`, `a0`.`Id`, `a0`.`blackoutGroup`, `a0`.`building`, `a0`.`districtname`, `a0`.`equipmentAccess`, `a0`.`streetName`
FROM `applications` AS `a`
LEFT JOIN `addresses` AS `a0` ON `a`.`addressId` = `a0`.`Id`
WHERE `a`.`id` = @__entity_id_0
LIMIT 1
2025-06-07T09:44:01.2093923+03:00	INFO	[ZAK.DA.ApplicationRepository]	[0]	Updating application: ZAK.DA.Application
2025-06-07T09:44:01.2227332+03:00	INFO	[Microsoft.EntityFrameworkCore.Database.Command]	[Microsoft.EntityFrameworkCore.Database.Command.CommandExecuted]	Executed DbCommand (9ms) [Parameters=[@__entity_id_0='187085'], CommandType='Text', CommandTimeout='30']
SELECT `a`.`id`, `a`.`addresWasUpdated`, `a`.`addressId`, `a`.`day`, `a`.`endHour`, `a`.`firstPart`, `a`.`freeCable`, `a`.`ignored`, `a`.`important`, `a`.`inSchedule`, `a`.`masterComment`, `a`.`masterCommentWasUpdated`, `a`.`maxDaysForConnection`, `a`.`month`, `a`.`operatorComment`, `a`.`operatorCommentWasUpdated`, `a`.`secondPart`, `a`.`startHour`, `a`.`statusWasChecked`, `a`.`statusWasUpdated`, `a`.`stretchingStatus`, `a`.`tarChangeApp`, `a`.`timeRangeIsSet`, `a`.`urgent`, `a`.`year`, `a0`.`Id`, `a0`.`blackoutGroup`, `a0`.`building`, `a0`.`districtname`, `a0`.`equipmentAccess`, `a0`.`streetName`
FROM `applications` AS `a`
LEFT JOIN `addresses` AS `a0` ON `a`.`addressId` = `a0`.`Id`
WHERE `a`.`id` = @__entity_id_0
LIMIT 1
2025-06-07T09:44:01.2340525+03:00	INFO	[ZAK.DA.ApplicationRepository]	[0]	Updating application: ZAK.DA.Application
2025-06-07T09:44:01.2771594+03:00	INFO	[Microsoft.EntityFrameworkCore.Database.Command]	[Microsoft.EntityFrameworkCore.Database.Command.CommandExecuted]	Executed DbCommand (6ms) [Parameters=[@__entity_id_0='187085'], CommandType='Text', CommandTimeout='30']
SELECT `a`.`id`, `a`.`addresWasUpdated`, `a`.`addressId`, `a`.`day`, `a`.`endHour`, `a`.`firstPart`, `a`.`freeCable`, `a`.`ignored`, `a`.`important`, `a`.`inSchedule`, `a`.`masterComment`, `a`.`masterCommentWasUpdated`, `a`.`maxDaysForConnection`, `a`.`month`, `a`.`operatorComment`, `a`.`operatorCommentWasUpdated`, `a`.`secondPart`, `a`.`startHour`, `a`.`statusWasChecked`, `a`.`statusWasUpdated`, `a`.`stretchingStatus`, `a`.`tarChangeApp`, `a`.`timeRangeIsSet`, `a`.`urgent`, `a`.`year`, `a0`.`Id`, `a0`.`blackoutGroup`, `a0`.`building`, `a0`.`districtname`, `a0`.`equipmentAccess`, `a0`.`streetName`
FROM `applications` AS `a`
LEFT JOIN `addresses` AS `a0` ON `a`.`addressId` = `a0`.`Id`
WHERE `a`.`id` = @__entity_id_0
LIMIT 1
2025-06-07T09:44:01.2926100+03:00	INFO	[ZAK.DA.ApplicationRepository]	[0]	Updating application: ZAK.DA.Application
2025-06-07T09:44:01.3110646+03:00	INFO	[ZAK.DA.ApplicationRepository]	[0]	Updating application: ZAK.DA.Application
2025-06-07T09:44:01.3147379+03:00	INFO	[Microsoft.EntityFrameworkCore.Database.Command]	[Microsoft.EntityFrameworkCore.Database.Command.CommandExecuted]	Executed DbCommand (12ms) [Parameters=[@__entity_id_0='187085'], CommandType='Text', CommandTimeout='30']
SELECT `a`.`id`, `a`.`addresWasUpdated`, `a`.`addressId`, `a`.`day`, `a`.`endHour`, `a`.`firstPart`, `a`.`freeCable`, `a`.`ignored`, `a`.`important`, `a`.`inSchedule`, `a`.`masterComment`, `a`.`masterCommentWasUpdated`, `a`.`maxDaysForConnection`, `a`.`month`, `a`.`operatorComment`, `a`.`operatorCommentWasUpdated`, `a`.`secondPart`, `a`.`startHour`, `a`.`statusWasChecked`, `a`.`statusWasUpdated`, `a`.`stretchingStatus`, `a`.`tarChangeApp`, `a`.`timeRangeIsSet`, `a`.`urgent`, `a`.`year`, `a0`.`Id`, `a0`.`blackoutGroup`, `a0`.`building`, `a0`.`districtname`, `a0`.`equipmentAccess`, `a0`.`streetName`
FROM `applications` AS `a`
LEFT JOIN `addresses` AS `a0` ON `a`.`addressId` = `a0`.`Id`
WHERE `a`.`id` = @__entity_id_0
LIMIT 1
2025-06-07T09:44:01.3404977+03:00	INFO	[Microsoft.EntityFrameworkCore.Database.Command]	[Microsoft.EntityFrameworkCore.Database.Command.CommandExecuted]	Executed DbCommand (25ms) [Parameters=[@__entity_id_0='187085'], CommandType='Text', CommandTimeout='30']
SELECT `a`.`id`, `a`.`addresWasUpdated`, `a`.`addressId`, `a`.`day`, `a`.`endHour`, `a`.`firstPart`, `a`.`freeCable`, `a`.`ignored`, `a`.`important`, `a`.`inSchedule`, `a`.`masterComment`, `a`.`masterCommentWasUpdated`, `a`.`maxDaysForConnection`, `a`.`month`, `a`.`operatorComment`, `a`.`operatorCommentWasUpdated`, `a`.`secondPart`, `a`.`startHour`, `a`.`statusWasChecked`, `a`.`statusWasUpdated`, `a`.`stretchingStatus`, `a`.`tarChangeApp`, `a`.`timeRangeIsSet`, `a`.`urgent`, `a`.`year`, `a0`.`Id`, `a0`.`blackoutGroup`, `a0`.`building`, `a0`.`districtname`, `a0`.`equipmentAccess`, `a0`.`streetName`
FROM `applications` AS `a`
LEFT JOIN `addresses` AS `a0` ON `a`.`addressId` = `a0`.`Id`
WHERE `a`.`id` = @__entity_id_0
LIMIT 1
2025-06-07T09:44:01.3530639+03:00	INFO	[ZAK.DA.ApplicationRepository]	[0]	Updating application: ZAK.DA.Application
2025-06-07T09:44:01.3687669+03:00	INFO	[Microsoft.EntityFrameworkCore.Database.Command]	[Microsoft.EntityFrameworkCore.Database.Command.CommandExecuted]	Executed DbCommand (10ms) [Parameters=[@__entity_id_0='187085'], CommandType='Text', CommandTimeout='30']
SELECT `a`.`id`, `a`.`addresWasUpdated`, `a`.`addressId`, `a`.`day`, `a`.`endHour`, `a`.`firstPart`, `a`.`freeCable`, `a`.`ignored`, `a`.`important`, `a`.`inSchedule`, `a`.`masterComment`, `a`.`masterCommentWasUpdated`, `a`.`maxDaysForConnection`, `a`.`month`, `a`.`operatorComment`, `a`.`operatorCommentWasUpdated`, `a`.`secondPart`, `a`.`startHour`, `a`.`statusWasChecked`, `a`.`statusWasUpdated`, `a`.`stretchingStatus`, `a`.`tarChangeApp`, `a`.`timeRangeIsSet`, `a`.`urgent`, `a`.`year`, `a0`.`Id`, `a0`.`blackoutGroup`, `a0`.`building`, `a0`.`districtname`, `a0`.`equipmentAccess`, `a0`.`streetName`
FROM `applications` AS `a`
LEFT JOIN `addresses` AS `a0` ON `a`.`addressId` = `a0`.`Id`
WHERE `a`.`id` = @__entity_id_0
LIMIT 1
2025-06-07T09:44:01.3771752+03:00	INFO	[ZAK.DA.ApplicationRepository]	[0]	Updating application: ZAK.DA.Application
2025-06-07T09:44:01.3932593+03:00	INFO	[ZAK.DA.ApplicationRepository]	[0]	Updating application: ZAK.DA.Application
2025-06-07T09:44:01.4072847+03:00	INFO	[Microsoft.EntityFrameworkCore.Database.Command]	[Microsoft.EntityFrameworkCore.Database.Command.CommandExecuted]	Executed DbCommand (6ms) [Parameters=[@__entity_id_0='187085'], CommandType='Text', CommandTimeout='30']
SELECT `a`.`id`, `a`.`addresWasUpdated`, `a`.`addressId`, `a`.`day`, `a`.`endHour`, `a`.`firstPart`, `a`.`freeCable`, `a`.`ignored`, `a`.`important`, `a`.`inSchedule`, `a`.`masterComment`, `a`.`masterCommentWasUpdated`, `a`.`maxDaysForConnection`, `a`.`month`, `a`.`operatorComment`, `a`.`operatorCommentWasUpdated`, `a`.`secondPart`, `a`.`startHour`, `a`.`statusWasChecked`, `a`.`statusWasUpdated`, `a`.`stretchingStatus`, `a`.`tarChangeApp`, `a`.`timeRangeIsSet`, `a`.`urgent`, `a`.`year`, `a0`.`Id`, `a0`.`blackoutGroup`, `a0`.`building`, `a0`.`districtname`, `a0`.`equipmentAccess`, `a0`.`streetName`
FROM `applications` AS `a`
LEFT JOIN `addresses` AS `a0` ON `a`.`addressId` = `a0`.`Id`
WHERE `a`.`id` = @__entity_id_0
LIMIT 1
2025-06-07T09:44:01.4153639+03:00	INFO	[ZAK.DA.ApplicationRepository]	[0]	Updating application: ZAK.DA.Application
2025-06-07T09:44:01.4169064+03:00	INFO	[Microsoft.EntityFrameworkCore.Database.Command]	[Microsoft.EntityFrameworkCore.Database.Command.CommandExecuted]	Executed DbCommand (21ms) [Parameters=[@__entity_id_0='187085'], CommandType='Text', CommandTimeout='30']
SELECT `a`.`id`, `a`.`addresWasUpdated`, `a`.`addressId`, `a`.`day`, `a`.`endHour`, `a`.`firstPart`, `a`.`freeCable`, `a`.`ignored`, `a`.`important`, `a`.`inSchedule`, `a`.`masterComment`, `a`.`masterCommentWasUpdated`, `a`.`maxDaysForConnection`, `a`.`month`, `a`.`operatorComment`, `a`.`operatorCommentWasUpdated`, `a`.`secondPart`, `a`.`startHour`, `a`.`statusWasChecked`, `a`.`statusWasUpdated`, `a`.`stretchingStatus`, `a`.`tarChangeApp`, `a`.`timeRangeIsSet`, `a`.`urgent`, `a`.`year`, `a0`.`Id`, `a0`.`blackoutGroup`, `a0`.`building`, `a0`.`districtname`, `a0`.`equipmentAccess`, `a0`.`streetName`
FROM `applications` AS `a`
LEFT JOIN `addresses` AS `a0` ON `a`.`addressId` = `a0`.`Id`
WHERE `a`.`id` = @__entity_id_0
LIMIT 1
2025-06-07T09:44:01.4263689+03:00	INFO	[Microsoft.EntityFrameworkCore.Database.Command]	[Microsoft.EntityFrameworkCore.Database.Command.CommandExecuted]	Executed DbCommand (3ms) [Parameters=[@__entity_id_0='187085'], CommandType='Text', CommandTimeout='30']
SELECT `a`.`id`, `a`.`addresWasUpdated`, `a`.`addressId`, `a`.`day`, `a`.`endHour`, `a`.`firstPart`, `a`.`freeCable`, `a`.`ignored`, `a`.`important`, `a`.`inSchedule`, `a`.`masterComment`, `a`.`masterCommentWasUpdated`, `a`.`maxDaysForConnection`, `a`.`month`, `a`.`operatorComment`, `a`.`operatorCommentWasUpdated`, `a`.`secondPart`, `a`.`startHour`, `a`.`statusWasChecked`, `a`.`statusWasUpdated`, `a`.`stretchingStatus`, `a`.`tarChangeApp`, `a`.`timeRangeIsSet`, `a`.`urgent`, `a`.`year`, `a0`.`Id`, `a0`.`blackoutGroup`, `a0`.`building`, `a0`.`districtname`, `a0`.`equipmentAccess`, `a0`.`streetName`
FROM `applications` AS `a`
LEFT JOIN `addresses` AS `a0` ON `a`.`addressId` = `a0`.`Id`
WHERE `a`.`id` = @__entity_id_0
LIMIT 1
2025-06-07T09:44:01.4609943+03:00	INFO	[ZAK.DA.ApplicationRepository]	[0]	Updating application: ZAK.DA.Application
2025-06-07T09:44:01.4877268+03:00	INFO	[ZAK.DA.ApplicationRepository]	[0]	Updating application: ZAK.DA.Application
2025-06-07T09:44:01.5002227+03:00	INFO	[ZAK.DA.ApplicationRepository]	[0]	Updating application: ZAK.DA.Application
2025-06-07T09:44:01.5059211+03:00	INFO	[Microsoft.EntityFrameworkCore.Database.Command]	[Microsoft.EntityFrameworkCore.Database.Command.CommandExecuted]	Executed DbCommand (4ms) [Parameters=[@__entity_id_0='187085'], CommandType='Text', CommandTimeout='30']
SELECT `a`.`id`, `a`.`addresWasUpdated`, `a`.`addressId`, `a`.`day`, `a`.`endHour`, `a`.`firstPart`, `a`.`freeCable`, `a`.`ignored`, `a`.`important`, `a`.`inSchedule`, `a`.`masterComment`, `a`.`masterCommentWasUpdated`, `a`.`maxDaysForConnection`, `a`.`month`, `a`.`operatorComment`, `a`.`operatorCommentWasUpdated`, `a`.`secondPart`, `a`.`startHour`, `a`.`statusWasChecked`, `a`.`statusWasUpdated`, `a`.`stretchingStatus`, `a`.`tarChangeApp`, `a`.`timeRangeIsSet`, `a`.`urgent`, `a`.`year`, `a0`.`Id`, `a0`.`blackoutGroup`, `a0`.`building`, `a0`.`districtname`, `a0`.`equipmentAccess`, `a0`.`streetName`
FROM `applications` AS `a`
LEFT JOIN `addresses` AS `a0` ON `a`.`addressId` = `a0`.`Id`
WHERE `a`.`id` = @__entity_id_0
LIMIT 1
2025-06-07T09:44:01.5062507+03:00	INFO	[Microsoft.EntityFrameworkCore.Database.Command]	[Microsoft.EntityFrameworkCore.Database.Command.CommandExecuted]	Executed DbCommand (3ms) [Parameters=[@__entity_id_0='187085'], CommandType='Text', CommandTimeout='30']
SELECT `a`.`id`, `a`.`addresWasUpdated`, `a`.`addressId`, `a`.`day`, `a`.`endHour`, `a`.`firstPart`, `a`.`freeCable`, `a`.`ignored`, `a`.`important`, `a`.`inSchedule`, `a`.`masterComment`, `a`.`masterCommentWasUpdated`, `a`.`maxDaysForConnection`, `a`.`month`, `a`.`operatorComment`, `a`.`operatorCommentWasUpdated`, `a`.`secondPart`, `a`.`startHour`, `a`.`statusWasChecked`, `a`.`statusWasUpdated`, `a`.`stretchingStatus`, `a`.`tarChangeApp`, `a`.`timeRangeIsSet`, `a`.`urgent`, `a`.`year`, `a0`.`Id`, `a0`.`blackoutGroup`, `a0`.`building`, `a0`.`districtname`, `a0`.`equipmentAccess`, `a0`.`streetName`
FROM `applications` AS `a`
LEFT JOIN `addresses` AS `a0` ON `a`.`addressId` = `a0`.`Id`
WHERE `a`.`id` = @__entity_id_0
LIMIT 1
2025-06-07T09:44:01.5177581+03:00	INFO	[Microsoft.EntityFrameworkCore.Database.Command]	[Microsoft.EntityFrameworkCore.Database.Command.CommandExecuted]	Executed DbCommand (12ms) [Parameters=[@__entity_id_0='187085'], CommandType='Text', CommandTimeout='30']
SELECT `a`.`id`, `a`.`addresWasUpdated`, `a`.`addressId`, `a`.`day`, `a`.`endHour`, `a`.`firstPart`, `a`.`freeCable`, `a`.`ignored`, `a`.`important`, `a`.`inSchedule`, `a`.`masterComment`, `a`.`masterCommentWasUpdated`, `a`.`maxDaysForConnection`, `a`.`month`, `a`.`operatorComment`, `a`.`operatorCommentWasUpdated`, `a`.`secondPart`, `a`.`startHour`, `a`.`statusWasChecked`, `a`.`statusWasUpdated`, `a`.`stretchingStatus`, `a`.`tarChangeApp`, `a`.`timeRangeIsSet`, `a`.`urgent`, `a`.`year`, `a0`.`Id`, `a0`.`blackoutGroup`, `a0`.`building`, `a0`.`districtname`, `a0`.`equipmentAccess`, `a0`.`streetName`
FROM `applications` AS `a`
LEFT JOIN `addresses` AS `a0` ON `a`.`addressId` = `a0`.`Id`
WHERE `a`.`id` = @__entity_id_0
LIMIT 1
2025-06-07T09:44:01.5181813+03:00	INFO	[ZAK.DA.ApplicationRepository]	[0]	Updating application: ZAK.DA.Application
2025-06-07T09:44:01.5295458+03:00	INFO	[Microsoft.EntityFrameworkCore.Database.Command]	[Microsoft.EntityFrameworkCore.Database.Command.CommandExecuted]	Executed DbCommand (5ms) [Parameters=[@__entity_id_0='187085'], CommandType='Text', CommandTimeout='30']
SELECT `a`.`id`, `a`.`addresWasUpdated`, `a`.`addressId`, `a`.`day`, `a`.`endHour`, `a`.`firstPart`, `a`.`freeCable`, `a`.`ignored`, `a`.`important`, `a`.`inSchedule`, `a`.`masterComment`, `a`.`masterCommentWasUpdated`, `a`.`maxDaysForConnection`, `a`.`month`, `a`.`operatorComment`, `a`.`operatorCommentWasUpdated`, `a`.`secondPart`, `a`.`startHour`, `a`.`statusWasChecked`, `a`.`statusWasUpdated`, `a`.`stretchingStatus`, `a`.`tarChangeApp`, `a`.`timeRangeIsSet`, `a`.`urgent`, `a`.`year`, `a0`.`Id`, `a0`.`blackoutGroup`, `a0`.`building`, `a0`.`districtname`, `a0`.`equipmentAccess`, `a0`.`streetName`
FROM `applications` AS `a`
LEFT JOIN `addresses` AS `a0` ON `a`.`addressId` = `a0`.`Id`
WHERE `a`.`id` = @__entity_id_0
LIMIT 1
2025-06-07T09:44:01.5340843+03:00	INFO	[ZAK.DA.ApplicationRepository]	[0]	Updating application: ZAK.DA.Application
2025-06-07T09:44:01.5437430+03:00	INFO	[Microsoft.EntityFrameworkCore.Database.Command]	[Microsoft.EntityFrameworkCore.Database.Command.CommandExecuted]	Executed DbCommand (3ms) [Parameters=[@__entity_id_0='187085'], CommandType='Text', CommandTimeout='30']
SELECT `a`.`id`, `a`.`addresWasUpdated`, `a`.`addressId`, `a`.`day`, `a`.`endHour`, `a`.`firstPart`, `a`.`freeCable`, `a`.`ignored`, `a`.`important`, `a`.`inSchedule`, `a`.`masterComment`, `a`.`masterCommentWasUpdated`, `a`.`maxDaysForConnection`, `a`.`month`, `a`.`operatorComment`, `a`.`operatorCommentWasUpdated`, `a`.`secondPart`, `a`.`startHour`, `a`.`statusWasChecked`, `a`.`statusWasUpdated`, `a`.`stretchingStatus`, `a`.`tarChangeApp`, `a`.`timeRangeIsSet`, `a`.`urgent`, `a`.`year`, `a0`.`Id`, `a0`.`blackoutGroup`, `a0`.`building`, `a0`.`districtname`, `a0`.`equipmentAccess`, `a0`.`streetName`
FROM `applications` AS `a`
LEFT JOIN `addresses` AS `a0` ON `a`.`addressId` = `a0`.`Id`
WHERE `a`.`id` = @__entity_id_0
LIMIT 1
2025-06-07T09:44:01.5475249+03:00	INFO	[ZAK.DA.ApplicationRepository]	[0]	Updating application: ZAK.DA.Application
2025-06-07T09:44:01.5566058+03:00	INFO	[Microsoft.EntityFrameworkCore.Database.Command]	[Microsoft.EntityFrameworkCore.Database.Command.CommandExecuted]	Executed DbCommand (3ms) [Parameters=[@__entity_id_0='187085'], CommandType='Text', CommandTimeout='30']
SELECT `a`.`id`, `a`.`addresWasUpdated`, `a`.`addressId`, `a`.`day`, `a`.`endHour`, `a`.`firstPart`, `a`.`freeCable`, `a`.`ignored`, `a`.`important`, `a`.`inSchedule`, `a`.`masterComment`, `a`.`masterCommentWasUpdated`, `a`.`maxDaysForConnection`, `a`.`month`, `a`.`operatorComment`, `a`.`operatorCommentWasUpdated`, `a`.`secondPart`, `a`.`startHour`, `a`.`statusWasChecked`, `a`.`statusWasUpdated`, `a`.`stretchingStatus`, `a`.`tarChangeApp`, `a`.`timeRangeIsSet`, `a`.`urgent`, `a`.`year`, `a0`.`Id`, `a0`.`blackoutGroup`, `a0`.`building`, `a0`.`districtname`, `a0`.`equipmentAccess`, `a0`.`streetName`
FROM `applications` AS `a`
LEFT JOIN `addresses` AS `a0` ON `a`.`addressId` = `a0`.`Id`
WHERE `a`.`id` = @__entity_id_0
LIMIT 1
2025-06-07T09:44:01.5626269+03:00	INFO	[ZAK.DA.ApplicationRepository]	[0]	Updating application: ZAK.DA.Application
2025-06-07T09:44:01.5730181+03:00	INFO	[Microsoft.EntityFrameworkCore.Database.Command]	[Microsoft.EntityFrameworkCore.Database.Command.CommandExecuted]	Executed DbCommand (4ms) [Parameters=[@__entity_id_0='187085'], CommandType='Text', CommandTimeout='30']
SELECT `a`.`id`, `a`.`addresWasUpdated`, `a`.`addressId`, `a`.`day`, `a`.`endHour`, `a`.`firstPart`, `a`.`freeCable`, `a`.`ignored`, `a`.`important`, `a`.`inSchedule`, `a`.`masterComment`, `a`.`masterCommentWasUpdated`, `a`.`maxDaysForConnection`, `a`.`month`, `a`.`operatorComment`, `a`.`operatorCommentWasUpdated`, `a`.`secondPart`, `a`.`startHour`, `a`.`statusWasChecked`, `a`.`statusWasUpdated`, `a`.`stretchingStatus`, `a`.`tarChangeApp`, `a`.`timeRangeIsSet`, `a`.`urgent`, `a`.`year`, `a0`.`Id`, `a0`.`blackoutGroup`, `a0`.`building`, `a0`.`districtname`, `a0`.`equipmentAccess`, `a0`.`streetName`
FROM `applications` AS `a`
LEFT JOIN `addresses` AS `a0` ON `a`.`addressId` = `a0`.`Id`
WHERE `a`.`id` = @__entity_id_0
LIMIT 1
2025-06-07T09:44:01.5793855+03:00	INFO	[ZAK.DA.ApplicationRepository]	[0]	Updating application: ZAK.DA.Application
2025-06-07T09:44:01.5866000+03:00	INFO	[Microsoft.EntityFrameworkCore.Database.Command]	[Microsoft.EntityFrameworkCore.Database.Command.CommandExecuted]	Executed DbCommand (3ms) [Parameters=[@__entity_id_0='187085'], CommandType='Text', CommandTimeout='30']
SELECT `a`.`id`, `a`.`addresWasUpdated`, `a`.`addressId`, `a`.`day`, `a`.`endHour`, `a`.`firstPart`, `a`.`freeCable`, `a`.`ignored`, `a`.`important`, `a`.`inSchedule`, `a`.`masterComment`, `a`.`masterCommentWasUpdated`, `a`.`maxDaysForConnection`, `a`.`month`, `a`.`operatorComment`, `a`.`operatorCommentWasUpdated`, `a`.`secondPart`, `a`.`startHour`, `a`.`statusWasChecked`, `a`.`statusWasUpdated`, `a`.`stretchingStatus`, `a`.`tarChangeApp`, `a`.`timeRangeIsSet`, `a`.`urgent`, `a`.`year`, `a0`.`Id`, `a0`.`blackoutGroup`, `a0`.`building`, `a0`.`districtname`, `a0`.`equipmentAccess`, `a0`.`streetName`
FROM `applications` AS `a`
LEFT JOIN `addresses` AS `a0` ON `a`.`addressId` = `a0`.`Id`
WHERE `a`.`id` = @__entity_id_0
LIMIT 1
2025-06-07T09:44:01.5940606+03:00	INFO	[ZAK.DA.ApplicationRepository]	[0]	Updating application: ZAK.DA.Application
2025-06-07T09:44:01.6029297+03:00	INFO	[Microsoft.EntityFrameworkCore.Database.Command]	[Microsoft.EntityFrameworkCore.Database.Command.CommandExecuted]	Executed DbCommand (5ms) [Parameters=[@__entity_id_0='187085'], CommandType='Text', CommandTimeout='30']
SELECT `a`.`id`, `a`.`addresWasUpdated`, `a`.`addressId`, `a`.`day`, `a`.`endHour`, `a`.`firstPart`, `a`.`freeCable`, `a`.`ignored`, `a`.`important`, `a`.`inSchedule`, `a`.`masterComment`, `a`.`masterCommentWasUpdated`, `a`.`maxDaysForConnection`, `a`.`month`, `a`.`operatorComment`, `a`.`operatorCommentWasUpdated`, `a`.`secondPart`, `a`.`startHour`, `a`.`statusWasChecked`, `a`.`statusWasUpdated`, `a`.`stretchingStatus`, `a`.`tarChangeApp`, `a`.`timeRangeIsSet`, `a`.`urgent`, `a`.`year`, `a0`.`Id`, `a0`.`blackoutGroup`, `a0`.`building`, `a0`.`districtname`, `a0`.`equipmentAccess`, `a0`.`streetName`
FROM `applications` AS `a`
LEFT JOIN `addresses` AS `a0` ON `a`.`addressId` = `a0`.`Id`
WHERE `a`.`id` = @__entity_id_0
LIMIT 1
2025-06-07T09:44:01.6155076+03:00	INFO	[ZAK.DA.ApplicationRepository]	[0]	Updating application: ZAK.DA.Application
2025-06-07T09:44:01.6243126+03:00	INFO	[Microsoft.EntityFrameworkCore.Database.Command]	[Microsoft.EntityFrameworkCore.Database.Command.CommandExecuted]	Executed DbCommand (3ms) [Parameters=[@__entity_id_0='187085'], CommandType='Text', CommandTimeout='30']
SELECT `a`.`id`, `a`.`addresWasUpdated`, `a`.`addressId`, `a`.`day`, `a`.`endHour`, `a`.`firstPart`, `a`.`freeCable`, `a`.`ignored`, `a`.`important`, `a`.`inSchedule`, `a`.`masterComment`, `a`.`masterCommentWasUpdated`, `a`.`maxDaysForConnection`, `a`.`month`, `a`.`operatorComment`, `a`.`operatorCommentWasUpdated`, `a`.`secondPart`, `a`.`startHour`, `a`.`statusWasChecked`, `a`.`statusWasUpdated`, `a`.`stretchingStatus`, `a`.`tarChangeApp`, `a`.`timeRangeIsSet`, `a`.`urgent`, `a`.`year`, `a0`.`Id`, `a0`.`blackoutGroup`, `a0`.`building`, `a0`.`districtname`, `a0`.`equipmentAccess`, `a0`.`streetName`
FROM `applications` AS `a`
LEFT JOIN `addresses` AS `a0` ON `a`.`addressId` = `a0`.`Id`
WHERE `a`.`id` = @__entity_id_0
LIMIT 1
2025-06-07T09:44:01.6311953+03:00	INFO	[ZAK.DA.ApplicationRepository]	[0]	Updating application: ZAK.DA.Application
2025-06-07T09:44:01.6478097+03:00	INFO	[ZAK.DA.ApplicationRepository]	[0]	Updating application: ZAK.DA.Application
2025-06-07T09:44:01.6505985+03:00	INFO	[Microsoft.EntityFrameworkCore.Database.Command]	[Microsoft.EntityFrameworkCore.Database.Command.CommandExecuted]	Executed DbCommand (14ms) [Parameters=[@__entity_id_0='187085'], CommandType='Text', CommandTimeout='30']
SELECT `a`.`id`, `a`.`addresWasUpdated`, `a`.`addressId`, `a`.`day`, `a`.`endHour`, `a`.`firstPart`, `a`.`freeCable`, `a`.`ignored`, `a`.`important`, `a`.`inSchedule`, `a`.`masterComment`, `a`.`masterCommentWasUpdated`, `a`.`maxDaysForConnection`, `a`.`month`, `a`.`operatorComment`, `a`.`operatorCommentWasUpdated`, `a`.`secondPart`, `a`.`startHour`, `a`.`statusWasChecked`, `a`.`statusWasUpdated`, `a`.`stretchingStatus`, `a`.`tarChangeApp`, `a`.`timeRangeIsSet`, `a`.`urgent`, `a`.`year`, `a0`.`Id`, `a0`.`blackoutGroup`, `a0`.`building`, `a0`.`districtname`, `a0`.`equipmentAccess`, `a0`.`streetName`
FROM `applications` AS `a`
LEFT JOIN `addresses` AS `a0` ON `a`.`addressId` = `a0`.`Id`
WHERE `a`.`id` = @__entity_id_0
LIMIT 1
2025-06-07T09:44:01.6575096+03:00	INFO	[Microsoft.EntityFrameworkCore.Database.Command]	[Microsoft.EntityFrameworkCore.Database.Command.CommandExecuted]	Executed DbCommand (3ms) [Parameters=[@__entity_id_0='187085'], CommandType='Text', CommandTimeout='30']
SELECT `a`.`id`, `a`.`addresWasUpdated`, `a`.`addressId`, `a`.`day`, `a`.`endHour`, `a`.`firstPart`, `a`.`freeCable`, `a`.`ignored`, `a`.`important`, `a`.`inSchedule`, `a`.`masterComment`, `a`.`masterCommentWasUpdated`, `a`.`maxDaysForConnection`, `a`.`month`, `a`.`operatorComment`, `a`.`operatorCommentWasUpdated`, `a`.`secondPart`, `a`.`startHour`, `a`.`statusWasChecked`, `a`.`statusWasUpdated`, `a`.`stretchingStatus`, `a`.`tarChangeApp`, `a`.`timeRangeIsSet`, `a`.`urgent`, `a`.`year`, `a0`.`Id`, `a0`.`blackoutGroup`, `a0`.`building`, `a0`.`districtname`, `a0`.`equipmentAccess`, `a0`.`streetName`
FROM `applications` AS `a`
LEFT JOIN `addresses` AS `a0` ON `a`.`addressId` = `a0`.`Id`
WHERE `a`.`id` = @__entity_id_0
LIMIT 1
2025-06-07T09:44:01.6623515+03:00	INFO	[ZAK.DA.ApplicationRepository]	[0]	Updating application: ZAK.DA.Application
2025-06-07T09:44:01.6740062+03:00	INFO	[Microsoft.EntityFrameworkCore.Database.Command]	[Microsoft.EntityFrameworkCore.Database.Command.CommandExecuted]	Executed DbCommand (5ms) [Parameters=[@__entity_id_0='187085'], CommandType='Text', CommandTimeout='30']
SELECT `a`.`id`, `a`.`addresWasUpdated`, `a`.`addressId`, `a`.`day`, `a`.`endHour`, `a`.`firstPart`, `a`.`freeCable`, `a`.`ignored`, `a`.`important`, `a`.`inSchedule`, `a`.`masterComment`, `a`.`masterCommentWasUpdated`, `a`.`maxDaysForConnection`, `a`.`month`, `a`.`operatorComment`, `a`.`operatorCommentWasUpdated`, `a`.`secondPart`, `a`.`startHour`, `a`.`statusWasChecked`, `a`.`statusWasUpdated`, `a`.`stretchingStatus`, `a`.`tarChangeApp`, `a`.`timeRangeIsSet`, `a`.`urgent`, `a`.`year`, `a0`.`Id`, `a0`.`blackoutGroup`, `a0`.`building`, `a0`.`districtname`, `a0`.`equipmentAccess`, `a0`.`streetName`
FROM `applications` AS `a`
LEFT JOIN `addresses` AS `a0` ON `a`.`addressId` = `a0`.`Id`
WHERE `a`.`id` = @__entity_id_0
LIMIT 1
2025-06-07T09:44:01.6794872+03:00	INFO	[ZAK.DA.ApplicationRepository]	[0]	Updating application: ZAK.DA.Application
2025-06-07T09:44:01.6910129+03:00	INFO	[Microsoft.EntityFrameworkCore.Database.Command]	[Microsoft.EntityFrameworkCore.Database.Command.CommandExecuted]	Executed DbCommand (3ms) [Parameters=[@__entity_id_0='187085'], CommandType='Text', CommandTimeout='30']
SELECT `a`.`id`, `a`.`addresWasUpdated`, `a`.`addressId`, `a`.`day`, `a`.`endHour`, `a`.`firstPart`, `a`.`freeCable`, `a`.`ignored`, `a`.`important`, `a`.`inSchedule`, `a`.`masterComment`, `a`.`masterCommentWasUpdated`, `a`.`maxDaysForConnection`, `a`.`month`, `a`.`operatorComment`, `a`.`operatorCommentWasUpdated`, `a`.`secondPart`, `a`.`startHour`, `a`.`statusWasChecked`, `a`.`statusWasUpdated`, `a`.`stretchingStatus`, `a`.`tarChangeApp`, `a`.`timeRangeIsSet`, `a`.`urgent`, `a`.`year`, `a0`.`Id`, `a0`.`blackoutGroup`, `a0`.`building`, `a0`.`districtname`, `a0`.`equipmentAccess`, `a0`.`streetName`
FROM `applications` AS `a`
LEFT JOIN `addresses` AS `a0` ON `a`.`addressId` = `a0`.`Id`
WHERE `a`.`id` = @__entity_id_0
LIMIT 1
2025-06-07T09:44:01.6966631+03:00	INFO	[ZAK.DA.ApplicationRepository]	[0]	Updating application: ZAK.DA.Application
2025-06-07T09:44:01.7122794+03:00	INFO	[Microsoft.EntityFrameworkCore.Database.Command]	[Microsoft.EntityFrameworkCore.Database.Command.CommandExecuted]	Executed DbCommand (11ms) [Parameters=[@__entity_id_0='187085'], CommandType='Text', CommandTimeout='30']
SELECT `a`.`id`, `a`.`addresWasUpdated`, `a`.`addressId`, `a`.`day`, `a`.`endHour`, `a`.`firstPart`, `a`.`freeCable`, `a`.`ignored`, `a`.`important`, `a`.`inSchedule`, `a`.`masterComment`, `a`.`masterCommentWasUpdated`, `a`.`maxDaysForConnection`, `a`.`month`, `a`.`operatorComment`, `a`.`operatorCommentWasUpdated`, `a`.`secondPart`, `a`.`startHour`, `a`.`statusWasChecked`, `a`.`statusWasUpdated`, `a`.`stretchingStatus`, `a`.`tarChangeApp`, `a`.`timeRangeIsSet`, `a`.`urgent`, `a`.`year`, `a0`.`Id`, `a0`.`blackoutGroup`, `a0`.`building`, `a0`.`districtname`, `a0`.`equipmentAccess`, `a0`.`streetName`
FROM `applications` AS `a`
LEFT JOIN `addresses` AS `a0` ON `a`.`addressId` = `a0`.`Id`
WHERE `a`.`id` = @__entity_id_0
LIMIT 1
2025-06-07T09:44:01.7168311+03:00	INFO	[ZAK.DA.ApplicationRepository]	[0]	Updating application: ZAK.DA.Application
2025-06-07T09:44:01.7413238+03:00	INFO	[ZAK.DA.ApplicationRepository]	[0]	Updating application: ZAK.DA.Application
2025-06-07T09:44:01.7423106+03:00	INFO	[Microsoft.EntityFrameworkCore.Database.Command]	[Microsoft.EntityFrameworkCore.Database.Command.CommandExecuted]	Executed DbCommand (11ms) [Parameters=[@__entity_id_0='187085'], CommandType='Text', CommandTimeout='30']
SELECT `a`.`id`, `a`.`addresWasUpdated`, `a`.`addressId`, `a`.`day`, `a`.`endHour`, `a`.`firstPart`, `a`.`freeCable`, `a`.`ignored`, `a`.`important`, `a`.`inSchedule`, `a`.`masterComment`, `a`.`masterCommentWasUpdated`, `a`.`maxDaysForConnection`, `a`.`month`, `a`.`operatorComment`, `a`.`operatorCommentWasUpdated`, `a`.`secondPart`, `a`.`startHour`, `a`.`statusWasChecked`, `a`.`statusWasUpdated`, `a`.`stretchingStatus`, `a`.`tarChangeApp`, `a`.`timeRangeIsSet`, `a`.`urgent`, `a`.`year`, `a0`.`Id`, `a0`.`blackoutGroup`, `a0`.`building`, `a0`.`districtname`, `a0`.`equipmentAccess`, `a0`.`streetName`
FROM `applications` AS `a`
LEFT JOIN `addresses` AS `a0` ON `a`.`addressId` = `a0`.`Id`
WHERE `a`.`id` = @__entity_id_0
LIMIT 1
2025-06-07T09:44:01.7571759+03:00	INFO	[ZAK.DA.ApplicationRepository]	[0]	Updating application: ZAK.DA.Application
2025-06-07T09:44:01.7694923+03:00	INFO	[Microsoft.EntityFrameworkCore.Database.Command]	[Microsoft.EntityFrameworkCore.Database.Command.CommandExecuted]	Executed DbCommand (6ms) [Parameters=[@__entity_id_0='187085'], CommandType='Text', CommandTimeout='30']
SELECT `a`.`id`, `a`.`addresWasUpdated`, `a`.`addressId`, `a`.`day`, `a`.`endHour`, `a`.`firstPart`, `a`.`freeCable`, `a`.`ignored`, `a`.`important`, `a`.`inSchedule`, `a`.`masterComment`, `a`.`masterCommentWasUpdated`, `a`.`maxDaysForConnection`, `a`.`month`, `a`.`operatorComment`, `a`.`operatorCommentWasUpdated`, `a`.`secondPart`, `a`.`startHour`, `a`.`statusWasChecked`, `a`.`statusWasUpdated`, `a`.`stretchingStatus`, `a`.`tarChangeApp`, `a`.`timeRangeIsSet`, `a`.`urgent`, `a`.`year`, `a0`.`Id`, `a0`.`blackoutGroup`, `a0`.`building`, `a0`.`districtname`, `a0`.`equipmentAccess`, `a0`.`streetName`
FROM `applications` AS `a`
LEFT JOIN `addresses` AS `a0` ON `a`.`addressId` = `a0`.`Id`
WHERE `a`.`id` = @__entity_id_0
LIMIT 1
2025-06-07T09:44:01.7877391+03:00	INFO	[ZAK.DA.ApplicationRepository]	[0]	Updating application: ZAK.DA.Application
2025-06-07T09:44:01.7906039+03:00	INFO	[Microsoft.EntityFrameworkCore.Database.Command]	[Microsoft.EntityFrameworkCore.Database.Command.CommandExecuted]	Executed DbCommand (19ms) [Parameters=[@__entity_id_0='187085'], CommandType='Text', CommandTimeout='30']
SELECT `a`.`id`, `a`.`addresWasUpdated`, `a`.`addressId`, `a`.`day`, `a`.`endHour`, `a`.`firstPart`, `a`.`freeCable`, `a`.`ignored`, `a`.`important`, `a`.`inSchedule`, `a`.`masterComment`, `a`.`masterCommentWasUpdated`, `a`.`maxDaysForConnection`, `a`.`month`, `a`.`operatorComment`, `a`.`operatorCommentWasUpdated`, `a`.`secondPart`, `a`.`startHour`, `a`.`statusWasChecked`, `a`.`statusWasUpdated`, `a`.`stretchingStatus`, `a`.`tarChangeApp`, `a`.`timeRangeIsSet`, `a`.`urgent`, `a`.`year`, `a0`.`Id`, `a0`.`blackoutGroup`, `a0`.`building`, `a0`.`districtname`, `a0`.`equipmentAccess`, `a0`.`streetName`
FROM `applications` AS `a`
LEFT JOIN `addresses` AS `a0` ON `a`.`addressId` = `a0`.`Id`
WHERE `a`.`id` = @__entity_id_0
LIMIT 1
2025-06-07T09:44:01.8092919+03:00	INFO	[Microsoft.EntityFrameworkCore.Database.Command]	[Microsoft.EntityFrameworkCore.Database.Command.CommandExecuted]	Executed DbCommand (9ms) [Parameters=[@__entity_id_0='187085'], CommandType='Text', CommandTimeout='30']
SELECT `a`.`id`, `a`.`addresWasUpdated`, `a`.`addressId`, `a`.`day`, `a`.`endHour`, `a`.`firstPart`, `a`.`freeCable`, `a`.`ignored`, `a`.`important`, `a`.`inSchedule`, `a`.`masterComment`, `a`.`masterCommentWasUpdated`, `a`.`maxDaysForConnection`, `a`.`month`, `a`.`operatorComment`, `a`.`operatorCommentWasUpdated`, `a`.`secondPart`, `a`.`startHour`, `a`.`statusWasChecked`, `a`.`statusWasUpdated`, `a`.`stretchingStatus`, `a`.`tarChangeApp`, `a`.`timeRangeIsSet`, `a`.`urgent`, `a`.`year`, `a0`.`Id`, `a0`.`blackoutGroup`, `a0`.`building`, `a0`.`districtname`, `a0`.`equipmentAccess`, `a0`.`streetName`
FROM `applications` AS `a`
LEFT JOIN `addresses` AS `a0` ON `a`.`addressId` = `a0`.`Id`
WHERE `a`.`id` = @__entity_id_0
LIMIT 1
2025-06-07T09:44:01.8116886+03:00	INFO	[ZAK.DA.ApplicationRepository]	[0]	Updating application: ZAK.DA.Application
2025-06-07T09:44:01.8313960+03:00	INFO	[ZAK.DA.ApplicationRepository]	[0]	Updating application: ZAK.DA.Application
2025-06-07T09:44:01.8463404+03:00	INFO	[ZAK.DA.ApplicationRepository]	[0]	Updating application: ZAK.DA.Application
2025-06-07T09:44:01.8465007+03:00	INFO	[Microsoft.EntityFrameworkCore.Database.Command]	[Microsoft.EntityFrameworkCore.Database.Command.CommandExecuted]	Executed DbCommand (17ms) [Parameters=[@__entity_id_0='187085'], CommandType='Text', CommandTimeout='30']
SELECT `a`.`id`, `a`.`addresWasUpdated`, `a`.`addressId`, `a`.`day`, `a`.`endHour`, `a`.`firstPart`, `a`.`freeCable`, `a`.`ignored`, `a`.`important`, `a`.`inSchedule`, `a`.`masterComment`, `a`.`masterCommentWasUpdated`, `a`.`maxDaysForConnection`, `a`.`month`, `a`.`operatorComment`, `a`.`operatorCommentWasUpdated`, `a`.`secondPart`, `a`.`startHour`, `a`.`statusWasChecked`, `a`.`statusWasUpdated`, `a`.`stretchingStatus`, `a`.`tarChangeApp`, `a`.`timeRangeIsSet`, `a`.`urgent`, `a`.`year`, `a0`.`Id`, `a0`.`blackoutGroup`, `a0`.`building`, `a0`.`districtname`, `a0`.`equipmentAccess`, `a0`.`streetName`
FROM `applications` AS `a`
LEFT JOIN `addresses` AS `a0` ON `a`.`addressId` = `a0`.`Id`
WHERE `a`.`id` = @__entity_id_0
LIMIT 1
2025-06-07T09:44:01.8626211+03:00	INFO	[Microsoft.EntityFrameworkCore.Database.Command]	[Microsoft.EntityFrameworkCore.Database.Command.CommandExecuted]	Executed DbCommand (16ms) [Parameters=[@__entity_id_0='187085'], CommandType='Text', CommandTimeout='30']
SELECT `a`.`id`, `a`.`addresWasUpdated`, `a`.`addressId`, `a`.`day`, `a`.`endHour`, `a`.`firstPart`, `a`.`freeCable`, `a`.`ignored`, `a`.`important`, `a`.`inSchedule`, `a`.`masterComment`, `a`.`masterCommentWasUpdated`, `a`.`maxDaysForConnection`, `a`.`month`, `a`.`operatorComment`, `a`.`operatorCommentWasUpdated`, `a`.`secondPart`, `a`.`startHour`, `a`.`statusWasChecked`, `a`.`statusWasUpdated`, `a`.`stretchingStatus`, `a`.`tarChangeApp`, `a`.`timeRangeIsSet`, `a`.`urgent`, `a`.`year`, `a0`.`Id`, `a0`.`blackoutGroup`, `a0`.`building`, `a0`.`districtname`, `a0`.`equipmentAccess`, `a0`.`streetName`
FROM `applications` AS `a`
LEFT JOIN `addresses` AS `a0` ON `a`.`addressId` = `a0`.`Id`
WHERE `a`.`id` = @__entity_id_0
LIMIT 1
2025-06-07T09:44:01.8755182+03:00	INFO	[Microsoft.EntityFrameworkCore.Database.Command]	[Microsoft.EntityFrameworkCore.Database.Command.CommandExecuted]	Executed DbCommand (16ms) [Parameters=[@__entity_id_0='187085'], CommandType='Text', CommandTimeout='30']
SELECT `a`.`id`, `a`.`addresWasUpdated`, `a`.`addressId`, `a`.`day`, `a`.`endHour`, `a`.`firstPart`, `a`.`freeCable`, `a`.`ignored`, `a`.`important`, `a`.`inSchedule`, `a`.`masterComment`, `a`.`masterCommentWasUpdated`, `a`.`maxDaysForConnection`, `a`.`month`, `a`.`operatorComment`, `a`.`operatorCommentWasUpdated`, `a`.`secondPart`, `a`.`startHour`, `a`.`statusWasChecked`, `a`.`statusWasUpdated`, `a`.`stretchingStatus`, `a`.`tarChangeApp`, `a`.`timeRangeIsSet`, `a`.`urgent`, `a`.`year`, `a0`.`Id`, `a0`.`blackoutGroup`, `a0`.`building`, `a0`.`districtname`, `a0`.`equipmentAccess`, `a0`.`streetName`
FROM `applications` AS `a`
LEFT JOIN `addresses` AS `a0` ON `a`.`addressId` = `a0`.`Id`
WHERE `a`.`id` = @__entity_id_0
LIMIT 1
2025-06-07T09:44:01.8837896+03:00	INFO	[ZAK.DA.ApplicationRepository]	[0]	Updating application: ZAK.DA.Application
2025-06-07T09:44:01.9283558+03:00	INFO	[ZAK.DA.ApplicationRepository]	[0]	Updating application: ZAK.DA.Application
2025-06-07T09:44:01.9310998+03:00	INFO	[Microsoft.EntityFrameworkCore.Database.Command]	[Microsoft.EntityFrameworkCore.Database.Command.CommandExecuted]	Executed DbCommand (5ms) [Parameters=[@__entity_id_0='187085'], CommandType='Text', CommandTimeout='30']
SELECT `a`.`id`, `a`.`addresWasUpdated`, `a`.`addressId`, `a`.`day`, `a`.`endHour`, `a`.`firstPart`, `a`.`freeCable`, `a`.`ignored`, `a`.`important`, `a`.`inSchedule`, `a`.`masterComment`, `a`.`masterCommentWasUpdated`, `a`.`maxDaysForConnection`, `a`.`month`, `a`.`operatorComment`, `a`.`operatorCommentWasUpdated`, `a`.`secondPart`, `a`.`startHour`, `a`.`statusWasChecked`, `a`.`statusWasUpdated`, `a`.`stretchingStatus`, `a`.`tarChangeApp`, `a`.`timeRangeIsSet`, `a`.`urgent`, `a`.`year`, `a0`.`Id`, `a0`.`blackoutGroup`, `a0`.`building`, `a0`.`districtname`, `a0`.`equipmentAccess`, `a0`.`streetName`
FROM `applications` AS `a`
LEFT JOIN `addresses` AS `a0` ON `a`.`addressId` = `a0`.`Id`
WHERE `a`.`id` = @__entity_id_0
LIMIT 1
2025-06-07T09:44:01.9569053+03:00	INFO	[Microsoft.EntityFrameworkCore.Database.Command]	[Microsoft.EntityFrameworkCore.Database.Command.CommandExecuted]	Executed DbCommand (18ms) [Parameters=[@__entity_id_0='187085'], CommandType='Text', CommandTimeout='30']
SELECT `a`.`id`, `a`.`addresWasUpdated`, `a`.`addressId`, `a`.`day`, `a`.`endHour`, `a`.`firstPart`, `a`.`freeCable`, `a`.`ignored`, `a`.`important`, `a`.`inSchedule`, `a`.`masterComment`, `a`.`masterCommentWasUpdated`, `a`.`maxDaysForConnection`, `a`.`month`, `a`.`operatorComment`, `a`.`operatorCommentWasUpdated`, `a`.`secondPart`, `a`.`startHour`, `a`.`statusWasChecked`, `a`.`statusWasUpdated`, `a`.`stretchingStatus`, `a`.`tarChangeApp`, `a`.`timeRangeIsSet`, `a`.`urgent`, `a`.`year`, `a0`.`Id`, `a0`.`blackoutGroup`, `a0`.`building`, `a0`.`districtname`, `a0`.`equipmentAccess`, `a0`.`streetName`
FROM `applications` AS `a`
LEFT JOIN `addresses` AS `a0` ON `a`.`addressId` = `a0`.`Id`
WHERE `a`.`id` = @__entity_id_0
LIMIT 1
2025-06-07T09:44:01.9909737+03:00	INFO	[ZAK.DA.ApplicationRepository]	[0]	Updating application: ZAK.DA.Application
2025-06-07T09:44:02.0092149+03:00	INFO	[ZAK.DA.ApplicationRepository]	[0]	Updating application: ZAK.DA.Application
2025-06-07T09:44:02.0134762+03:00	INFO	[Microsoft.EntityFrameworkCore.Database.Command]	[Microsoft.EntityFrameworkCore.Database.Command.CommandExecuted]	Executed DbCommand (6ms) [Parameters=[@__entity_id_0='187085'], CommandType='Text', CommandTimeout='30']
SELECT `a`.`id`, `a`.`addresWasUpdated`, `a`.`addressId`, `a`.`day`, `a`.`endHour`, `a`.`firstPart`, `a`.`freeCable`, `a`.`ignored`, `a`.`important`, `a`.`inSchedule`, `a`.`masterComment`, `a`.`masterCommentWasUpdated`, `a`.`maxDaysForConnection`, `a`.`month`, `a`.`operatorComment`, `a`.`operatorCommentWasUpdated`, `a`.`secondPart`, `a`.`startHour`, `a`.`statusWasChecked`, `a`.`statusWasUpdated`, `a`.`stretchingStatus`, `a`.`tarChangeApp`, `a`.`timeRangeIsSet`, `a`.`urgent`, `a`.`year`, `a0`.`Id`, `a0`.`blackoutGroup`, `a0`.`building`, `a0`.`districtname`, `a0`.`equipmentAccess`, `a0`.`streetName`
FROM `applications` AS `a`
LEFT JOIN `addresses` AS `a0` ON `a`.`addressId` = `a0`.`Id`
WHERE `a`.`id` = @__entity_id_0
LIMIT 1
2025-06-07T09:44:02.0172342+03:00	INFO	[Microsoft.EntityFrameworkCore.Database.Command]	[Microsoft.EntityFrameworkCore.Database.Command.CommandExecuted]	Executed DbCommand (4ms) [Parameters=[@__entity_id_0='187085'], CommandType='Text', CommandTimeout='30']
SELECT `a`.`id`, `a`.`addresWasUpdated`, `a`.`addressId`, `a`.`day`, `a`.`endHour`, `a`.`firstPart`, `a`.`freeCable`, `a`.`ignored`, `a`.`important`, `a`.`inSchedule`, `a`.`masterComment`, `a`.`masterCommentWasUpdated`, `a`.`maxDaysForConnection`, `a`.`month`, `a`.`operatorComment`, `a`.`operatorCommentWasUpdated`, `a`.`secondPart`, `a`.`startHour`, `a`.`statusWasChecked`, `a`.`statusWasUpdated`, `a`.`stretchingStatus`, `a`.`tarChangeApp`, `a`.`timeRangeIsSet`, `a`.`urgent`, `a`.`year`, `a0`.`Id`, `a0`.`blackoutGroup`, `a0`.`building`, `a0`.`districtname`, `a0`.`equipmentAccess`, `a0`.`streetName`
FROM `applications` AS `a`
LEFT JOIN `addresses` AS `a0` ON `a`.`addressId` = `a0`.`Id`
WHERE `a`.`id` = @__entity_id_0
LIMIT 1
2025-06-07T09:44:02.0258908+03:00	INFO	[ZAK.DA.ApplicationRepository]	[0]	Updating application: ZAK.DA.Application
2025-06-07T09:44:02.0332970+03:00	INFO	[Microsoft.EntityFrameworkCore.Database.Command]	[Microsoft.EntityFrameworkCore.Database.Command.CommandExecuted]	Executed DbCommand (3ms) [Parameters=[@__entity_id_0='187085'], CommandType='Text', CommandTimeout='30']
SELECT `a`.`id`, `a`.`addresWasUpdated`, `a`.`addressId`, `a`.`day`, `a`.`endHour`, `a`.`firstPart`, `a`.`freeCable`, `a`.`ignored`, `a`.`important`, `a`.`inSchedule`, `a`.`masterComment`, `a`.`masterCommentWasUpdated`, `a`.`maxDaysForConnection`, `a`.`month`, `a`.`operatorComment`, `a`.`operatorCommentWasUpdated`, `a`.`secondPart`, `a`.`startHour`, `a`.`statusWasChecked`, `a`.`statusWasUpdated`, `a`.`stretchingStatus`, `a`.`tarChangeApp`, `a`.`timeRangeIsSet`, `a`.`urgent`, `a`.`year`, `a0`.`Id`, `a0`.`blackoutGroup`, `a0`.`building`, `a0`.`districtname`, `a0`.`equipmentAccess`, `a0`.`streetName`
FROM `applications` AS `a`
LEFT JOIN `addresses` AS `a0` ON `a`.`addressId` = `a0`.`Id`
WHERE `a`.`id` = @__entity_id_0
LIMIT 1
2025-06-07T09:44:02.0421578+03:00	INFO	[ZAK.DA.ApplicationRepository]	[0]	Updating application: ZAK.DA.Application
2025-06-07T09:44:02.0504580+03:00	INFO	[Microsoft.EntityFrameworkCore.Database.Command]	[Microsoft.EntityFrameworkCore.Database.Command.CommandExecuted]	Executed DbCommand (4ms) [Parameters=[@__entity_id_0='187085'], CommandType='Text', CommandTimeout='30']
SELECT `a`.`id`, `a`.`addresWasUpdated`, `a`.`addressId`, `a`.`day`, `a`.`endHour`, `a`.`firstPart`, `a`.`freeCable`, `a`.`ignored`, `a`.`important`, `a`.`inSchedule`, `a`.`masterComment`, `a`.`masterCommentWasUpdated`, `a`.`maxDaysForConnection`, `a`.`month`, `a`.`operatorComment`, `a`.`operatorCommentWasUpdated`, `a`.`secondPart`, `a`.`startHour`, `a`.`statusWasChecked`, `a`.`statusWasUpdated`, `a`.`stretchingStatus`, `a`.`tarChangeApp`, `a`.`timeRangeIsSet`, `a`.`urgent`, `a`.`year`, `a0`.`Id`, `a0`.`blackoutGroup`, `a0`.`building`, `a0`.`districtname`, `a0`.`equipmentAccess`, `a0`.`streetName`
FROM `applications` AS `a`
LEFT JOIN `addresses` AS `a0` ON `a`.`addressId` = `a0`.`Id`
WHERE `a`.`id` = @__entity_id_0
LIMIT 1
2025-06-07T09:44:02.0576757+03:00	INFO	[ZAK.DA.ApplicationRepository]	[0]	Updating application: ZAK.DA.Application
2025-06-07T09:44:02.0656413+03:00	INFO	[Microsoft.EntityFrameworkCore.Database.Command]	[Microsoft.EntityFrameworkCore.Database.Command.CommandExecuted]	Executed DbCommand (4ms) [Parameters=[@__entity_id_0='187085'], CommandType='Text', CommandTimeout='30']
SELECT `a`.`id`, `a`.`addresWasUpdated`, `a`.`addressId`, `a`.`day`, `a`.`endHour`, `a`.`firstPart`, `a`.`freeCable`, `a`.`ignored`, `a`.`important`, `a`.`inSchedule`, `a`.`masterComment`, `a`.`masterCommentWasUpdated`, `a`.`maxDaysForConnection`, `a`.`month`, `a`.`operatorComment`, `a`.`operatorCommentWasUpdated`, `a`.`secondPart`, `a`.`startHour`, `a`.`statusWasChecked`, `a`.`statusWasUpdated`, `a`.`stretchingStatus`, `a`.`tarChangeApp`, `a`.`timeRangeIsSet`, `a`.`urgent`, `a`.`year`, `a0`.`Id`, `a0`.`blackoutGroup`, `a0`.`building`, `a0`.`districtname`, `a0`.`equipmentAccess`, `a0`.`streetName`
FROM `applications` AS `a`
LEFT JOIN `addresses` AS `a0` ON `a`.`addressId` = `a0`.`Id`
WHERE `a`.`id` = @__entity_id_0
LIMIT 1
2025-06-07T09:44:02.0952921+03:00	INFO	[ZAK.DA.ApplicationRepository]	[0]	Updating application: ZAK.DA.Application
2025-06-07T09:44:02.1075832+03:00	INFO	[Microsoft.EntityFrameworkCore.Database.Command]	[Microsoft.EntityFrameworkCore.Database.Command.CommandExecuted]	Executed DbCommand (4ms) [Parameters=[@__entity_id_0='187085'], CommandType='Text', CommandTimeout='30']
SELECT `a`.`id`, `a`.`addresWasUpdated`, `a`.`addressId`, `a`.`day`, `a`.`endHour`, `a`.`firstPart`, `a`.`freeCable`, `a`.`ignored`, `a`.`important`, `a`.`inSchedule`, `a`.`masterComment`, `a`.`masterCommentWasUpdated`, `a`.`maxDaysForConnection`, `a`.`month`, `a`.`operatorComment`, `a`.`operatorCommentWasUpdated`, `a`.`secondPart`, `a`.`startHour`, `a`.`statusWasChecked`, `a`.`statusWasUpdated`, `a`.`stretchingStatus`, `a`.`tarChangeApp`, `a`.`timeRangeIsSet`, `a`.`urgent`, `a`.`year`, `a0`.`Id`, `a0`.`blackoutGroup`, `a0`.`building`, `a0`.`districtname`, `a0`.`equipmentAccess`, `a0`.`streetName`
FROM `applications` AS `a`
LEFT JOIN `addresses` AS `a0` ON `a`.`addressId` = `a0`.`Id`
WHERE `a`.`id` = @__entity_id_0
LIMIT 1
2025-06-07T09:44:02.1132726+03:00	INFO	[ZAK.DA.ApplicationRepository]	[0]	Updating application: ZAK.DA.Application
2025-06-07T09:44:02.1261994+03:00	INFO	[Microsoft.EntityFrameworkCore.Database.Command]	[Microsoft.EntityFrameworkCore.Database.Command.CommandExecuted]	Executed DbCommand (8ms) [Parameters=[@__entity_id_0='187085'], CommandType='Text', CommandTimeout='30']
SELECT `a`.`id`, `a`.`addresWasUpdated`, `a`.`addressId`, `a`.`day`, `a`.`endHour`, `a`.`firstPart`, `a`.`freeCable`, `a`.`ignored`, `a`.`important`, `a`.`inSchedule`, `a`.`masterComment`, `a`.`masterCommentWasUpdated`, `a`.`maxDaysForConnection`, `a`.`month`, `a`.`operatorComment`, `a`.`operatorCommentWasUpdated`, `a`.`secondPart`, `a`.`startHour`, `a`.`statusWasChecked`, `a`.`statusWasUpdated`, `a`.`stretchingStatus`, `a`.`tarChangeApp`, `a`.`timeRangeIsSet`, `a`.`urgent`, `a`.`year`, `a0`.`Id`, `a0`.`blackoutGroup`, `a0`.`building`, `a0`.`districtname`, `a0`.`equipmentAccess`, `a0`.`streetName`
FROM `applications` AS `a`
LEFT JOIN `addresses` AS `a0` ON `a`.`addressId` = `a0`.`Id`
WHERE `a`.`id` = @__entity_id_0
LIMIT 1
2025-06-07T09:44:02.1347203+03:00	INFO	[ZAK.DA.ApplicationRepository]	[0]	Updating application: ZAK.DA.Application
2025-06-07T09:44:02.1571121+03:00	INFO	[Microsoft.EntityFrameworkCore.Database.Command]	[Microsoft.EntityFrameworkCore.Database.Command.CommandExecuted]	Executed DbCommand (9ms) [Parameters=[@__entity_id_0='187085'], CommandType='Text', CommandTimeout='30']
SELECT `a`.`id`, `a`.`addresWasUpdated`, `a`.`addressId`, `a`.`day`, `a`.`endHour`, `a`.`firstPart`, `a`.`freeCable`, `a`.`ignored`, `a`.`important`, `a`.`inSchedule`, `a`.`masterComment`, `a`.`masterCommentWasUpdated`, `a`.`maxDaysForConnection`, `a`.`month`, `a`.`operatorComment`, `a`.`operatorCommentWasUpdated`, `a`.`secondPart`, `a`.`startHour`, `a`.`statusWasChecked`, `a`.`statusWasUpdated`, `a`.`stretchingStatus`, `a`.`tarChangeApp`, `a`.`timeRangeIsSet`, `a`.`urgent`, `a`.`year`, `a0`.`Id`, `a0`.`blackoutGroup`, `a0`.`building`, `a0`.`districtname`, `a0`.`equipmentAccess`, `a0`.`streetName`
FROM `applications` AS `a`
LEFT JOIN `addresses` AS `a0` ON `a`.`addressId` = `a0`.`Id`
WHERE `a`.`id` = @__entity_id_0
LIMIT 1
2025-06-07T09:44:02.1673054+03:00	INFO	[ZAK.DA.ApplicationRepository]	[0]	Updating application: ZAK.DA.Application
2025-06-07T09:44:02.2175564+03:00	INFO	[Microsoft.EntityFrameworkCore.Database.Command]	[Microsoft.EntityFrameworkCore.Database.Command.CommandExecuted]	Executed DbCommand (43ms) [Parameters=[@__entity_id_0='187085'], CommandType='Text', CommandTimeout='30']
SELECT `a`.`id`, `a`.`addresWasUpdated`, `a`.`addressId`, `a`.`day`, `a`.`endHour`, `a`.`firstPart`, `a`.`freeCable`, `a`.`ignored`, `a`.`important`, `a`.`inSchedule`, `a`.`masterComment`, `a`.`masterCommentWasUpdated`, `a`.`maxDaysForConnection`, `a`.`month`, `a`.`operatorComment`, `a`.`operatorCommentWasUpdated`, `a`.`secondPart`, `a`.`startHour`, `a`.`statusWasChecked`, `a`.`statusWasUpdated`, `a`.`stretchingStatus`, `a`.`tarChangeApp`, `a`.`timeRangeIsSet`, `a`.`urgent`, `a`.`year`, `a0`.`Id`, `a0`.`blackoutGroup`, `a0`.`building`, `a0`.`districtname`, `a0`.`equipmentAccess`, `a0`.`streetName`
FROM `applications` AS `a`
LEFT JOIN `addresses` AS `a0` ON `a`.`addressId` = `a0`.`Id`
WHERE `a`.`id` = @__entity_id_0
LIMIT 1
2025-06-07T09:44:02.2252410+03:00	INFO	[ZAK.DA.ApplicationRepository]	[0]	Updating application: ZAK.DA.Application
2025-06-07T09:44:02.2615506+03:00	INFO	[ZAK.DA.ApplicationRepository]	[0]	Updating application: ZAK.DA.Application
2025-06-07T09:44:02.2629912+03:00	INFO	[Microsoft.EntityFrameworkCore.Database.Command]	[Microsoft.EntityFrameworkCore.Database.Command.CommandExecuted]	Executed DbCommand (18ms) [Parameters=[@__entity_id_0='187085'], CommandType='Text', CommandTimeout='30']
SELECT `a`.`id`, `a`.`addresWasUpdated`, `a`.`addressId`, `a`.`day`, `a`.`endHour`, `a`.`firstPart`, `a`.`freeCable`, `a`.`ignored`, `a`.`important`, `a`.`inSchedule`, `a`.`masterComment`, `a`.`masterCommentWasUpdated`, `a`.`maxDaysForConnection`, `a`.`month`, `a`.`operatorComment`, `a`.`operatorCommentWasUpdated`, `a`.`secondPart`, `a`.`startHour`, `a`.`statusWasChecked`, `a`.`statusWasUpdated`, `a`.`stretchingStatus`, `a`.`tarChangeApp`, `a`.`timeRangeIsSet`, `a`.`urgent`, `a`.`year`, `a0`.`Id`, `a0`.`blackoutGroup`, `a0`.`building`, `a0`.`districtname`, `a0`.`equipmentAccess`, `a0`.`streetName`
FROM `applications` AS `a`
LEFT JOIN `addresses` AS `a0` ON `a`.`addressId` = `a0`.`Id`
WHERE `a`.`id` = @__entity_id_0
LIMIT 1
2025-06-07T09:44:02.2990374+03:00	INFO	[Microsoft.EntityFrameworkCore.Database.Command]	[Microsoft.EntityFrameworkCore.Database.Command.CommandExecuted]	Executed DbCommand (9ms) [Parameters=[@__entity_id_0='187085'], CommandType='Text', CommandTimeout='30']
SELECT `a`.`id`, `a`.`addresWasUpdated`, `a`.`addressId`, `a`.`day`, `a`.`endHour`, `a`.`firstPart`, `a`.`freeCable`, `a`.`ignored`, `a`.`important`, `a`.`inSchedule`, `a`.`masterComment`, `a`.`masterCommentWasUpdated`, `a`.`maxDaysForConnection`, `a`.`month`, `a`.`operatorComment`, `a`.`operatorCommentWasUpdated`, `a`.`secondPart`, `a`.`startHour`, `a`.`statusWasChecked`, `a`.`statusWasUpdated`, `a`.`stretchingStatus`, `a`.`tarChangeApp`, `a`.`timeRangeIsSet`, `a`.`urgent`, `a`.`year`, `a0`.`Id`, `a0`.`blackoutGroup`, `a0`.`building`, `a0`.`districtname`, `a0`.`equipmentAccess`, `a0`.`streetName`
FROM `applications` AS `a`
LEFT JOIN `addresses` AS `a0` ON `a`.`addressId` = `a0`.`Id`
WHERE `a`.`id` = @__entity_id_0
LIMIT 1
2025-06-07T09:44:02.2998467+03:00	INFO	[ZAK.DA.ApplicationRepository]	[0]	Updating application: ZAK.DA.Application
2025-06-07T09:44:02.3115272+03:00	INFO	[Microsoft.EntityFrameworkCore.Database.Command]	[Microsoft.EntityFrameworkCore.Database.Command.CommandExecuted]	Executed DbCommand (5ms) [Parameters=[@__entity_id_0='187085'], CommandType='Text', CommandTimeout='30']
SELECT `a`.`id`, `a`.`addresWasUpdated`, `a`.`addressId`, `a`.`day`, `a`.`endHour`, `a`.`firstPart`, `a`.`freeCable`, `a`.`ignored`, `a`.`important`, `a`.`inSchedule`, `a`.`masterComment`, `a`.`masterCommentWasUpdated`, `a`.`maxDaysForConnection`, `a`.`month`, `a`.`operatorComment`, `a`.`operatorCommentWasUpdated`, `a`.`secondPart`, `a`.`startHour`, `a`.`statusWasChecked`, `a`.`statusWasUpdated`, `a`.`stretchingStatus`, `a`.`tarChangeApp`, `a`.`timeRangeIsSet`, `a`.`urgent`, `a`.`year`, `a0`.`Id`, `a0`.`blackoutGroup`, `a0`.`building`, `a0`.`districtname`, `a0`.`equipmentAccess`, `a0`.`streetName`
FROM `applications` AS `a`
LEFT JOIN `addresses` AS `a0` ON `a`.`addressId` = `a0`.`Id`
WHERE `a`.`id` = @__entity_id_0
LIMIT 1
2025-06-07T09:44:02.3173781+03:00	INFO	[ZAK.DA.ApplicationRepository]	[0]	Updating application: ZAK.DA.Application
2025-06-07T09:44:02.3356743+03:00	INFO	[Microsoft.EntityFrameworkCore.Database.Command]	[Microsoft.EntityFrameworkCore.Database.Command.CommandExecuted]	Executed DbCommand (7ms) [Parameters=[@__entity_id_0='187085'], CommandType='Text', CommandTimeout='30']
SELECT `a`.`id`, `a`.`addresWasUpdated`, `a`.`addressId`, `a`.`day`, `a`.`endHour`, `a`.`firstPart`, `a`.`freeCable`, `a`.`ignored`, `a`.`important`, `a`.`inSchedule`, `a`.`masterComment`, `a`.`masterCommentWasUpdated`, `a`.`maxDaysForConnection`, `a`.`month`, `a`.`operatorComment`, `a`.`operatorCommentWasUpdated`, `a`.`secondPart`, `a`.`startHour`, `a`.`statusWasChecked`, `a`.`statusWasUpdated`, `a`.`stretchingStatus`, `a`.`tarChangeApp`, `a`.`timeRangeIsSet`, `a`.`urgent`, `a`.`year`, `a0`.`Id`, `a0`.`blackoutGroup`, `a0`.`building`, `a0`.`districtname`, `a0`.`equipmentAccess`, `a0`.`streetName`
FROM `applications` AS `a`
LEFT JOIN `addresses` AS `a0` ON `a`.`addressId` = `a0`.`Id`
WHERE `a`.`id` = @__entity_id_0
LIMIT 1
2025-06-07T09:44:02.3444363+03:00	INFO	[ZAK.DA.ApplicationRepository]	[0]	Updating application: ZAK.DA.Application
2025-06-07T09:44:02.4349050+03:00	INFO	[ZAK.DA.ApplicationRepository]	[0]	Updating application: ZAK.DA.Application
2025-06-07T09:44:02.4394192+03:00	INFO	[Microsoft.EntityFrameworkCore.Database.Command]	[Microsoft.EntityFrameworkCore.Database.Command.CommandExecuted]	Executed DbCommand (11ms) [Parameters=[@__entity_id_0='187085'], CommandType='Text', CommandTimeout='30']
SELECT `a`.`id`, `a`.`addresWasUpdated`, `a`.`addressId`, `a`.`day`, `a`.`endHour`, `a`.`firstPart`, `a`.`freeCable`, `a`.`ignored`, `a`.`important`, `a`.`inSchedule`, `a`.`masterComment`, `a`.`masterCommentWasUpdated`, `a`.`maxDaysForConnection`, `a`.`month`, `a`.`operatorComment`, `a`.`operatorCommentWasUpdated`, `a`.`secondPart`, `a`.`startHour`, `a`.`statusWasChecked`, `a`.`statusWasUpdated`, `a`.`stretchingStatus`, `a`.`tarChangeApp`, `a`.`timeRangeIsSet`, `a`.`urgent`, `a`.`year`, `a0`.`Id`, `a0`.`blackoutGroup`, `a0`.`building`, `a0`.`districtname`, `a0`.`equipmentAccess`, `a0`.`streetName`
FROM `applications` AS `a`
LEFT JOIN `addresses` AS `a0` ON `a`.`addressId` = `a0`.`Id`
WHERE `a`.`id` = @__entity_id_0
LIMIT 1
2025-06-07T09:44:02.4663680+03:00	INFO	[Microsoft.EntityFrameworkCore.Database.Command]	[Microsoft.EntityFrameworkCore.Database.Command.CommandExecuted]	Executed DbCommand (8ms) [Parameters=[@__entity_id_0='187085'], CommandType='Text', CommandTimeout='30']
SELECT `a`.`id`, `a`.`addresWasUpdated`, `a`.`addressId`, `a`.`day`, `a`.`endHour`, `a`.`firstPart`, `a`.`freeCable`, `a`.`ignored`, `a`.`important`, `a`.`inSchedule`, `a`.`masterComment`, `a`.`masterCommentWasUpdated`, `a`.`maxDaysForConnection`, `a`.`month`, `a`.`operatorComment`, `a`.`operatorCommentWasUpdated`, `a`.`secondPart`, `a`.`startHour`, `a`.`statusWasChecked`, `a`.`statusWasUpdated`, `a`.`stretchingStatus`, `a`.`tarChangeApp`, `a`.`timeRangeIsSet`, `a`.`urgent`, `a`.`year`, `a0`.`Id`, `a0`.`blackoutGroup`, `a0`.`building`, `a0`.`districtname`, `a0`.`equipmentAccess`, `a0`.`streetName`
FROM `applications` AS `a`
LEFT JOIN `addresses` AS `a0` ON `a`.`addressId` = `a0`.`Id`
WHERE `a`.`id` = @__entity_id_0
LIMIT 1
2025-06-07T09:44:02.4682668+03:00	INFO	[ZAK.DA.ApplicationRepository]	[0]	Updating application: ZAK.DA.Application
2025-06-07T09:44:02.4884732+03:00	INFO	[Microsoft.EntityFrameworkCore.Database.Command]	[Microsoft.EntityFrameworkCore.Database.Command.CommandExecuted]	Executed DbCommand (10ms) [Parameters=[@__entity_id_0='187085'], CommandType='Text', CommandTimeout='30']
SELECT `a`.`id`, `a`.`addresWasUpdated`, `a`.`addressId`, `a`.`day`, `a`.`endHour`, `a`.`firstPart`, `a`.`freeCable`, `a`.`ignored`, `a`.`important`, `a`.`inSchedule`, `a`.`masterComment`, `a`.`masterCommentWasUpdated`, `a`.`maxDaysForConnection`, `a`.`month`, `a`.`operatorComment`, `a`.`operatorCommentWasUpdated`, `a`.`secondPart`, `a`.`startHour`, `a`.`statusWasChecked`, `a`.`statusWasUpdated`, `a`.`stretchingStatus`, `a`.`tarChangeApp`, `a`.`timeRangeIsSet`, `a`.`urgent`, `a`.`year`, `a0`.`Id`, `a0`.`blackoutGroup`, `a0`.`building`, `a0`.`districtname`, `a0`.`equipmentAccess`, `a0`.`streetName`
FROM `applications` AS `a`
LEFT JOIN `addresses` AS `a0` ON `a`.`addressId` = `a0`.`Id`
WHERE `a`.`id` = @__entity_id_0
LIMIT 1
2025-06-07T09:44:02.4921903+03:00	INFO	[ZAK.DA.ApplicationRepository]	[0]	Updating application: ZAK.DA.Application
2025-06-07T09:44:02.5065790+03:00	INFO	[Microsoft.EntityFrameworkCore.Database.Command]	[Microsoft.EntityFrameworkCore.Database.Command.CommandExecuted]	Executed DbCommand (8ms) [Parameters=[@__entity_id_0='187085'], CommandType='Text', CommandTimeout='30']
SELECT `a`.`id`, `a`.`addresWasUpdated`, `a`.`addressId`, `a`.`day`, `a`.`endHour`, `a`.`firstPart`, `a`.`freeCable`, `a`.`ignored`, `a`.`important`, `a`.`inSchedule`, `a`.`masterComment`, `a`.`masterCommentWasUpdated`, `a`.`maxDaysForConnection`, `a`.`month`, `a`.`operatorComment`, `a`.`operatorCommentWasUpdated`, `a`.`secondPart`, `a`.`startHour`, `a`.`statusWasChecked`, `a`.`statusWasUpdated`, `a`.`stretchingStatus`, `a`.`tarChangeApp`, `a`.`timeRangeIsSet`, `a`.`urgent`, `a`.`year`, `a0`.`Id`, `a0`.`blackoutGroup`, `a0`.`building`, `a0`.`districtname`, `a0`.`equipmentAccess`, `a0`.`streetName`
FROM `applications` AS `a`
LEFT JOIN `addresses` AS `a0` ON `a`.`addressId` = `a0`.`Id`
WHERE `a`.`id` = @__entity_id_0
LIMIT 1
2025-06-07T09:44:02.5177228+03:00	INFO	[ZAK.DA.ApplicationRepository]	[0]	Updating application: ZAK.DA.Application
2025-06-07T09:44:02.5403629+03:00	INFO	[Microsoft.EntityFrameworkCore.Database.Command]	[Microsoft.EntityFrameworkCore.Database.Command.CommandExecuted]	Executed DbCommand (10ms) [Parameters=[@__entity_id_0='187085'], CommandType='Text', CommandTimeout='30']
SELECT `a`.`id`, `a`.`addresWasUpdated`, `a`.`addressId`, `a`.`day`, `a`.`endHour`, `a`.`firstPart`, `a`.`freeCable`, `a`.`ignored`, `a`.`important`, `a`.`inSchedule`, `a`.`masterComment`, `a`.`masterCommentWasUpdated`, `a`.`maxDaysForConnection`, `a`.`month`, `a`.`operatorComment`, `a`.`operatorCommentWasUpdated`, `a`.`secondPart`, `a`.`startHour`, `a`.`statusWasChecked`, `a`.`statusWasUpdated`, `a`.`stretchingStatus`, `a`.`tarChangeApp`, `a`.`timeRangeIsSet`, `a`.`urgent`, `a`.`year`, `a0`.`Id`, `a0`.`blackoutGroup`, `a0`.`building`, `a0`.`districtname`, `a0`.`equipmentAccess`, `a0`.`streetName`
FROM `applications` AS `a`
LEFT JOIN `addresses` AS `a0` ON `a`.`addressId` = `a0`.`Id`
WHERE `a`.`id` = @__entity_id_0
LIMIT 1
2025-06-07T09:44:02.5433372+03:00	INFO	[ZAK.DA.ApplicationRepository]	[0]	Updating application: ZAK.DA.Application
2025-06-07T09:44:02.5660813+03:00	INFO	[ZAK.DA.ApplicationRepository]	[0]	Updating application: ZAK.DA.Application
2025-06-07T09:44:02.5667826+03:00	INFO	[Microsoft.EntityFrameworkCore.Database.Command]	[Microsoft.EntityFrameworkCore.Database.Command.CommandExecuted]	Executed DbCommand (6ms) [Parameters=[@__entity_id_0='187085'], CommandType='Text', CommandTimeout='30']
SELECT `a`.`id`, `a`.`addresWasUpdated`, `a`.`addressId`, `a`.`day`, `a`.`endHour`, `a`.`firstPart`, `a`.`freeCable`, `a`.`ignored`, `a`.`important`, `a`.`inSchedule`, `a`.`masterComment`, `a`.`masterCommentWasUpdated`, `a`.`maxDaysForConnection`, `a`.`month`, `a`.`operatorComment`, `a`.`operatorCommentWasUpdated`, `a`.`secondPart`, `a`.`startHour`, `a`.`statusWasChecked`, `a`.`statusWasUpdated`, `a`.`stretchingStatus`, `a`.`tarChangeApp`, `a`.`timeRangeIsSet`, `a`.`urgent`, `a`.`year`, `a0`.`Id`, `a0`.`blackoutGroup`, `a0`.`building`, `a0`.`districtname`, `a0`.`equipmentAccess`, `a0`.`streetName`
FROM `applications` AS `a`
LEFT JOIN `addresses` AS `a0` ON `a`.`addressId` = `a0`.`Id`
WHERE `a`.`id` = @__entity_id_0
LIMIT 1
2025-06-07T09:44:02.5787357+03:00	INFO	[Microsoft.EntityFrameworkCore.Database.Command]	[Microsoft.EntityFrameworkCore.Database.Command.CommandExecuted]	Executed DbCommand (6ms) [Parameters=[@__entity_id_0='187085'], CommandType='Text', CommandTimeout='30']
SELECT `a`.`id`, `a`.`addresWasUpdated`, `a`.`addressId`, `a`.`day`, `a`.`endHour`, `a`.`firstPart`, `a`.`freeCable`, `a`.`ignored`, `a`.`important`, `a`.`inSchedule`, `a`.`masterComment`, `a`.`masterCommentWasUpdated`, `a`.`maxDaysForConnection`, `a`.`month`, `a`.`operatorComment`, `a`.`operatorCommentWasUpdated`, `a`.`secondPart`, `a`.`startHour`, `a`.`statusWasChecked`, `a`.`statusWasUpdated`, `a`.`stretchingStatus`, `a`.`tarChangeApp`, `a`.`timeRangeIsSet`, `a`.`urgent`, `a`.`year`, `a0`.`Id`, `a0`.`blackoutGroup`, `a0`.`building`, `a0`.`districtname`, `a0`.`equipmentAccess`, `a0`.`streetName`
FROM `applications` AS `a`
LEFT JOIN `addresses` AS `a0` ON `a`.`addressId` = `a0`.`Id`
WHERE `a`.`id` = @__entity_id_0
LIMIT 1
2025-06-07T09:44:02.5858189+03:00	INFO	[ZAK.DA.ApplicationRepository]	[0]	Updating application: ZAK.DA.Application
2025-06-07T09:44:02.5972285+03:00	INFO	[Microsoft.EntityFrameworkCore.Database.Command]	[Microsoft.EntityFrameworkCore.Database.Command.CommandExecuted]	Executed DbCommand (6ms) [Parameters=[@__entity_id_0='187085'], CommandType='Text', CommandTimeout='30']
SELECT `a`.`id`, `a`.`addresWasUpdated`, `a`.`addressId`, `a`.`day`, `a`.`endHour`, `a`.`firstPart`, `a`.`freeCable`, `a`.`ignored`, `a`.`important`, `a`.`inSchedule`, `a`.`masterComment`, `a`.`masterCommentWasUpdated`, `a`.`maxDaysForConnection`, `a`.`month`, `a`.`operatorComment`, `a`.`operatorCommentWasUpdated`, `a`.`secondPart`, `a`.`startHour`, `a`.`statusWasChecked`, `a`.`statusWasUpdated`, `a`.`stretchingStatus`, `a`.`tarChangeApp`, `a`.`timeRangeIsSet`, `a`.`urgent`, `a`.`year`, `a0`.`Id`, `a0`.`blackoutGroup`, `a0`.`building`, `a0`.`districtname`, `a0`.`equipmentAccess`, `a0`.`streetName`
FROM `applications` AS `a`
LEFT JOIN `addresses` AS `a0` ON `a`.`addressId` = `a0`.`Id`
WHERE `a`.`id` = @__entity_id_0
LIMIT 1
2025-06-07T09:44:02.6096480+03:00	INFO	[ZAK.DA.ApplicationRepository]	[0]	Updating application: ZAK.DA.Application
2025-06-07T09:44:02.6298834+03:00	INFO	[ZAK.DA.ApplicationRepository]	[0]	Updating application: ZAK.DA.Application
2025-06-07T09:44:02.6342443+03:00	INFO	[Microsoft.EntityFrameworkCore.Database.Command]	[Microsoft.EntityFrameworkCore.Database.Command.CommandExecuted]	Executed DbCommand (15ms) [Parameters=[@__entity_id_0='187085'], CommandType='Text', CommandTimeout='30']
SELECT `a`.`id`, `a`.`addresWasUpdated`, `a`.`addressId`, `a`.`day`, `a`.`endHour`, `a`.`firstPart`, `a`.`freeCable`, `a`.`ignored`, `a`.`important`, `a`.`inSchedule`, `a`.`masterComment`, `a`.`masterCommentWasUpdated`, `a`.`maxDaysForConnection`, `a`.`month`, `a`.`operatorComment`, `a`.`operatorCommentWasUpdated`, `a`.`secondPart`, `a`.`startHour`, `a`.`statusWasChecked`, `a`.`statusWasUpdated`, `a`.`stretchingStatus`, `a`.`tarChangeApp`, `a`.`timeRangeIsSet`, `a`.`urgent`, `a`.`year`, `a0`.`Id`, `a0`.`blackoutGroup`, `a0`.`building`, `a0`.`districtname`, `a0`.`equipmentAccess`, `a0`.`streetName`
FROM `applications` AS `a`
LEFT JOIN `addresses` AS `a0` ON `a`.`addressId` = `a0`.`Id`
WHERE `a`.`id` = @__entity_id_0
LIMIT 1
2025-06-07T09:44:02.6503772+03:00	INFO	[ZAK.DA.ApplicationRepository]	[0]	Updating application: ZAK.DA.Application
2025-06-07T09:44:02.6505877+03:00	INFO	[Microsoft.EntityFrameworkCore.Database.Command]	[Microsoft.EntityFrameworkCore.Database.Command.CommandExecuted]	Executed DbCommand (7ms) [Parameters=[@__entity_id_0='187085'], CommandType='Text', CommandTimeout='30']
SELECT `a`.`id`, `a`.`addresWasUpdated`, `a`.`addressId`, `a`.`day`, `a`.`endHour`, `a`.`firstPart`, `a`.`freeCable`, `a`.`ignored`, `a`.`important`, `a`.`inSchedule`, `a`.`masterComment`, `a`.`masterCommentWasUpdated`, `a`.`maxDaysForConnection`, `a`.`month`, `a`.`operatorComment`, `a`.`operatorCommentWasUpdated`, `a`.`secondPart`, `a`.`startHour`, `a`.`statusWasChecked`, `a`.`statusWasUpdated`, `a`.`stretchingStatus`, `a`.`tarChangeApp`, `a`.`timeRangeIsSet`, `a`.`urgent`, `a`.`year`, `a0`.`Id`, `a0`.`blackoutGroup`, `a0`.`building`, `a0`.`districtname`, `a0`.`equipmentAccess`, `a0`.`streetName`
FROM `applications` AS `a`
LEFT JOIN `addresses` AS `a0` ON `a`.`addressId` = `a0`.`Id`
WHERE `a`.`id` = @__entity_id_0
LIMIT 1
2025-06-07T09:44:02.6589461+03:00	INFO	[Microsoft.EntityFrameworkCore.Database.Command]	[Microsoft.EntityFrameworkCore.Database.Command.CommandExecuted]	Executed DbCommand (3ms) [Parameters=[@__entity_id_0='187085'], CommandType='Text', CommandTimeout='30']
SELECT `a`.`id`, `a`.`addresWasUpdated`, `a`.`addressId`, `a`.`day`, `a`.`endHour`, `a`.`firstPart`, `a`.`freeCable`, `a`.`ignored`, `a`.`important`, `a`.`inSchedule`, `a`.`masterComment`, `a`.`masterCommentWasUpdated`, `a`.`maxDaysForConnection`, `a`.`month`, `a`.`operatorComment`, `a`.`operatorCommentWasUpdated`, `a`.`secondPart`, `a`.`startHour`, `a`.`statusWasChecked`, `a`.`statusWasUpdated`, `a`.`stretchingStatus`, `a`.`tarChangeApp`, `a`.`timeRangeIsSet`, `a`.`urgent`, `a`.`year`, `a0`.`Id`, `a0`.`blackoutGroup`, `a0`.`building`, `a0`.`districtname`, `a0`.`equipmentAccess`, `a0`.`streetName`
FROM `applications` AS `a`
LEFT JOIN `addresses` AS `a0` ON `a`.`addressId` = `a0`.`Id`
WHERE `a`.`id` = @__entity_id_0
LIMIT 1
2025-06-07T09:44:02.6682291+03:00	INFO	[ZAK.DA.ApplicationRepository]	[0]	Updating application: ZAK.DA.Application
2025-06-07T09:44:02.6829696+03:00	INFO	[Microsoft.EntityFrameworkCore.Database.Command]	[Microsoft.EntityFrameworkCore.Database.Command.CommandExecuted]	Executed DbCommand (9ms) [Parameters=[@__entity_id_0='187085'], CommandType='Text', CommandTimeout='30']
SELECT `a`.`id`, `a`.`addresWasUpdated`, `a`.`addressId`, `a`.`day`, `a`.`endHour`, `a`.`firstPart`, `a`.`freeCable`, `a`.`ignored`, `a`.`important`, `a`.`inSchedule`, `a`.`masterComment`, `a`.`masterCommentWasUpdated`, `a`.`maxDaysForConnection`, `a`.`month`, `a`.`operatorComment`, `a`.`operatorCommentWasUpdated`, `a`.`secondPart`, `a`.`startHour`, `a`.`statusWasChecked`, `a`.`statusWasUpdated`, `a`.`stretchingStatus`, `a`.`tarChangeApp`, `a`.`timeRangeIsSet`, `a`.`urgent`, `a`.`year`, `a0`.`Id`, `a0`.`blackoutGroup`, `a0`.`building`, `a0`.`districtname`, `a0`.`equipmentAccess`, `a0`.`streetName`
FROM `applications` AS `a`
LEFT JOIN `addresses` AS `a0` ON `a`.`addressId` = `a0`.`Id`
WHERE `a`.`id` = @__entity_id_0
LIMIT 1
2025-06-07T09:44:02.6880451+03:00	INFO	[ZAK.DA.ApplicationRepository]	[0]	Updating application: ZAK.DA.Application
2025-06-07T09:44:02.7042106+03:00	INFO	[Microsoft.EntityFrameworkCore.Database.Command]	[Microsoft.EntityFrameworkCore.Database.Command.CommandExecuted]	Executed DbCommand (11ms) [Parameters=[@__entity_id_0='187085'], CommandType='Text', CommandTimeout='30']
SELECT `a`.`id`, `a`.`addresWasUpdated`, `a`.`addressId`, `a`.`day`, `a`.`endHour`, `a`.`firstPart`, `a`.`freeCable`, `a`.`ignored`, `a`.`important`, `a`.`inSchedule`, `a`.`masterComment`, `a`.`masterCommentWasUpdated`, `a`.`maxDaysForConnection`, `a`.`month`, `a`.`operatorComment`, `a`.`operatorCommentWasUpdated`, `a`.`secondPart`, `a`.`startHour`, `a`.`statusWasChecked`, `a`.`statusWasUpdated`, `a`.`stretchingStatus`, `a`.`tarChangeApp`, `a`.`timeRangeIsSet`, `a`.`urgent`, `a`.`year`, `a0`.`Id`, `a0`.`blackoutGroup`, `a0`.`building`, `a0`.`districtname`, `a0`.`equipmentAccess`, `a0`.`streetName`
FROM `applications` AS `a`
LEFT JOIN `addresses` AS `a0` ON `a`.`addressId` = `a0`.`Id`
WHERE `a`.`id` = @__entity_id_0
LIMIT 1
2025-06-07T09:44:02.7102537+03:00	INFO	[ZAK.DA.ApplicationRepository]	[0]	Updating application: ZAK.DA.Application
2025-06-07T09:44:02.7206192+03:00	INFO	[Microsoft.EntityFrameworkCore.Database.Command]	[Microsoft.EntityFrameworkCore.Database.Command.CommandExecuted]	Executed DbCommand (4ms) [Parameters=[@__entity_id_0='187085'], CommandType='Text', CommandTimeout='30']
SELECT `a`.`id`, `a`.`addresWasUpdated`, `a`.`addressId`, `a`.`day`, `a`.`endHour`, `a`.`firstPart`, `a`.`freeCable`, `a`.`ignored`, `a`.`important`, `a`.`inSchedule`, `a`.`masterComment`, `a`.`masterCommentWasUpdated`, `a`.`maxDaysForConnection`, `a`.`month`, `a`.`operatorComment`, `a`.`operatorCommentWasUpdated`, `a`.`secondPart`, `a`.`startHour`, `a`.`statusWasChecked`, `a`.`statusWasUpdated`, `a`.`stretchingStatus`, `a`.`tarChangeApp`, `a`.`timeRangeIsSet`, `a`.`urgent`, `a`.`year`, `a0`.`Id`, `a0`.`blackoutGroup`, `a0`.`building`, `a0`.`districtname`, `a0`.`equipmentAccess`, `a0`.`streetName`
FROM `applications` AS `a`
LEFT JOIN `addresses` AS `a0` ON `a`.`addressId` = `a0`.`Id`
WHERE `a`.`id` = @__entity_id_0
LIMIT 1
2025-06-07T09:44:02.7362839+03:00	INFO	[ZAK.DA.ApplicationRepository]	[0]	Updating application: ZAK.DA.Application
2025-06-07T09:44:02.7455507+03:00	INFO	[Microsoft.EntityFrameworkCore.Database.Command]	[Microsoft.EntityFrameworkCore.Database.Command.CommandExecuted]	Executed DbCommand (3ms) [Parameters=[@__entity_id_0='187085'], CommandType='Text', CommandTimeout='30']
SELECT `a`.`id`, `a`.`addresWasUpdated`, `a`.`addressId`, `a`.`day`, `a`.`endHour`, `a`.`firstPart`, `a`.`freeCable`, `a`.`ignored`, `a`.`important`, `a`.`inSchedule`, `a`.`masterComment`, `a`.`masterCommentWasUpdated`, `a`.`maxDaysForConnection`, `a`.`month`, `a`.`operatorComment`, `a`.`operatorCommentWasUpdated`, `a`.`secondPart`, `a`.`startHour`, `a`.`statusWasChecked`, `a`.`statusWasUpdated`, `a`.`stretchingStatus`, `a`.`tarChangeApp`, `a`.`timeRangeIsSet`, `a`.`urgent`, `a`.`year`, `a0`.`Id`, `a0`.`blackoutGroup`, `a0`.`building`, `a0`.`districtname`, `a0`.`equipmentAccess`, `a0`.`streetName`
FROM `applications` AS `a`
LEFT JOIN `addresses` AS `a0` ON `a`.`addressId` = `a0`.`Id`
WHERE `a`.`id` = @__entity_id_0
LIMIT 1
2025-06-07T09:44:02.7569892+03:00	INFO	[ZAK.DA.ApplicationRepository]	[0]	Updating application: ZAK.DA.Application
2025-06-07T09:44:02.7663066+03:00	INFO	[Microsoft.EntityFrameworkCore.Database.Command]	[Microsoft.EntityFrameworkCore.Database.Command.CommandExecuted]	Executed DbCommand (4ms) [Parameters=[@__entity_id_0='187085'], CommandType='Text', CommandTimeout='30']
SELECT `a`.`id`, `a`.`addresWasUpdated`, `a`.`addressId`, `a`.`day`, `a`.`endHour`, `a`.`firstPart`, `a`.`freeCable`, `a`.`ignored`, `a`.`important`, `a`.`inSchedule`, `a`.`masterComment`, `a`.`masterCommentWasUpdated`, `a`.`maxDaysForConnection`, `a`.`month`, `a`.`operatorComment`, `a`.`operatorCommentWasUpdated`, `a`.`secondPart`, `a`.`startHour`, `a`.`statusWasChecked`, `a`.`statusWasUpdated`, `a`.`stretchingStatus`, `a`.`tarChangeApp`, `a`.`timeRangeIsSet`, `a`.`urgent`, `a`.`year`, `a0`.`Id`, `a0`.`blackoutGroup`, `a0`.`building`, `a0`.`districtname`, `a0`.`equipmentAccess`, `a0`.`streetName`
FROM `applications` AS `a`
LEFT JOIN `addresses` AS `a0` ON `a`.`addressId` = `a0`.`Id`
WHERE `a`.`id` = @__entity_id_0
LIMIT 1
2025-06-07T09:44:02.7749520+03:00	INFO	[ZAK.DA.ApplicationRepository]	[0]	Updating application: ZAK.DA.Application
2025-06-07T09:44:02.7827153+03:00	INFO	[Microsoft.EntityFrameworkCore.Database.Command]	[Microsoft.EntityFrameworkCore.Database.Command.CommandExecuted]	Executed DbCommand (3ms) [Parameters=[@__entity_id_0='187085'], CommandType='Text', CommandTimeout='30']
SELECT `a`.`id`, `a`.`addresWasUpdated`, `a`.`addressId`, `a`.`day`, `a`.`endHour`, `a`.`firstPart`, `a`.`freeCable`, `a`.`ignored`, `a`.`important`, `a`.`inSchedule`, `a`.`masterComment`, `a`.`masterCommentWasUpdated`, `a`.`maxDaysForConnection`, `a`.`month`, `a`.`operatorComment`, `a`.`operatorCommentWasUpdated`, `a`.`secondPart`, `a`.`startHour`, `a`.`statusWasChecked`, `a`.`statusWasUpdated`, `a`.`stretchingStatus`, `a`.`tarChangeApp`, `a`.`timeRangeIsSet`, `a`.`urgent`, `a`.`year`, `a0`.`Id`, `a0`.`blackoutGroup`, `a0`.`building`, `a0`.`districtname`, `a0`.`equipmentAccess`, `a0`.`streetName`
FROM `applications` AS `a`
LEFT JOIN `addresses` AS `a0` ON `a`.`addressId` = `a0`.`Id`
WHERE `a`.`id` = @__entity_id_0
LIMIT 1
2025-06-07T09:44:02.7911619+03:00	INFO	[ZAK.DA.ApplicationRepository]	[0]	Updating application: ZAK.DA.Application
2025-06-07T09:44:02.7994174+03:00	INFO	[Microsoft.EntityFrameworkCore.Database.Command]	[Microsoft.EntityFrameworkCore.Database.Command.CommandExecuted]	Executed DbCommand (4ms) [Parameters=[@__entity_id_0='187085'], CommandType='Text', CommandTimeout='30']
SELECT `a`.`id`, `a`.`addresWasUpdated`, `a`.`addressId`, `a`.`day`, `a`.`endHour`, `a`.`firstPart`, `a`.`freeCable`, `a`.`ignored`, `a`.`important`, `a`.`inSchedule`, `a`.`masterComment`, `a`.`masterCommentWasUpdated`, `a`.`maxDaysForConnection`, `a`.`month`, `a`.`operatorComment`, `a`.`operatorCommentWasUpdated`, `a`.`secondPart`, `a`.`startHour`, `a`.`statusWasChecked`, `a`.`statusWasUpdated`, `a`.`stretchingStatus`, `a`.`tarChangeApp`, `a`.`timeRangeIsSet`, `a`.`urgent`, `a`.`year`, `a0`.`Id`, `a0`.`blackoutGroup`, `a0`.`building`, `a0`.`districtname`, `a0`.`equipmentAccess`, `a0`.`streetName`
FROM `applications` AS `a`
LEFT JOIN `addresses` AS `a0` ON `a`.`addressId` = `a0`.`Id`
WHERE `a`.`id` = @__entity_id_0
LIMIT 1
2025-06-07T09:44:02.8143753+03:00	INFO	[ZAK.DA.ApplicationRepository]	[0]	Updating application: ZAK.DA.Application
2025-06-07T09:44:02.8278813+03:00	INFO	[Microsoft.EntityFrameworkCore.Database.Command]	[Microsoft.EntityFrameworkCore.Database.Command.CommandExecuted]	Executed DbCommand (8ms) [Parameters=[@__entity_id_0='187085'], CommandType='Text', CommandTimeout='30']
SELECT `a`.`id`, `a`.`addresWasUpdated`, `a`.`addressId`, `a`.`day`, `a`.`endHour`, `a`.`firstPart`, `a`.`freeCable`, `a`.`ignored`, `a`.`important`, `a`.`inSchedule`, `a`.`masterComment`, `a`.`masterCommentWasUpdated`, `a`.`maxDaysForConnection`, `a`.`month`, `a`.`operatorComment`, `a`.`operatorCommentWasUpdated`, `a`.`secondPart`, `a`.`startHour`, `a`.`statusWasChecked`, `a`.`statusWasUpdated`, `a`.`stretchingStatus`, `a`.`tarChangeApp`, `a`.`timeRangeIsSet`, `a`.`urgent`, `a`.`year`, `a0`.`Id`, `a0`.`blackoutGroup`, `a0`.`building`, `a0`.`districtname`, `a0`.`equipmentAccess`, `a0`.`streetName`
FROM `applications` AS `a`
LEFT JOIN `addresses` AS `a0` ON `a`.`addressId` = `a0`.`Id`
WHERE `a`.`id` = @__entity_id_0
LIMIT 1
2025-06-07T09:44:02.8343803+03:00	INFO	[ZAK.DA.ApplicationRepository]	[0]	Updating application: ZAK.DA.Application
2025-06-07T09:44:02.8463020+03:00	INFO	[Microsoft.EntityFrameworkCore.Database.Command]	[Microsoft.EntityFrameworkCore.Database.Command.CommandExecuted]	Executed DbCommand (3ms) [Parameters=[@__entity_id_0='187085'], CommandType='Text', CommandTimeout='30']
SELECT `a`.`id`, `a`.`addresWasUpdated`, `a`.`addressId`, `a`.`day`, `a`.`endHour`, `a`.`firstPart`, `a`.`freeCable`, `a`.`ignored`, `a`.`important`, `a`.`inSchedule`, `a`.`masterComment`, `a`.`masterCommentWasUpdated`, `a`.`maxDaysForConnection`, `a`.`month`, `a`.`operatorComment`, `a`.`operatorCommentWasUpdated`, `a`.`secondPart`, `a`.`startHour`, `a`.`statusWasChecked`, `a`.`statusWasUpdated`, `a`.`stretchingStatus`, `a`.`tarChangeApp`, `a`.`timeRangeIsSet`, `a`.`urgent`, `a`.`year`, `a0`.`Id`, `a0`.`blackoutGroup`, `a0`.`building`, `a0`.`districtname`, `a0`.`equipmentAccess`, `a0`.`streetName`
FROM `applications` AS `a`
LEFT JOIN `addresses` AS `a0` ON `a`.`addressId` = `a0`.`Id`
WHERE `a`.`id` = @__entity_id_0
LIMIT 1
2025-06-07T09:44:02.8599319+03:00	INFO	[ZAK.DA.ApplicationRepository]	[0]	Updating application: ZAK.DA.Application
2025-06-07T09:44:02.8948217+03:00	INFO	[Microsoft.EntityFrameworkCore.Database.Command]	[Microsoft.EntityFrameworkCore.Database.Command.CommandExecuted]	Executed DbCommand (30ms) [Parameters=[@__entity_id_0='187085'], CommandType='Text', CommandTimeout='30']
SELECT `a`.`id`, `a`.`addresWasUpdated`, `a`.`addressId`, `a`.`day`, `a`.`endHour`, `a`.`firstPart`, `a`.`freeCable`, `a`.`ignored`, `a`.`important`, `a`.`inSchedule`, `a`.`masterComment`, `a`.`masterCommentWasUpdated`, `a`.`maxDaysForConnection`, `a`.`month`, `a`.`operatorComment`, `a`.`operatorCommentWasUpdated`, `a`.`secondPart`, `a`.`startHour`, `a`.`statusWasChecked`, `a`.`statusWasUpdated`, `a`.`stretchingStatus`, `a`.`tarChangeApp`, `a`.`timeRangeIsSet`, `a`.`urgent`, `a`.`year`, `a0`.`Id`, `a0`.`blackoutGroup`, `a0`.`building`, `a0`.`districtname`, `a0`.`equipmentAccess`, `a0`.`streetName`
FROM `applications` AS `a`
LEFT JOIN `addresses` AS `a0` ON `a`.`addressId` = `a0`.`Id`
WHERE `a`.`id` = @__entity_id_0
LIMIT 1
2025-06-07T09:44:02.9128198+03:00	INFO	[ZAK.DA.ApplicationRepository]	[0]	Updating application: ZAK.DA.Application
2025-06-07T09:44:02.9332847+03:00	INFO	[ZAK.DA.ApplicationRepository]	[0]	Updating application: ZAK.DA.Application
2025-06-07T09:44:02.9762475+03:00	INFO	[ZAK.DA.ApplicationRepository]	[0]	Updating application: ZAK.DA.Application
2025-06-07T09:44:02.9949757+03:00	INFO	[ZAK.DA.ApplicationRepository]	[0]	Updating application: ZAK.DA.Application
2025-06-07T09:44:03.0255983+03:00	INFO	[Microsoft.EntityFrameworkCore.Database.Command]	[Microsoft.EntityFrameworkCore.Database.Command.CommandExecuted]	Executed DbCommand (77ms) [Parameters=[@__entity_id_0='187085'], CommandType='Text', CommandTimeout='30']
SELECT `a`.`id`, `a`.`addresWasUpdated`, `a`.`addressId`, `a`.`day`, `a`.`endHour`, `a`.`firstPart`, `a`.`freeCable`, `a`.`ignored`, `a`.`important`, `a`.`inSchedule`, `a`.`masterComment`, `a`.`masterCommentWasUpdated`, `a`.`maxDaysForConnection`, `a`.`month`, `a`.`operatorComment`, `a`.`operatorCommentWasUpdated`, `a`.`secondPart`, `a`.`startHour`, `a`.`statusWasChecked`, `a`.`statusWasUpdated`, `a`.`stretchingStatus`, `a`.`tarChangeApp`, `a`.`timeRangeIsSet`, `a`.`urgent`, `a`.`year`, `a0`.`Id`, `a0`.`blackoutGroup`, `a0`.`building`, `a0`.`districtname`, `a0`.`equipmentAccess`, `a0`.`streetName`
FROM `applications` AS `a`
LEFT JOIN `addresses` AS `a0` ON `a`.`addressId` = `a0`.`Id`
WHERE `a`.`id` = @__entity_id_0
LIMIT 1
2025-06-07T09:44:03.0265842+03:00	INFO	[Microsoft.EntityFrameworkCore.Database.Command]	[Microsoft.EntityFrameworkCore.Database.Command.CommandExecuted]	Executed DbCommand (79ms) [Parameters=[@__entity_id_0='187085'], CommandType='Text', CommandTimeout='30']
SELECT `a`.`id`, `a`.`addresWasUpdated`, `a`.`addressId`, `a`.`day`, `a`.`endHour`, `a`.`firstPart`, `a`.`freeCable`, `a`.`ignored`, `a`.`important`, `a`.`inSchedule`, `a`.`masterComment`, `a`.`masterCommentWasUpdated`, `a`.`maxDaysForConnection`, `a`.`month`, `a`.`operatorComment`, `a`.`operatorCommentWasUpdated`, `a`.`secondPart`, `a`.`startHour`, `a`.`statusWasChecked`, `a`.`statusWasUpdated`, `a`.`stretchingStatus`, `a`.`tarChangeApp`, `a`.`timeRangeIsSet`, `a`.`urgent`, `a`.`year`, `a0`.`Id`, `a0`.`blackoutGroup`, `a0`.`building`, `a0`.`districtname`, `a0`.`equipmentAccess`, `a0`.`streetName`
FROM `applications` AS `a`
LEFT JOIN `addresses` AS `a0` ON `a`.`addressId` = `a0`.`Id`
WHERE `a`.`id` = @__entity_id_0
LIMIT 1
2025-06-07T09:44:03.0292722+03:00	INFO	[ZAK.DA.ApplicationRepository]	[0]	Updating application: ZAK.DA.Application
2025-06-07T09:44:03.0685418+03:00	INFO	[Microsoft.EntityFrameworkCore.Database.Command]	[Microsoft.EntityFrameworkCore.Database.Command.CommandExecuted]	Executed DbCommand (40ms) [Parameters=[@__entity_id_0='187085'], CommandType='Text', CommandTimeout='30']
SELECT `a`.`id`, `a`.`addresWasUpdated`, `a`.`addressId`, `a`.`day`, `a`.`endHour`, `a`.`firstPart`, `a`.`freeCable`, `a`.`ignored`, `a`.`important`, `a`.`inSchedule`, `a`.`masterComment`, `a`.`masterCommentWasUpdated`, `a`.`maxDaysForConnection`, `a`.`month`, `a`.`operatorComment`, `a`.`operatorCommentWasUpdated`, `a`.`secondPart`, `a`.`startHour`, `a`.`statusWasChecked`, `a`.`statusWasUpdated`, `a`.`stretchingStatus`, `a`.`tarChangeApp`, `a`.`timeRangeIsSet`, `a`.`urgent`, `a`.`year`, `a0`.`Id`, `a0`.`blackoutGroup`, `a0`.`building`, `a0`.`districtname`, `a0`.`equipmentAccess`, `a0`.`streetName`
FROM `applications` AS `a`
LEFT JOIN `addresses` AS `a0` ON `a`.`addressId` = `a0`.`Id`
WHERE `a`.`id` = @__entity_id_0
LIMIT 1
2025-06-07T09:44:03.0699390+03:00	INFO	[Microsoft.EntityFrameworkCore.Database.Command]	[Microsoft.EntityFrameworkCore.Database.Command.CommandExecuted]	Executed DbCommand (41ms) [Parameters=[@__entity_id_0='187085'], CommandType='Text', CommandTimeout='30']
SELECT `a`.`id`, `a`.`addresWasUpdated`, `a`.`addressId`, `a`.`day`, `a`.`endHour`, `a`.`firstPart`, `a`.`freeCable`, `a`.`ignored`, `a`.`important`, `a`.`inSchedule`, `a`.`masterComment`, `a`.`masterCommentWasUpdated`, `a`.`maxDaysForConnection`, `a`.`month`, `a`.`operatorComment`, `a`.`operatorCommentWasUpdated`, `a`.`secondPart`, `a`.`startHour`, `a`.`statusWasChecked`, `a`.`statusWasUpdated`, `a`.`stretchingStatus`, `a`.`tarChangeApp`, `a`.`timeRangeIsSet`, `a`.`urgent`, `a`.`year`, `a0`.`Id`, `a0`.`blackoutGroup`, `a0`.`building`, `a0`.`districtname`, `a0`.`equipmentAccess`, `a0`.`streetName`
FROM `applications` AS `a`
LEFT JOIN `addresses` AS `a0` ON `a`.`addressId` = `a0`.`Id`
WHERE `a`.`id` = @__entity_id_0
LIMIT 1
2025-06-07T09:44:03.0779294+03:00	INFO	[ZAK.DA.ApplicationRepository]	[0]	Updating application: ZAK.DA.Application
2025-06-07T09:44:03.0949258+03:00	INFO	[Microsoft.EntityFrameworkCore.Database.Command]	[Microsoft.EntityFrameworkCore.Database.Command.CommandExecuted]	Executed DbCommand (25ms) [Parameters=[@__entity_id_0='187085'], CommandType='Text', CommandTimeout='30']
SELECT `a`.`id`, `a`.`addresWasUpdated`, `a`.`addressId`, `a`.`day`, `a`.`endHour`, `a`.`firstPart`, `a`.`freeCable`, `a`.`ignored`, `a`.`important`, `a`.`inSchedule`, `a`.`masterComment`, `a`.`masterCommentWasUpdated`, `a`.`maxDaysForConnection`, `a`.`month`, `a`.`operatorComment`, `a`.`operatorCommentWasUpdated`, `a`.`secondPart`, `a`.`startHour`, `a`.`statusWasChecked`, `a`.`statusWasUpdated`, `a`.`stretchingStatus`, `a`.`tarChangeApp`, `a`.`timeRangeIsSet`, `a`.`urgent`, `a`.`year`, `a0`.`Id`, `a0`.`blackoutGroup`, `a0`.`building`, `a0`.`districtname`, `a0`.`equipmentAccess`, `a0`.`streetName`
FROM `applications` AS `a`
LEFT JOIN `addresses` AS `a0` ON `a`.`addressId` = `a0`.`Id`
WHERE `a`.`id` = @__entity_id_0
LIMIT 1
2025-06-07T09:44:03.1069332+03:00	INFO	[ZAK.DA.ApplicationRepository]	[0]	Updating application: ZAK.DA.Application
2025-06-07T09:44:03.1082187+03:00	INFO	[Microsoft.EntityFrameworkCore.Database.Command]	[Microsoft.EntityFrameworkCore.Database.Command.CommandExecuted]	Executed DbCommand (10ms) [Parameters=[@__entity_id_0='187085'], CommandType='Text', CommandTimeout='30']
SELECT `a`.`id`, `a`.`addresWasUpdated`, `a`.`addressId`, `a`.`day`, `a`.`endHour`, `a`.`firstPart`, `a`.`freeCable`, `a`.`ignored`, `a`.`important`, `a`.`inSchedule`, `a`.`masterComment`, `a`.`masterCommentWasUpdated`, `a`.`maxDaysForConnection`, `a`.`month`, `a`.`operatorComment`, `a`.`operatorCommentWasUpdated`, `a`.`secondPart`, `a`.`startHour`, `a`.`statusWasChecked`, `a`.`statusWasUpdated`, `a`.`stretchingStatus`, `a`.`tarChangeApp`, `a`.`timeRangeIsSet`, `a`.`urgent`, `a`.`year`, `a0`.`Id`, `a0`.`blackoutGroup`, `a0`.`building`, `a0`.`districtname`, `a0`.`equipmentAccess`, `a0`.`streetName`
FROM `applications` AS `a`
LEFT JOIN `addresses` AS `a0` ON `a`.`addressId` = `a0`.`Id`
WHERE `a`.`id` = @__entity_id_0
LIMIT 1
2025-06-07T09:44:03.1306600+03:00	INFO	[Microsoft.EntityFrameworkCore.Database.Command]	[Microsoft.EntityFrameworkCore.Database.Command.CommandExecuted]	Executed DbCommand (4ms) [Parameters=[@__entity_id_0='187085'], CommandType='Text', CommandTimeout='30']
SELECT `a`.`id`, `a`.`addresWasUpdated`, `a`.`addressId`, `a`.`day`, `a`.`endHour`, `a`.`firstPart`, `a`.`freeCable`, `a`.`ignored`, `a`.`important`, `a`.`inSchedule`, `a`.`masterComment`, `a`.`masterCommentWasUpdated`, `a`.`maxDaysForConnection`, `a`.`month`, `a`.`operatorComment`, `a`.`operatorCommentWasUpdated`, `a`.`secondPart`, `a`.`startHour`, `a`.`statusWasChecked`, `a`.`statusWasUpdated`, `a`.`stretchingStatus`, `a`.`tarChangeApp`, `a`.`timeRangeIsSet`, `a`.`urgent`, `a`.`year`, `a0`.`Id`, `a0`.`blackoutGroup`, `a0`.`building`, `a0`.`districtname`, `a0`.`equipmentAccess`, `a0`.`streetName`
FROM `applications` AS `a`
LEFT JOIN `addresses` AS `a0` ON `a`.`addressId` = `a0`.`Id`
WHERE `a`.`id` = @__entity_id_0
LIMIT 1
2025-06-07T09:44:03.1494834+03:00	INFO	[ZAK.DA.ApplicationRepository]	[0]	Updating application: ZAK.DA.Application
2025-06-07T09:44:03.2048073+03:00	INFO	[ZAK.DA.ApplicationRepository]	[0]	Updating application: ZAK.DA.Application
2025-06-07T09:44:03.2107437+03:00	INFO	[Microsoft.EntityFrameworkCore.Database.Command]	[Microsoft.EntityFrameworkCore.Database.Command.CommandExecuted]	Executed DbCommand (16ms) [Parameters=[@__entity_id_0='187085'], CommandType='Text', CommandTimeout='30']
SELECT `a`.`id`, `a`.`addresWasUpdated`, `a`.`addressId`, `a`.`day`, `a`.`endHour`, `a`.`firstPart`, `a`.`freeCable`, `a`.`ignored`, `a`.`important`, `a`.`inSchedule`, `a`.`masterComment`, `a`.`masterCommentWasUpdated`, `a`.`maxDaysForConnection`, `a`.`month`, `a`.`operatorComment`, `a`.`operatorCommentWasUpdated`, `a`.`secondPart`, `a`.`startHour`, `a`.`statusWasChecked`, `a`.`statusWasUpdated`, `a`.`stretchingStatus`, `a`.`tarChangeApp`, `a`.`timeRangeIsSet`, `a`.`urgent`, `a`.`year`, `a0`.`Id`, `a0`.`blackoutGroup`, `a0`.`building`, `a0`.`districtname`, `a0`.`equipmentAccess`, `a0`.`streetName`
FROM `applications` AS `a`
LEFT JOIN `addresses` AS `a0` ON `a`.`addressId` = `a0`.`Id`
WHERE `a`.`id` = @__entity_id_0
LIMIT 1
2025-06-07T09:44:03.2257795+03:00	INFO	[Microsoft.EntityFrameworkCore.Database.Command]	[Microsoft.EntityFrameworkCore.Database.Command.CommandExecuted]	Executed DbCommand (8ms) [Parameters=[@__entity_id_0='187085'], CommandType='Text', CommandTimeout='30']
SELECT `a`.`id`, `a`.`addresWasUpdated`, `a`.`addressId`, `a`.`day`, `a`.`endHour`, `a`.`firstPart`, `a`.`freeCable`, `a`.`ignored`, `a`.`important`, `a`.`inSchedule`, `a`.`masterComment`, `a`.`masterCommentWasUpdated`, `a`.`maxDaysForConnection`, `a`.`month`, `a`.`operatorComment`, `a`.`operatorCommentWasUpdated`, `a`.`secondPart`, `a`.`startHour`, `a`.`statusWasChecked`, `a`.`statusWasUpdated`, `a`.`stretchingStatus`, `a`.`tarChangeApp`, `a`.`timeRangeIsSet`, `a`.`urgent`, `a`.`year`, `a0`.`Id`, `a0`.`blackoutGroup`, `a0`.`building`, `a0`.`districtname`, `a0`.`equipmentAccess`, `a0`.`streetName`
FROM `applications` AS `a`
LEFT JOIN `addresses` AS `a0` ON `a`.`addressId` = `a0`.`Id`
WHERE `a`.`id` = @__entity_id_0
LIMIT 1
2025-06-07T09:44:03.2311376+03:00	INFO	[ZAK.DA.ApplicationRepository]	[0]	Updating application: ZAK.DA.Application
2025-06-07T09:44:03.2477739+03:00	INFO	[Microsoft.EntityFrameworkCore.Database.Command]	[Microsoft.EntityFrameworkCore.Database.Command.CommandExecuted]	Executed DbCommand (4ms) [Parameters=[@__entity_id_0='187085'], CommandType='Text', CommandTimeout='30']
SELECT `a`.`id`, `a`.`addresWasUpdated`, `a`.`addressId`, `a`.`day`, `a`.`endHour`, `a`.`firstPart`, `a`.`freeCable`, `a`.`ignored`, `a`.`important`, `a`.`inSchedule`, `a`.`masterComment`, `a`.`masterCommentWasUpdated`, `a`.`maxDaysForConnection`, `a`.`month`, `a`.`operatorComment`, `a`.`operatorCommentWasUpdated`, `a`.`secondPart`, `a`.`startHour`, `a`.`statusWasChecked`, `a`.`statusWasUpdated`, `a`.`stretchingStatus`, `a`.`tarChangeApp`, `a`.`timeRangeIsSet`, `a`.`urgent`, `a`.`year`, `a0`.`Id`, `a0`.`blackoutGroup`, `a0`.`building`, `a0`.`districtname`, `a0`.`equipmentAccess`, `a0`.`streetName`
FROM `applications` AS `a`
LEFT JOIN `addresses` AS `a0` ON `a`.`addressId` = `a0`.`Id`
WHERE `a`.`id` = @__entity_id_0
LIMIT 1
2025-06-07T09:44:03.2588115+03:00	INFO	[ZAK.DA.ApplicationRepository]	[0]	Updating application: ZAK.DA.Application
2025-06-07T09:44:03.2702657+03:00	INFO	[Microsoft.EntityFrameworkCore.Database.Command]	[Microsoft.EntityFrameworkCore.Database.Command.CommandExecuted]	Executed DbCommand (3ms) [Parameters=[@__entity_id_0='187085'], CommandType='Text', CommandTimeout='30']
SELECT `a`.`id`, `a`.`addresWasUpdated`, `a`.`addressId`, `a`.`day`, `a`.`endHour`, `a`.`firstPart`, `a`.`freeCable`, `a`.`ignored`, `a`.`important`, `a`.`inSchedule`, `a`.`masterComment`, `a`.`masterCommentWasUpdated`, `a`.`maxDaysForConnection`, `a`.`month`, `a`.`operatorComment`, `a`.`operatorCommentWasUpdated`, `a`.`secondPart`, `a`.`startHour`, `a`.`statusWasChecked`, `a`.`statusWasUpdated`, `a`.`stretchingStatus`, `a`.`tarChangeApp`, `a`.`timeRangeIsSet`, `a`.`urgent`, `a`.`year`, `a0`.`Id`, `a0`.`blackoutGroup`, `a0`.`building`, `a0`.`districtname`, `a0`.`equipmentAccess`, `a0`.`streetName`
FROM `applications` AS `a`
LEFT JOIN `addresses` AS `a0` ON `a`.`addressId` = `a0`.`Id`
WHERE `a`.`id` = @__entity_id_0
LIMIT 1
2025-06-07T09:44:03.2972945+03:00	INFO	[ZAK.DA.ApplicationRepository]	[0]	Updating application: ZAK.DA.Application
2025-06-07T09:44:03.3062498+03:00	INFO	[Microsoft.EntityFrameworkCore.Database.Command]	[Microsoft.EntityFrameworkCore.Database.Command.CommandExecuted]	Executed DbCommand (4ms) [Parameters=[@__entity_id_0='187085'], CommandType='Text', CommandTimeout='30']
SELECT `a`.`id`, `a`.`addresWasUpdated`, `a`.`addressId`, `a`.`day`, `a`.`endHour`, `a`.`firstPart`, `a`.`freeCable`, `a`.`ignored`, `a`.`important`, `a`.`inSchedule`, `a`.`masterComment`, `a`.`masterCommentWasUpdated`, `a`.`maxDaysForConnection`, `a`.`month`, `a`.`operatorComment`, `a`.`operatorCommentWasUpdated`, `a`.`secondPart`, `a`.`startHour`, `a`.`statusWasChecked`, `a`.`statusWasUpdated`, `a`.`stretchingStatus`, `a`.`tarChangeApp`, `a`.`timeRangeIsSet`, `a`.`urgent`, `a`.`year`, `a0`.`Id`, `a0`.`blackoutGroup`, `a0`.`building`, `a0`.`districtname`, `a0`.`equipmentAccess`, `a0`.`streetName`
FROM `applications` AS `a`
LEFT JOIN `addresses` AS `a0` ON `a`.`addressId` = `a0`.`Id`
WHERE `a`.`id` = @__entity_id_0
LIMIT 1
2025-06-07T09:44:03.3184174+03:00	INFO	[ZAK.DA.ApplicationRepository]	[0]	Updating application: ZAK.DA.Application
2025-06-07T09:44:03.3287223+03:00	INFO	[Microsoft.EntityFrameworkCore.Database.Command]	[Microsoft.EntityFrameworkCore.Database.Command.CommandExecuted]	Executed DbCommand (4ms) [Parameters=[@__entity_id_0='187085'], CommandType='Text', CommandTimeout='30']
SELECT `a`.`id`, `a`.`addresWasUpdated`, `a`.`addressId`, `a`.`day`, `a`.`endHour`, `a`.`firstPart`, `a`.`freeCable`, `a`.`ignored`, `a`.`important`, `a`.`inSchedule`, `a`.`masterComment`, `a`.`masterCommentWasUpdated`, `a`.`maxDaysForConnection`, `a`.`month`, `a`.`operatorComment`, `a`.`operatorCommentWasUpdated`, `a`.`secondPart`, `a`.`startHour`, `a`.`statusWasChecked`, `a`.`statusWasUpdated`, `a`.`stretchingStatus`, `a`.`tarChangeApp`, `a`.`timeRangeIsSet`, `a`.`urgent`, `a`.`year`, `a0`.`Id`, `a0`.`blackoutGroup`, `a0`.`building`, `a0`.`districtname`, `a0`.`equipmentAccess`, `a0`.`streetName`
FROM `applications` AS `a`
LEFT JOIN `addresses` AS `a0` ON `a`.`addressId` = `a0`.`Id`
WHERE `a`.`id` = @__entity_id_0
LIMIT 1
2025-06-07T09:44:03.3457385+03:00	INFO	[ZAK.DA.ApplicationRepository]	[0]	Updating application: ZAK.DA.Application
2025-06-07T09:44:03.3550844+03:00	INFO	[Microsoft.EntityFrameworkCore.Database.Command]	[Microsoft.EntityFrameworkCore.Database.Command.CommandExecuted]	Executed DbCommand (4ms) [Parameters=[@__entity_id_0='187085'], CommandType='Text', CommandTimeout='30']
SELECT `a`.`id`, `a`.`addresWasUpdated`, `a`.`addressId`, `a`.`day`, `a`.`endHour`, `a`.`firstPart`, `a`.`freeCable`, `a`.`ignored`, `a`.`important`, `a`.`inSchedule`, `a`.`masterComment`, `a`.`masterCommentWasUpdated`, `a`.`maxDaysForConnection`, `a`.`month`, `a`.`operatorComment`, `a`.`operatorCommentWasUpdated`, `a`.`secondPart`, `a`.`startHour`, `a`.`statusWasChecked`, `a`.`statusWasUpdated`, `a`.`stretchingStatus`, `a`.`tarChangeApp`, `a`.`timeRangeIsSet`, `a`.`urgent`, `a`.`year`, `a0`.`Id`, `a0`.`blackoutGroup`, `a0`.`building`, `a0`.`districtname`, `a0`.`equipmentAccess`, `a0`.`streetName`
FROM `applications` AS `a`
LEFT JOIN `addresses` AS `a0` ON `a`.`addressId` = `a0`.`Id`
WHERE `a`.`id` = @__entity_id_0
LIMIT 1
2025-06-07T09:44:03.3778345+03:00	INFO	[ZAK.DA.ApplicationRepository]	[0]	Updating application: ZAK.DA.Application
2025-06-07T09:44:03.3854248+03:00	INFO	[Microsoft.EntityFrameworkCore.Database.Command]	[Microsoft.EntityFrameworkCore.Database.Command.CommandExecuted]	Executed DbCommand (3ms) [Parameters=[@__entity_id_0='187085'], CommandType='Text', CommandTimeout='30']
SELECT `a`.`id`, `a`.`addresWasUpdated`, `a`.`addressId`, `a`.`day`, `a`.`endHour`, `a`.`firstPart`, `a`.`freeCable`, `a`.`ignored`, `a`.`important`, `a`.`inSchedule`, `a`.`masterComment`, `a`.`masterCommentWasUpdated`, `a`.`maxDaysForConnection`, `a`.`month`, `a`.`operatorComment`, `a`.`operatorCommentWasUpdated`, `a`.`secondPart`, `a`.`startHour`, `a`.`statusWasChecked`, `a`.`statusWasUpdated`, `a`.`stretchingStatus`, `a`.`tarChangeApp`, `a`.`timeRangeIsSet`, `a`.`urgent`, `a`.`year`, `a0`.`Id`, `a0`.`blackoutGroup`, `a0`.`building`, `a0`.`districtname`, `a0`.`equipmentAccess`, `a0`.`streetName`
FROM `applications` AS `a`
LEFT JOIN `addresses` AS `a0` ON `a`.`addressId` = `a0`.`Id`
WHERE `a`.`id` = @__entity_id_0
LIMIT 1
2025-06-07T09:44:03.3954484+03:00	INFO	[ZAK.DA.ApplicationRepository]	[0]	Updating application: ZAK.DA.Application
2025-06-07T09:44:03.4206477+03:00	INFO	[ZAK.DA.ApplicationRepository]	[0]	Updating application: ZAK.DA.Application
2025-06-07T09:44:03.4213822+03:00	INFO	[Microsoft.EntityFrameworkCore.Database.Command]	[Microsoft.EntityFrameworkCore.Database.Command.CommandExecuted]	Executed DbCommand (3ms) [Parameters=[@__entity_id_0='187085'], CommandType='Text', CommandTimeout='30']
SELECT `a`.`id`, `a`.`addresWasUpdated`, `a`.`addressId`, `a`.`day`, `a`.`endHour`, `a`.`firstPart`, `a`.`freeCable`, `a`.`ignored`, `a`.`important`, `a`.`inSchedule`, `a`.`masterComment`, `a`.`masterCommentWasUpdated`, `a`.`maxDaysForConnection`, `a`.`month`, `a`.`operatorComment`, `a`.`operatorCommentWasUpdated`, `a`.`secondPart`, `a`.`startHour`, `a`.`statusWasChecked`, `a`.`statusWasUpdated`, `a`.`stretchingStatus`, `a`.`tarChangeApp`, `a`.`timeRangeIsSet`, `a`.`urgent`, `a`.`year`, `a0`.`Id`, `a0`.`blackoutGroup`, `a0`.`building`, `a0`.`districtname`, `a0`.`equipmentAccess`, `a0`.`streetName`
FROM `applications` AS `a`
LEFT JOIN `addresses` AS `a0` ON `a`.`addressId` = `a0`.`Id`
WHERE `a`.`id` = @__entity_id_0
LIMIT 1
2025-06-07T09:44:03.4318549+03:00	INFO	[Microsoft.EntityFrameworkCore.Database.Command]	[Microsoft.EntityFrameworkCore.Database.Command.CommandExecuted]	Executed DbCommand (4ms) [Parameters=[@__entity_id_0='187085'], CommandType='Text', CommandTimeout='30']
SELECT `a`.`id`, `a`.`addresWasUpdated`, `a`.`addressId`, `a`.`day`, `a`.`endHour`, `a`.`firstPart`, `a`.`freeCable`, `a`.`ignored`, `a`.`important`, `a`.`inSchedule`, `a`.`masterComment`, `a`.`masterCommentWasUpdated`, `a`.`maxDaysForConnection`, `a`.`month`, `a`.`operatorComment`, `a`.`operatorCommentWasUpdated`, `a`.`secondPart`, `a`.`startHour`, `a`.`statusWasChecked`, `a`.`statusWasUpdated`, `a`.`stretchingStatus`, `a`.`tarChangeApp`, `a`.`timeRangeIsSet`, `a`.`urgent`, `a`.`year`, `a0`.`Id`, `a0`.`blackoutGroup`, `a0`.`building`, `a0`.`districtname`, `a0`.`equipmentAccess`, `a0`.`streetName`
FROM `applications` AS `a`
LEFT JOIN `addresses` AS `a0` ON `a`.`addressId` = `a0`.`Id`
WHERE `a`.`id` = @__entity_id_0
LIMIT 1
2025-06-07T09:44:03.4413662+03:00	INFO	[ZAK.DA.ApplicationRepository]	[0]	Updating application: ZAK.DA.Application
2025-06-07T09:44:03.4514447+03:00	INFO	[Microsoft.EntityFrameworkCore.Database.Command]	[Microsoft.EntityFrameworkCore.Database.Command.CommandExecuted]	Executed DbCommand (6ms) [Parameters=[@__entity_id_0='187085'], CommandType='Text', CommandTimeout='30']
SELECT `a`.`id`, `a`.`addresWasUpdated`, `a`.`addressId`, `a`.`day`, `a`.`endHour`, `a`.`firstPart`, `a`.`freeCable`, `a`.`ignored`, `a`.`important`, `a`.`inSchedule`, `a`.`masterComment`, `a`.`masterCommentWasUpdated`, `a`.`maxDaysForConnection`, `a`.`month`, `a`.`operatorComment`, `a`.`operatorCommentWasUpdated`, `a`.`secondPart`, `a`.`startHour`, `a`.`statusWasChecked`, `a`.`statusWasUpdated`, `a`.`stretchingStatus`, `a`.`tarChangeApp`, `a`.`timeRangeIsSet`, `a`.`urgent`, `a`.`year`, `a0`.`Id`, `a0`.`blackoutGroup`, `a0`.`building`, `a0`.`districtname`, `a0`.`equipmentAccess`, `a0`.`streetName`
FROM `applications` AS `a`
LEFT JOIN `addresses` AS `a0` ON `a`.`addressId` = `a0`.`Id`
WHERE `a`.`id` = @__entity_id_0
LIMIT 1
2025-06-07T09:44:03.4564138+03:00	INFO	[ZAK.DA.ApplicationRepository]	[0]	Updating application: ZAK.DA.Application
2025-06-07T09:44:03.4647362+03:00	INFO	[Microsoft.EntityFrameworkCore.Database.Command]	[Microsoft.EntityFrameworkCore.Database.Command.CommandExecuted]	Executed DbCommand (3ms) [Parameters=[@__entity_id_0='187085'], CommandType='Text', CommandTimeout='30']
SELECT `a`.`id`, `a`.`addresWasUpdated`, `a`.`addressId`, `a`.`day`, `a`.`endHour`, `a`.`firstPart`, `a`.`freeCable`, `a`.`ignored`, `a`.`important`, `a`.`inSchedule`, `a`.`masterComment`, `a`.`masterCommentWasUpdated`, `a`.`maxDaysForConnection`, `a`.`month`, `a`.`operatorComment`, `a`.`operatorCommentWasUpdated`, `a`.`secondPart`, `a`.`startHour`, `a`.`statusWasChecked`, `a`.`statusWasUpdated`, `a`.`stretchingStatus`, `a`.`tarChangeApp`, `a`.`timeRangeIsSet`, `a`.`urgent`, `a`.`year`, `a0`.`Id`, `a0`.`blackoutGroup`, `a0`.`building`, `a0`.`districtname`, `a0`.`equipmentAccess`, `a0`.`streetName`
FROM `applications` AS `a`
LEFT JOIN `addresses` AS `a0` ON `a`.`addressId` = `a0`.`Id`
WHERE `a`.`id` = @__entity_id_0
LIMIT 1
2025-06-07T09:44:03.4732374+03:00	INFO	[ZAK.DA.ApplicationRepository]	[0]	Updating application: ZAK.DA.Application
2025-06-07T09:44:03.4927232+03:00	INFO	[ZAK.DA.ApplicationRepository]	[0]	Updating application: ZAK.DA.Application
2025-06-07T09:44:03.4979889+03:00	INFO	[Microsoft.EntityFrameworkCore.Database.Command]	[Microsoft.EntityFrameworkCore.Database.Command.CommandExecuted]	Executed DbCommand (6ms) [Parameters=[@__entity_id_0='187085'], CommandType='Text', CommandTimeout='30']
SELECT `a`.`id`, `a`.`addresWasUpdated`, `a`.`addressId`, `a`.`day`, `a`.`endHour`, `a`.`firstPart`, `a`.`freeCable`, `a`.`ignored`, `a`.`important`, `a`.`inSchedule`, `a`.`masterComment`, `a`.`masterCommentWasUpdated`, `a`.`maxDaysForConnection`, `a`.`month`, `a`.`operatorComment`, `a`.`operatorCommentWasUpdated`, `a`.`secondPart`, `a`.`startHour`, `a`.`statusWasChecked`, `a`.`statusWasUpdated`, `a`.`stretchingStatus`, `a`.`tarChangeApp`, `a`.`timeRangeIsSet`, `a`.`urgent`, `a`.`year`, `a0`.`Id`, `a0`.`blackoutGroup`, `a0`.`building`, `a0`.`districtname`, `a0`.`equipmentAccess`, `a0`.`streetName`
FROM `applications` AS `a`
LEFT JOIN `addresses` AS `a0` ON `a`.`addressId` = `a0`.`Id`
WHERE `a`.`id` = @__entity_id_0
LIMIT 1
2025-06-07T09:44:03.5045259+03:00	INFO	[Microsoft.EntityFrameworkCore.Database.Command]	[Microsoft.EntityFrameworkCore.Database.Command.CommandExecuted]	Executed DbCommand (7ms) [Parameters=[@__entity_id_0='187085'], CommandType='Text', CommandTimeout='30']
SELECT `a`.`id`, `a`.`addresWasUpdated`, `a`.`addressId`, `a`.`day`, `a`.`endHour`, `a`.`firstPart`, `a`.`freeCable`, `a`.`ignored`, `a`.`important`, `a`.`inSchedule`, `a`.`masterComment`, `a`.`masterCommentWasUpdated`, `a`.`maxDaysForConnection`, `a`.`month`, `a`.`operatorComment`, `a`.`operatorCommentWasUpdated`, `a`.`secondPart`, `a`.`startHour`, `a`.`statusWasChecked`, `a`.`statusWasUpdated`, `a`.`stretchingStatus`, `a`.`tarChangeApp`, `a`.`timeRangeIsSet`, `a`.`urgent`, `a`.`year`, `a0`.`Id`, `a0`.`blackoutGroup`, `a0`.`building`, `a0`.`districtname`, `a0`.`equipmentAccess`, `a0`.`streetName`
FROM `applications` AS `a`
LEFT JOIN `addresses` AS `a0` ON `a`.`addressId` = `a0`.`Id`
WHERE `a`.`id` = @__entity_id_0
LIMIT 1
2025-06-07T09:44:03.6661547+03:00	INFO	[ZAK.DA.ApplicationRepository]	[0]	Updating application: ZAK.DA.Application
2025-06-07T09:44:03.6788723+03:00	INFO	[ZAK.DA.ApplicationRepository]	[0]	Updating application: ZAK.DA.Application
2025-06-07T09:44:03.6799950+03:00	INFO	[Microsoft.EntityFrameworkCore.Database.Command]	[Microsoft.EntityFrameworkCore.Database.Command.CommandExecuted]	Executed DbCommand (5ms) [Parameters=[@__entity_id_0='187085'], CommandType='Text', CommandTimeout='30']
SELECT `a`.`id`, `a`.`addresWasUpdated`, `a`.`addressId`, `a`.`day`, `a`.`endHour`, `a`.`firstPart`, `a`.`freeCable`, `a`.`ignored`, `a`.`important`, `a`.`inSchedule`, `a`.`masterComment`, `a`.`masterCommentWasUpdated`, `a`.`maxDaysForConnection`, `a`.`month`, `a`.`operatorComment`, `a`.`operatorCommentWasUpdated`, `a`.`secondPart`, `a`.`startHour`, `a`.`statusWasChecked`, `a`.`statusWasUpdated`, `a`.`stretchingStatus`, `a`.`tarChangeApp`, `a`.`timeRangeIsSet`, `a`.`urgent`, `a`.`year`, `a0`.`Id`, `a0`.`blackoutGroup`, `a0`.`building`, `a0`.`districtname`, `a0`.`equipmentAccess`, `a0`.`streetName`
FROM `applications` AS `a`
LEFT JOIN `addresses` AS `a0` ON `a`.`addressId` = `a0`.`Id`
WHERE `a`.`id` = @__entity_id_0
LIMIT 1
2025-06-07T09:44:03.6929026+03:00	INFO	[Microsoft.EntityFrameworkCore.Database.Command]	[Microsoft.EntityFrameworkCore.Database.Command.CommandExecuted]	Executed DbCommand (4ms) [Parameters=[@__entity_id_0='187085'], CommandType='Text', CommandTimeout='30']
SELECT `a`.`id`, `a`.`addresWasUpdated`, `a`.`addressId`, `a`.`day`, `a`.`endHour`, `a`.`firstPart`, `a`.`freeCable`, `a`.`ignored`, `a`.`important`, `a`.`inSchedule`, `a`.`masterComment`, `a`.`masterCommentWasUpdated`, `a`.`maxDaysForConnection`, `a`.`month`, `a`.`operatorComment`, `a`.`operatorCommentWasUpdated`, `a`.`secondPart`, `a`.`startHour`, `a`.`statusWasChecked`, `a`.`statusWasUpdated`, `a`.`stretchingStatus`, `a`.`tarChangeApp`, `a`.`timeRangeIsSet`, `a`.`urgent`, `a`.`year`, `a0`.`Id`, `a0`.`blackoutGroup`, `a0`.`building`, `a0`.`districtname`, `a0`.`equipmentAccess`, `a0`.`streetName`
FROM `applications` AS `a`
LEFT JOIN `addresses` AS `a0` ON `a`.`addressId` = `a0`.`Id`
WHERE `a`.`id` = @__entity_id_0
LIMIT 1
2025-06-07T09:44:03.6932115+03:00	INFO	[ZAK.DA.ApplicationRepository]	[0]	Updating application: ZAK.DA.Application
2025-06-07T09:44:03.7007686+03:00	INFO	[Microsoft.EntityFrameworkCore.Database.Command]	[Microsoft.EntityFrameworkCore.Database.Command.CommandExecuted]	Executed DbCommand (3ms) [Parameters=[@__entity_id_0='187085'], CommandType='Text', CommandTimeout='30']
SELECT `a`.`id`, `a`.`addresWasUpdated`, `a`.`addressId`, `a`.`day`, `a`.`endHour`, `a`.`firstPart`, `a`.`freeCable`, `a`.`ignored`, `a`.`important`, `a`.`inSchedule`, `a`.`masterComment`, `a`.`masterCommentWasUpdated`, `a`.`maxDaysForConnection`, `a`.`month`, `a`.`operatorComment`, `a`.`operatorCommentWasUpdated`, `a`.`secondPart`, `a`.`startHour`, `a`.`statusWasChecked`, `a`.`statusWasUpdated`, `a`.`stretchingStatus`, `a`.`tarChangeApp`, `a`.`timeRangeIsSet`, `a`.`urgent`, `a`.`year`, `a0`.`Id`, `a0`.`blackoutGroup`, `a0`.`building`, `a0`.`districtname`, `a0`.`equipmentAccess`, `a0`.`streetName`
FROM `applications` AS `a`
LEFT JOIN `addresses` AS `a0` ON `a`.`addressId` = `a0`.`Id`
WHERE `a`.`id` = @__entity_id_0
LIMIT 1
2025-06-07T09:44:03.7058390+03:00	INFO	[ZAK.DA.ApplicationRepository]	[0]	Updating application: ZAK.DA.Application
2025-06-07T09:44:03.7178602+03:00	INFO	[ZAK.DA.ApplicationRepository]	[0]	Updating application: ZAK.DA.Application
2025-06-07T09:44:03.7292873+03:00	INFO	[Microsoft.EntityFrameworkCore.Database.Command]	[Microsoft.EntityFrameworkCore.Database.Command.CommandExecuted]	Executed DbCommand (5ms) [Parameters=[@__entity_id_0='187085'], CommandType='Text', CommandTimeout='30']
SELECT `a`.`id`, `a`.`addresWasUpdated`, `a`.`addressId`, `a`.`day`, `a`.`endHour`, `a`.`firstPart`, `a`.`freeCable`, `a`.`ignored`, `a`.`important`, `a`.`inSchedule`, `a`.`masterComment`, `a`.`masterCommentWasUpdated`, `a`.`maxDaysForConnection`, `a`.`month`, `a`.`operatorComment`, `a`.`operatorCommentWasUpdated`, `a`.`secondPart`, `a`.`startHour`, `a`.`statusWasChecked`, `a`.`statusWasUpdated`, `a`.`stretchingStatus`, `a`.`tarChangeApp`, `a`.`timeRangeIsSet`, `a`.`urgent`, `a`.`year`, `a0`.`Id`, `a0`.`blackoutGroup`, `a0`.`building`, `a0`.`districtname`, `a0`.`equipmentAccess`, `a0`.`streetName`
FROM `applications` AS `a`
LEFT JOIN `addresses` AS `a0` ON `a`.`addressId` = `a0`.`Id`
WHERE `a`.`id` = @__entity_id_0
LIMIT 1
2025-06-07T09:44:03.7320412+03:00	INFO	[ZAK.DA.ApplicationRepository]	[0]	Updating application: ZAK.DA.Application
2025-06-07T09:44:03.7367315+03:00	INFO	[Microsoft.EntityFrameworkCore.Database.Command]	[Microsoft.EntityFrameworkCore.Database.Command.CommandExecuted]	Executed DbCommand (11ms) [Parameters=[@__entity_id_0='187085'], CommandType='Text', CommandTimeout='30']
SELECT `a`.`id`, `a`.`addresWasUpdated`, `a`.`addressId`, `a`.`day`, `a`.`endHour`, `a`.`firstPart`, `a`.`freeCable`, `a`.`ignored`, `a`.`important`, `a`.`inSchedule`, `a`.`masterComment`, `a`.`masterCommentWasUpdated`, `a`.`maxDaysForConnection`, `a`.`month`, `a`.`operatorComment`, `a`.`operatorCommentWasUpdated`, `a`.`secondPart`, `a`.`startHour`, `a`.`statusWasChecked`, `a`.`statusWasUpdated`, `a`.`stretchingStatus`, `a`.`tarChangeApp`, `a`.`timeRangeIsSet`, `a`.`urgent`, `a`.`year`, `a0`.`Id`, `a0`.`blackoutGroup`, `a0`.`building`, `a0`.`districtname`, `a0`.`equipmentAccess`, `a0`.`streetName`
FROM `applications` AS `a`
LEFT JOIN `addresses` AS `a0` ON `a`.`addressId` = `a0`.`Id`
WHERE `a`.`id` = @__entity_id_0
LIMIT 1
2025-06-07T09:44:03.7441412+03:00	INFO	[Microsoft.EntityFrameworkCore.Database.Command]	[Microsoft.EntityFrameworkCore.Database.Command.CommandExecuted]	Executed DbCommand (5ms) [Parameters=[@__entity_id_0='187085'], CommandType='Text', CommandTimeout='30']
SELECT `a`.`id`, `a`.`addresWasUpdated`, `a`.`addressId`, `a`.`day`, `a`.`endHour`, `a`.`firstPart`, `a`.`freeCable`, `a`.`ignored`, `a`.`important`, `a`.`inSchedule`, `a`.`masterComment`, `a`.`masterCommentWasUpdated`, `a`.`maxDaysForConnection`, `a`.`month`, `a`.`operatorComment`, `a`.`operatorCommentWasUpdated`, `a`.`secondPart`, `a`.`startHour`, `a`.`statusWasChecked`, `a`.`statusWasUpdated`, `a`.`stretchingStatus`, `a`.`tarChangeApp`, `a`.`timeRangeIsSet`, `a`.`urgent`, `a`.`year`, `a0`.`Id`, `a0`.`blackoutGroup`, `a0`.`building`, `a0`.`districtname`, `a0`.`equipmentAccess`, `a0`.`streetName`
FROM `applications` AS `a`
LEFT JOIN `addresses` AS `a0` ON `a`.`addressId` = `a0`.`Id`
WHERE `a`.`id` = @__entity_id_0
LIMIT 1
2025-06-07T09:44:03.7472795+03:00	INFO	[ZAK.DA.ApplicationRepository]	[0]	Updating application: ZAK.DA.Application
2025-06-07T09:44:03.7660973+03:00	INFO	[ZAK.DA.ApplicationRepository]	[0]	Updating application: ZAK.DA.Application
2025-06-07T09:44:03.7672251+03:00	INFO	[Microsoft.EntityFrameworkCore.Database.Command]	[Microsoft.EntityFrameworkCore.Database.Command.CommandExecuted]	Executed DbCommand (12ms) [Parameters=[@__entity_id_0='187085'], CommandType='Text', CommandTimeout='30']
SELECT `a`.`id`, `a`.`addresWasUpdated`, `a`.`addressId`, `a`.`day`, `a`.`endHour`, `a`.`firstPart`, `a`.`freeCable`, `a`.`ignored`, `a`.`important`, `a`.`inSchedule`, `a`.`masterComment`, `a`.`masterCommentWasUpdated`, `a`.`maxDaysForConnection`, `a`.`month`, `a`.`operatorComment`, `a`.`operatorCommentWasUpdated`, `a`.`secondPart`, `a`.`startHour`, `a`.`statusWasChecked`, `a`.`statusWasUpdated`, `a`.`stretchingStatus`, `a`.`tarChangeApp`, `a`.`timeRangeIsSet`, `a`.`urgent`, `a`.`year`, `a0`.`Id`, `a0`.`blackoutGroup`, `a0`.`building`, `a0`.`districtname`, `a0`.`equipmentAccess`, `a0`.`streetName`
FROM `applications` AS `a`
LEFT JOIN `addresses` AS `a0` ON `a`.`addressId` = `a0`.`Id`
WHERE `a`.`id` = @__entity_id_0
LIMIT 1
2025-06-07T09:44:03.7792111+03:00	INFO	[ZAK.DA.ApplicationRepository]	[0]	Updating application: ZAK.DA.Application
2025-06-07T09:44:03.7898945+03:00	INFO	[Microsoft.EntityFrameworkCore.Database.Command]	[Microsoft.EntityFrameworkCore.Database.Command.CommandExecuted]	Executed DbCommand (12ms) [Parameters=[@__entity_id_0='187085'], CommandType='Text', CommandTimeout='30']
SELECT `a`.`id`, `a`.`addresWasUpdated`, `a`.`addressId`, `a`.`day`, `a`.`endHour`, `a`.`firstPart`, `a`.`freeCable`, `a`.`ignored`, `a`.`important`, `a`.`inSchedule`, `a`.`masterComment`, `a`.`masterCommentWasUpdated`, `a`.`maxDaysForConnection`, `a`.`month`, `a`.`operatorComment`, `a`.`operatorCommentWasUpdated`, `a`.`secondPart`, `a`.`startHour`, `a`.`statusWasChecked`, `a`.`statusWasUpdated`, `a`.`stretchingStatus`, `a`.`tarChangeApp`, `a`.`timeRangeIsSet`, `a`.`urgent`, `a`.`year`, `a0`.`Id`, `a0`.`blackoutGroup`, `a0`.`building`, `a0`.`districtname`, `a0`.`equipmentAccess`, `a0`.`streetName`
FROM `applications` AS `a`
LEFT JOIN `addresses` AS `a0` ON `a`.`addressId` = `a0`.`Id`
WHERE `a`.`id` = @__entity_id_0
LIMIT 1
2025-06-07T09:44:03.7911676+03:00	INFO	[ZAK.DA.ApplicationRepository]	[0]	Updating application: ZAK.DA.Application
2025-06-07T09:44:03.7925406+03:00	INFO	[Microsoft.EntityFrameworkCore.Database.Command]	[Microsoft.EntityFrameworkCore.Database.Command.CommandExecuted]	Executed DbCommand (3ms) [Parameters=[@__entity_id_0='187085'], CommandType='Text', CommandTimeout='30']
SELECT `a`.`id`, `a`.`addresWasUpdated`, `a`.`addressId`, `a`.`day`, `a`.`endHour`, `a`.`firstPart`, `a`.`freeCable`, `a`.`ignored`, `a`.`important`, `a`.`inSchedule`, `a`.`masterComment`, `a`.`masterCommentWasUpdated`, `a`.`maxDaysForConnection`, `a`.`month`, `a`.`operatorComment`, `a`.`operatorCommentWasUpdated`, `a`.`secondPart`, `a`.`startHour`, `a`.`statusWasChecked`, `a`.`statusWasUpdated`, `a`.`stretchingStatus`, `a`.`tarChangeApp`, `a`.`timeRangeIsSet`, `a`.`urgent`, `a`.`year`, `a0`.`Id`, `a0`.`blackoutGroup`, `a0`.`building`, `a0`.`districtname`, `a0`.`equipmentAccess`, `a0`.`streetName`
FROM `applications` AS `a`
LEFT JOIN `addresses` AS `a0` ON `a`.`addressId` = `a0`.`Id`
WHERE `a`.`id` = @__entity_id_0
LIMIT 1
2025-06-07T09:44:03.8042132+03:00	INFO	[ZAK.DA.ApplicationRepository]	[0]	Updating application: ZAK.DA.Application
2025-06-07T09:44:03.8070032+03:00	INFO	[Microsoft.EntityFrameworkCore.Database.Command]	[Microsoft.EntityFrameworkCore.Database.Command.CommandExecuted]	Executed DbCommand (12ms) [Parameters=[@__entity_id_0='187085'], CommandType='Text', CommandTimeout='30']
SELECT `a`.`id`, `a`.`addresWasUpdated`, `a`.`addressId`, `a`.`day`, `a`.`endHour`, `a`.`firstPart`, `a`.`freeCable`, `a`.`ignored`, `a`.`important`, `a`.`inSchedule`, `a`.`masterComment`, `a`.`masterCommentWasUpdated`, `a`.`maxDaysForConnection`, `a`.`month`, `a`.`operatorComment`, `a`.`operatorCommentWasUpdated`, `a`.`secondPart`, `a`.`startHour`, `a`.`statusWasChecked`, `a`.`statusWasUpdated`, `a`.`stretchingStatus`, `a`.`tarChangeApp`, `a`.`timeRangeIsSet`, `a`.`urgent`, `a`.`year`, `a0`.`Id`, `a0`.`blackoutGroup`, `a0`.`building`, `a0`.`districtname`, `a0`.`equipmentAccess`, `a0`.`streetName`
FROM `applications` AS `a`
LEFT JOIN `addresses` AS `a0` ON `a`.`addressId` = `a0`.`Id`
WHERE `a`.`id` = @__entity_id_0
LIMIT 1
2025-06-07T09:44:03.8148486+03:00	INFO	[Microsoft.EntityFrameworkCore.Database.Command]	[Microsoft.EntityFrameworkCore.Database.Command.CommandExecuted]	Executed DbCommand (3ms) [Parameters=[@__entity_id_0='187085'], CommandType='Text', CommandTimeout='30']
SELECT `a`.`id`, `a`.`addresWasUpdated`, `a`.`addressId`, `a`.`day`, `a`.`endHour`, `a`.`firstPart`, `a`.`freeCable`, `a`.`ignored`, `a`.`important`, `a`.`inSchedule`, `a`.`masterComment`, `a`.`masterCommentWasUpdated`, `a`.`maxDaysForConnection`, `a`.`month`, `a`.`operatorComment`, `a`.`operatorCommentWasUpdated`, `a`.`secondPart`, `a`.`startHour`, `a`.`statusWasChecked`, `a`.`statusWasUpdated`, `a`.`stretchingStatus`, `a`.`tarChangeApp`, `a`.`timeRangeIsSet`, `a`.`urgent`, `a`.`year`, `a0`.`Id`, `a0`.`blackoutGroup`, `a0`.`building`, `a0`.`districtname`, `a0`.`equipmentAccess`, `a0`.`streetName`
FROM `applications` AS `a`
LEFT JOIN `addresses` AS `a0` ON `a`.`addressId` = `a0`.`Id`
WHERE `a`.`id` = @__entity_id_0
LIMIT 1
2025-06-07T09:44:03.8234815+03:00	INFO	[ZAK.DA.ApplicationRepository]	[0]	Updating application: ZAK.DA.Application
2025-06-07T09:44:03.8321193+03:00	INFO	[Microsoft.EntityFrameworkCore.Database.Command]	[Microsoft.EntityFrameworkCore.Database.Command.CommandExecuted]	Executed DbCommand (3ms) [Parameters=[@__entity_id_0='187085'], CommandType='Text', CommandTimeout='30']
SELECT `a`.`id`, `a`.`addresWasUpdated`, `a`.`addressId`, `a`.`day`, `a`.`endHour`, `a`.`firstPart`, `a`.`freeCable`, `a`.`ignored`, `a`.`important`, `a`.`inSchedule`, `a`.`masterComment`, `a`.`masterCommentWasUpdated`, `a`.`maxDaysForConnection`, `a`.`month`, `a`.`operatorComment`, `a`.`operatorCommentWasUpdated`, `a`.`secondPart`, `a`.`startHour`, `a`.`statusWasChecked`, `a`.`statusWasUpdated`, `a`.`stretchingStatus`, `a`.`tarChangeApp`, `a`.`timeRangeIsSet`, `a`.`urgent`, `a`.`year`, `a0`.`Id`, `a0`.`blackoutGroup`, `a0`.`building`, `a0`.`districtname`, `a0`.`equipmentAccess`, `a0`.`streetName`
FROM `applications` AS `a`
LEFT JOIN `addresses` AS `a0` ON `a`.`addressId` = `a0`.`Id`
WHERE `a`.`id` = @__entity_id_0
LIMIT 1
2025-06-07T09:44:03.8390238+03:00	INFO	[ZAK.DA.ApplicationRepository]	[0]	Updating application: ZAK.DA.Application
2025-06-07T09:44:03.8507535+03:00	INFO	[Microsoft.EntityFrameworkCore.Database.Command]	[Microsoft.EntityFrameworkCore.Database.Command.CommandExecuted]	Executed DbCommand (6ms) [Parameters=[@__entity_id_0='187085'], CommandType='Text', CommandTimeout='30']
SELECT `a`.`id`, `a`.`addresWasUpdated`, `a`.`addressId`, `a`.`day`, `a`.`endHour`, `a`.`firstPart`, `a`.`freeCable`, `a`.`ignored`, `a`.`important`, `a`.`inSchedule`, `a`.`masterComment`, `a`.`masterCommentWasUpdated`, `a`.`maxDaysForConnection`, `a`.`month`, `a`.`operatorComment`, `a`.`operatorCommentWasUpdated`, `a`.`secondPart`, `a`.`startHour`, `a`.`statusWasChecked`, `a`.`statusWasUpdated`, `a`.`stretchingStatus`, `a`.`tarChangeApp`, `a`.`timeRangeIsSet`, `a`.`urgent`, `a`.`year`, `a0`.`Id`, `a0`.`blackoutGroup`, `a0`.`building`, `a0`.`districtname`, `a0`.`equipmentAccess`, `a0`.`streetName`
FROM `applications` AS `a`
LEFT JOIN `addresses` AS `a0` ON `a`.`addressId` = `a0`.`Id`
WHERE `a`.`id` = @__entity_id_0
LIMIT 1
2025-06-07T09:44:03.8537781+03:00	INFO	[ZAK.DA.ApplicationRepository]	[0]	Updating application: ZAK.DA.Application
2025-06-07T09:44:03.8677659+03:00	INFO	[Microsoft.EntityFrameworkCore.Database.Command]	[Microsoft.EntityFrameworkCore.Database.Command.CommandExecuted]	Executed DbCommand (8ms) [Parameters=[@__entity_id_0='187085'], CommandType='Text', CommandTimeout='30']
SELECT `a`.`id`, `a`.`addresWasUpdated`, `a`.`addressId`, `a`.`day`, `a`.`endHour`, `a`.`firstPart`, `a`.`freeCable`, `a`.`ignored`, `a`.`important`, `a`.`inSchedule`, `a`.`masterComment`, `a`.`masterCommentWasUpdated`, `a`.`maxDaysForConnection`, `a`.`month`, `a`.`operatorComment`, `a`.`operatorCommentWasUpdated`, `a`.`secondPart`, `a`.`startHour`, `a`.`statusWasChecked`, `a`.`statusWasUpdated`, `a`.`stretchingStatus`, `a`.`tarChangeApp`, `a`.`timeRangeIsSet`, `a`.`urgent`, `a`.`year`, `a0`.`Id`, `a0`.`blackoutGroup`, `a0`.`building`, `a0`.`districtname`, `a0`.`equipmentAccess`, `a0`.`streetName`
FROM `applications` AS `a`
LEFT JOIN `addresses` AS `a0` ON `a`.`addressId` = `a0`.`Id`
WHERE `a`.`id` = @__entity_id_0
LIMIT 1
2025-06-07T09:44:03.8696092+03:00	INFO	[ZAK.DA.ApplicationRepository]	[0]	Updating application: ZAK.DA.Application
2025-06-07T09:44:03.8775960+03:00	INFO	[Microsoft.EntityFrameworkCore.Database.Command]	[Microsoft.EntityFrameworkCore.Database.Command.CommandExecuted]	Executed DbCommand (3ms) [Parameters=[@__entity_id_0='187085'], CommandType='Text', CommandTimeout='30']
SELECT `a`.`id`, `a`.`addresWasUpdated`, `a`.`addressId`, `a`.`day`, `a`.`endHour`, `a`.`firstPart`, `a`.`freeCable`, `a`.`ignored`, `a`.`important`, `a`.`inSchedule`, `a`.`masterComment`, `a`.`masterCommentWasUpdated`, `a`.`maxDaysForConnection`, `a`.`month`, `a`.`operatorComment`, `a`.`operatorCommentWasUpdated`, `a`.`secondPart`, `a`.`startHour`, `a`.`statusWasChecked`, `a`.`statusWasUpdated`, `a`.`stretchingStatus`, `a`.`tarChangeApp`, `a`.`timeRangeIsSet`, `a`.`urgent`, `a`.`year`, `a0`.`Id`, `a0`.`blackoutGroup`, `a0`.`building`, `a0`.`districtname`, `a0`.`equipmentAccess`, `a0`.`streetName`
FROM `applications` AS `a`
LEFT JOIN `addresses` AS `a0` ON `a`.`addressId` = `a0`.`Id`
WHERE `a`.`id` = @__entity_id_0
LIMIT 1
2025-06-07T09:44:03.8870667+03:00	INFO	[ZAK.DA.ApplicationRepository]	[0]	Updating application: ZAK.DA.Application
2025-06-07T09:44:03.8945961+03:00	INFO	[Microsoft.EntityFrameworkCore.Database.Command]	[Microsoft.EntityFrameworkCore.Database.Command.CommandExecuted]	Executed DbCommand (3ms) [Parameters=[@__entity_id_0='187085'], CommandType='Text', CommandTimeout='30']
SELECT `a`.`id`, `a`.`addresWasUpdated`, `a`.`addressId`, `a`.`day`, `a`.`endHour`, `a`.`firstPart`, `a`.`freeCable`, `a`.`ignored`, `a`.`important`, `a`.`inSchedule`, `a`.`masterComment`, `a`.`masterCommentWasUpdated`, `a`.`maxDaysForConnection`, `a`.`month`, `a`.`operatorComment`, `a`.`operatorCommentWasUpdated`, `a`.`secondPart`, `a`.`startHour`, `a`.`statusWasChecked`, `a`.`statusWasUpdated`, `a`.`stretchingStatus`, `a`.`tarChangeApp`, `a`.`timeRangeIsSet`, `a`.`urgent`, `a`.`year`, `a0`.`Id`, `a0`.`blackoutGroup`, `a0`.`building`, `a0`.`districtname`, `a0`.`equipmentAccess`, `a0`.`streetName`
FROM `applications` AS `a`
LEFT JOIN `addresses` AS `a0` ON `a`.`addressId` = `a0`.`Id`
WHERE `a`.`id` = @__entity_id_0
LIMIT 1
2025-06-07T09:44:03.9011766+03:00	INFO	[ZAK.DA.ApplicationRepository]	[0]	Updating application: ZAK.DA.Application
2025-06-07T09:44:03.9111551+03:00	INFO	[Microsoft.EntityFrameworkCore.Database.Command]	[Microsoft.EntityFrameworkCore.Database.Command.CommandExecuted]	Executed DbCommand (6ms) [Parameters=[@__entity_id_0='187085'], CommandType='Text', CommandTimeout='30']
SELECT `a`.`id`, `a`.`addresWasUpdated`, `a`.`addressId`, `a`.`day`, `a`.`endHour`, `a`.`firstPart`, `a`.`freeCable`, `a`.`ignored`, `a`.`important`, `a`.`inSchedule`, `a`.`masterComment`, `a`.`masterCommentWasUpdated`, `a`.`maxDaysForConnection`, `a`.`month`, `a`.`operatorComment`, `a`.`operatorCommentWasUpdated`, `a`.`secondPart`, `a`.`startHour`, `a`.`statusWasChecked`, `a`.`statusWasUpdated`, `a`.`stretchingStatus`, `a`.`tarChangeApp`, `a`.`timeRangeIsSet`, `a`.`urgent`, `a`.`year`, `a0`.`Id`, `a0`.`blackoutGroup`, `a0`.`building`, `a0`.`districtname`, `a0`.`equipmentAccess`, `a0`.`streetName`
FROM `applications` AS `a`
LEFT JOIN `addresses` AS `a0` ON `a`.`addressId` = `a0`.`Id`
WHERE `a`.`id` = @__entity_id_0
LIMIT 1
2025-06-07T09:44:03.9155891+03:00	INFO	[ZAK.DA.ApplicationRepository]	[0]	Updating application: ZAK.DA.Application
2025-06-07T09:44:03.9237486+03:00	INFO	[Microsoft.EntityFrameworkCore.Database.Command]	[Microsoft.EntityFrameworkCore.Database.Command.CommandExecuted]	Executed DbCommand (4ms) [Parameters=[@__entity_id_0='187085'], CommandType='Text', CommandTimeout='30']
SELECT `a`.`id`, `a`.`addresWasUpdated`, `a`.`addressId`, `a`.`day`, `a`.`endHour`, `a`.`firstPart`, `a`.`freeCable`, `a`.`ignored`, `a`.`important`, `a`.`inSchedule`, `a`.`masterComment`, `a`.`masterCommentWasUpdated`, `a`.`maxDaysForConnection`, `a`.`month`, `a`.`operatorComment`, `a`.`operatorCommentWasUpdated`, `a`.`secondPart`, `a`.`startHour`, `a`.`statusWasChecked`, `a`.`statusWasUpdated`, `a`.`stretchingStatus`, `a`.`tarChangeApp`, `a`.`timeRangeIsSet`, `a`.`urgent`, `a`.`year`, `a0`.`Id`, `a0`.`blackoutGroup`, `a0`.`building`, `a0`.`districtname`, `a0`.`equipmentAccess`, `a0`.`streetName`
FROM `applications` AS `a`
LEFT JOIN `addresses` AS `a0` ON `a`.`addressId` = `a0`.`Id`
WHERE `a`.`id` = @__entity_id_0
LIMIT 1
2025-06-07T09:44:03.9340432+03:00	INFO	[ZAK.DA.ApplicationRepository]	[0]	Updating application: ZAK.DA.Application
2025-06-07T09:44:03.9413323+03:00	INFO	[Microsoft.EntityFrameworkCore.Database.Command]	[Microsoft.EntityFrameworkCore.Database.Command.CommandExecuted]	Executed DbCommand (4ms) [Parameters=[@__entity_id_0='187085'], CommandType='Text', CommandTimeout='30']
SELECT `a`.`id`, `a`.`addresWasUpdated`, `a`.`addressId`, `a`.`day`, `a`.`endHour`, `a`.`firstPart`, `a`.`freeCable`, `a`.`ignored`, `a`.`important`, `a`.`inSchedule`, `a`.`masterComment`, `a`.`masterCommentWasUpdated`, `a`.`maxDaysForConnection`, `a`.`month`, `a`.`operatorComment`, `a`.`operatorCommentWasUpdated`, `a`.`secondPart`, `a`.`startHour`, `a`.`statusWasChecked`, `a`.`statusWasUpdated`, `a`.`stretchingStatus`, `a`.`tarChangeApp`, `a`.`timeRangeIsSet`, `a`.`urgent`, `a`.`year`, `a0`.`Id`, `a0`.`blackoutGroup`, `a0`.`building`, `a0`.`districtname`, `a0`.`equipmentAccess`, `a0`.`streetName`
FROM `applications` AS `a`
LEFT JOIN `addresses` AS `a0` ON `a`.`addressId` = `a0`.`Id`
WHERE `a`.`id` = @__entity_id_0
LIMIT 1
2025-06-07T09:44:03.9464261+03:00	INFO	[ZAK.DA.ApplicationRepository]	[0]	Updating application: ZAK.DA.Application
2025-06-07T09:44:03.9525928+03:00	INFO	[Microsoft.EntityFrameworkCore.Database.Command]	[Microsoft.EntityFrameworkCore.Database.Command.CommandExecuted]	Executed DbCommand (3ms) [Parameters=[@__entity_id_0='187085'], CommandType='Text', CommandTimeout='30']
SELECT `a`.`id`, `a`.`addresWasUpdated`, `a`.`addressId`, `a`.`day`, `a`.`endHour`, `a`.`firstPart`, `a`.`freeCable`, `a`.`ignored`, `a`.`important`, `a`.`inSchedule`, `a`.`masterComment`, `a`.`masterCommentWasUpdated`, `a`.`maxDaysForConnection`, `a`.`month`, `a`.`operatorComment`, `a`.`operatorCommentWasUpdated`, `a`.`secondPart`, `a`.`startHour`, `a`.`statusWasChecked`, `a`.`statusWasUpdated`, `a`.`stretchingStatus`, `a`.`tarChangeApp`, `a`.`timeRangeIsSet`, `a`.`urgent`, `a`.`year`, `a0`.`Id`, `a0`.`blackoutGroup`, `a0`.`building`, `a0`.`districtname`, `a0`.`equipmentAccess`, `a0`.`streetName`
FROM `applications` AS `a`
LEFT JOIN `addresses` AS `a0` ON `a`.`addressId` = `a0`.`Id`
WHERE `a`.`id` = @__entity_id_0
LIMIT 1
2025-06-07T09:44:03.9641191+03:00	INFO	[ZAK.DA.ApplicationRepository]	[0]	Updating application: ZAK.DA.Application
2025-06-07T09:44:03.9771482+03:00	INFO	[Microsoft.EntityFrameworkCore.Database.Command]	[Microsoft.EntityFrameworkCore.Database.Command.CommandExecuted]	Executed DbCommand (5ms) [Parameters=[@__entity_id_0='187085'], CommandType='Text', CommandTimeout='30']
SELECT `a`.`id`, `a`.`addresWasUpdated`, `a`.`addressId`, `a`.`day`, `a`.`endHour`, `a`.`firstPart`, `a`.`freeCable`, `a`.`ignored`, `a`.`important`, `a`.`inSchedule`, `a`.`masterComment`, `a`.`masterCommentWasUpdated`, `a`.`maxDaysForConnection`, `a`.`month`, `a`.`operatorComment`, `a`.`operatorCommentWasUpdated`, `a`.`secondPart`, `a`.`startHour`, `a`.`statusWasChecked`, `a`.`statusWasUpdated`, `a`.`stretchingStatus`, `a`.`tarChangeApp`, `a`.`timeRangeIsSet`, `a`.`urgent`, `a`.`year`, `a0`.`Id`, `a0`.`blackoutGroup`, `a0`.`building`, `a0`.`districtname`, `a0`.`equipmentAccess`, `a0`.`streetName`
FROM `applications` AS `a`
LEFT JOIN `addresses` AS `a0` ON `a`.`addressId` = `a0`.`Id`
WHERE `a`.`id` = @__entity_id_0
LIMIT 1
2025-06-07T09:44:03.9800198+03:00	INFO	[ZAK.DA.ApplicationRepository]	[0]	Updating application: ZAK.DA.Application
2025-06-07T09:44:03.9896260+03:00	INFO	[Microsoft.EntityFrameworkCore.Database.Command]	[Microsoft.EntityFrameworkCore.Database.Command.CommandExecuted]	Executed DbCommand (3ms) [Parameters=[@__entity_id_0='187085'], CommandType='Text', CommandTimeout='30']
SELECT `a`.`id`, `a`.`addresWasUpdated`, `a`.`addressId`, `a`.`day`, `a`.`endHour`, `a`.`firstPart`, `a`.`freeCable`, `a`.`ignored`, `a`.`important`, `a`.`inSchedule`, `a`.`masterComment`, `a`.`masterCommentWasUpdated`, `a`.`maxDaysForConnection`, `a`.`month`, `a`.`operatorComment`, `a`.`operatorCommentWasUpdated`, `a`.`secondPart`, `a`.`startHour`, `a`.`statusWasChecked`, `a`.`statusWasUpdated`, `a`.`stretchingStatus`, `a`.`tarChangeApp`, `a`.`timeRangeIsSet`, `a`.`urgent`, `a`.`year`, `a0`.`Id`, `a0`.`blackoutGroup`, `a0`.`building`, `a0`.`districtname`, `a0`.`equipmentAccess`, `a0`.`streetName`
FROM `applications` AS `a`
LEFT JOIN `addresses` AS `a0` ON `a`.`addressId` = `a0`.`Id`
WHERE `a`.`id` = @__entity_id_0
LIMIT 1
2025-06-07T09:44:03.9946092+03:00	INFO	[ZAK.DA.ApplicationRepository]	[0]	Updating application: ZAK.DA.Application
2025-06-07T09:44:04.0054605+03:00	INFO	[Microsoft.EntityFrameworkCore.Database.Command]	[Microsoft.EntityFrameworkCore.Database.Command.CommandExecuted]	Executed DbCommand (3ms) [Parameters=[@__entity_id_0='187085'], CommandType='Text', CommandTimeout='30']
SELECT `a`.`id`, `a`.`addresWasUpdated`, `a`.`addressId`, `a`.`day`, `a`.`endHour`, `a`.`firstPart`, `a`.`freeCable`, `a`.`ignored`, `a`.`important`, `a`.`inSchedule`, `a`.`masterComment`, `a`.`masterCommentWasUpdated`, `a`.`maxDaysForConnection`, `a`.`month`, `a`.`operatorComment`, `a`.`operatorCommentWasUpdated`, `a`.`secondPart`, `a`.`startHour`, `a`.`statusWasChecked`, `a`.`statusWasUpdated`, `a`.`stretchingStatus`, `a`.`tarChangeApp`, `a`.`timeRangeIsSet`, `a`.`urgent`, `a`.`year`, `a0`.`Id`, `a0`.`blackoutGroup`, `a0`.`building`, `a0`.`districtname`, `a0`.`equipmentAccess`, `a0`.`streetName`
FROM `applications` AS `a`
LEFT JOIN `addresses` AS `a0` ON `a`.`addressId` = `a0`.`Id`
WHERE `a`.`id` = @__entity_id_0
LIMIT 1
2025-06-07T09:44:04.0090705+03:00	INFO	[ZAK.DA.ApplicationRepository]	[0]	Updating application: ZAK.DA.Application
2025-06-07T09:44:04.0204748+03:00	INFO	[Microsoft.EntityFrameworkCore.Database.Command]	[Microsoft.EntityFrameworkCore.Database.Command.CommandExecuted]	Executed DbCommand (7ms) [Parameters=[@__entity_id_0='187085'], CommandType='Text', CommandTimeout='30']
SELECT `a`.`id`, `a`.`addresWasUpdated`, `a`.`addressId`, `a`.`day`, `a`.`endHour`, `a`.`firstPart`, `a`.`freeCable`, `a`.`ignored`, `a`.`important`, `a`.`inSchedule`, `a`.`masterComment`, `a`.`masterCommentWasUpdated`, `a`.`maxDaysForConnection`, `a`.`month`, `a`.`operatorComment`, `a`.`operatorCommentWasUpdated`, `a`.`secondPart`, `a`.`startHour`, `a`.`statusWasChecked`, `a`.`statusWasUpdated`, `a`.`stretchingStatus`, `a`.`tarChangeApp`, `a`.`timeRangeIsSet`, `a`.`urgent`, `a`.`year`, `a0`.`Id`, `a0`.`blackoutGroup`, `a0`.`building`, `a0`.`districtname`, `a0`.`equipmentAccess`, `a0`.`streetName`
FROM `applications` AS `a`
LEFT JOIN `addresses` AS `a0` ON `a`.`addressId` = `a0`.`Id`
WHERE `a`.`id` = @__entity_id_0
LIMIT 1
2025-06-07T09:44:04.0244656+03:00	INFO	[ZAK.DA.ApplicationRepository]	[0]	Updating application: ZAK.DA.Application
2025-06-07T09:44:04.0351071+03:00	INFO	[Microsoft.EntityFrameworkCore.Database.Command]	[Microsoft.EntityFrameworkCore.Database.Command.CommandExecuted]	Executed DbCommand (3ms) [Parameters=[@__entity_id_0='187085'], CommandType='Text', CommandTimeout='30']
SELECT `a`.`id`, `a`.`addresWasUpdated`, `a`.`addressId`, `a`.`day`, `a`.`endHour`, `a`.`firstPart`, `a`.`freeCable`, `a`.`ignored`, `a`.`important`, `a`.`inSchedule`, `a`.`masterComment`, `a`.`masterCommentWasUpdated`, `a`.`maxDaysForConnection`, `a`.`month`, `a`.`operatorComment`, `a`.`operatorCommentWasUpdated`, `a`.`secondPart`, `a`.`startHour`, `a`.`statusWasChecked`, `a`.`statusWasUpdated`, `a`.`stretchingStatus`, `a`.`tarChangeApp`, `a`.`timeRangeIsSet`, `a`.`urgent`, `a`.`year`, `a0`.`Id`, `a0`.`blackoutGroup`, `a0`.`building`, `a0`.`districtname`, `a0`.`equipmentAccess`, `a0`.`streetName`
FROM `applications` AS `a`
LEFT JOIN `addresses` AS `a0` ON `a`.`addressId` = `a0`.`Id`
WHERE `a`.`id` = @__entity_id_0
LIMIT 1
2025-06-07T09:44:04.0373828+03:00	INFO	[ZAK.DA.ApplicationRepository]	[0]	Updating application: ZAK.DA.Application
2025-06-07T09:44:04.0465450+03:00	INFO	[Microsoft.EntityFrameworkCore.Database.Command]	[Microsoft.EntityFrameworkCore.Database.Command.CommandExecuted]	Executed DbCommand (3ms) [Parameters=[@__entity_id_0='187085'], CommandType='Text', CommandTimeout='30']
SELECT `a`.`id`, `a`.`addresWasUpdated`, `a`.`addressId`, `a`.`day`, `a`.`endHour`, `a`.`firstPart`, `a`.`freeCable`, `a`.`ignored`, `a`.`important`, `a`.`inSchedule`, `a`.`masterComment`, `a`.`masterCommentWasUpdated`, `a`.`maxDaysForConnection`, `a`.`month`, `a`.`operatorComment`, `a`.`operatorCommentWasUpdated`, `a`.`secondPart`, `a`.`startHour`, `a`.`statusWasChecked`, `a`.`statusWasUpdated`, `a`.`stretchingStatus`, `a`.`tarChangeApp`, `a`.`timeRangeIsSet`, `a`.`urgent`, `a`.`year`, `a0`.`Id`, `a0`.`blackoutGroup`, `a0`.`building`, `a0`.`districtname`, `a0`.`equipmentAccess`, `a0`.`streetName`
FROM `applications` AS `a`
LEFT JOIN `addresses` AS `a0` ON `a`.`addressId` = `a0`.`Id`
WHERE `a`.`id` = @__entity_id_0
LIMIT 1
2025-06-07T09:44:04.0506800+03:00	INFO	[ZAK.DA.ApplicationRepository]	[0]	Updating application: ZAK.DA.Application
2025-06-07T09:44:04.0570471+03:00	INFO	[Microsoft.EntityFrameworkCore.Database.Command]	[Microsoft.EntityFrameworkCore.Database.Command.CommandExecuted]	Executed DbCommand (3ms) [Parameters=[@__entity_id_0='187085'], CommandType='Text', CommandTimeout='30']
SELECT `a`.`id`, `a`.`addresWasUpdated`, `a`.`addressId`, `a`.`day`, `a`.`endHour`, `a`.`firstPart`, `a`.`freeCable`, `a`.`ignored`, `a`.`important`, `a`.`inSchedule`, `a`.`masterComment`, `a`.`masterCommentWasUpdated`, `a`.`maxDaysForConnection`, `a`.`month`, `a`.`operatorComment`, `a`.`operatorCommentWasUpdated`, `a`.`secondPart`, `a`.`startHour`, `a`.`statusWasChecked`, `a`.`statusWasUpdated`, `a`.`stretchingStatus`, `a`.`tarChangeApp`, `a`.`timeRangeIsSet`, `a`.`urgent`, `a`.`year`, `a0`.`Id`, `a0`.`blackoutGroup`, `a0`.`building`, `a0`.`districtname`, `a0`.`equipmentAccess`, `a0`.`streetName`
FROM `applications` AS `a`
LEFT JOIN `addresses` AS `a0` ON `a`.`addressId` = `a0`.`Id`
WHERE `a`.`id` = @__entity_id_0
LIMIT 1
2025-06-07T09:44:04.0626886+03:00	INFO	[ZAK.DA.ApplicationRepository]	[0]	Updating application: ZAK.DA.Application
2025-06-07T09:44:04.0688857+03:00	INFO	[Microsoft.EntityFrameworkCore.Database.Command]	[Microsoft.EntityFrameworkCore.Database.Command.CommandExecuted]	Executed DbCommand (3ms) [Parameters=[@__entity_id_0='187085'], CommandType='Text', CommandTimeout='30']
SELECT `a`.`id`, `a`.`addresWasUpdated`, `a`.`addressId`, `a`.`day`, `a`.`endHour`, `a`.`firstPart`, `a`.`freeCable`, `a`.`ignored`, `a`.`important`, `a`.`inSchedule`, `a`.`masterComment`, `a`.`masterCommentWasUpdated`, `a`.`maxDaysForConnection`, `a`.`month`, `a`.`operatorComment`, `a`.`operatorCommentWasUpdated`, `a`.`secondPart`, `a`.`startHour`, `a`.`statusWasChecked`, `a`.`statusWasUpdated`, `a`.`stretchingStatus`, `a`.`tarChangeApp`, `a`.`timeRangeIsSet`, `a`.`urgent`, `a`.`year`, `a0`.`Id`, `a0`.`blackoutGroup`, `a0`.`building`, `a0`.`districtname`, `a0`.`equipmentAccess`, `a0`.`streetName`
FROM `applications` AS `a`
LEFT JOIN `addresses` AS `a0` ON `a`.`addressId` = `a0`.`Id`
WHERE `a`.`id` = @__entity_id_0
LIMIT 1
2025-06-07T09:44:04.0759222+03:00	INFO	[ZAK.DA.ApplicationRepository]	[0]	Updating application: ZAK.DA.Application
2025-06-07T09:44:04.0856666+03:00	INFO	[Microsoft.EntityFrameworkCore.Database.Command]	[Microsoft.EntityFrameworkCore.Database.Command.CommandExecuted]	Executed DbCommand (3ms) [Parameters=[@__entity_id_0='187085'], CommandType='Text', CommandTimeout='30']
SELECT `a`.`id`, `a`.`addresWasUpdated`, `a`.`addressId`, `a`.`day`, `a`.`endHour`, `a`.`firstPart`, `a`.`freeCable`, `a`.`ignored`, `a`.`important`, `a`.`inSchedule`, `a`.`masterComment`, `a`.`masterCommentWasUpdated`, `a`.`maxDaysForConnection`, `a`.`month`, `a`.`operatorComment`, `a`.`operatorCommentWasUpdated`, `a`.`secondPart`, `a`.`startHour`, `a`.`statusWasChecked`, `a`.`statusWasUpdated`, `a`.`stretchingStatus`, `a`.`tarChangeApp`, `a`.`timeRangeIsSet`, `a`.`urgent`, `a`.`year`, `a0`.`Id`, `a0`.`blackoutGroup`, `a0`.`building`, `a0`.`districtname`, `a0`.`equipmentAccess`, `a0`.`streetName`
FROM `applications` AS `a`
LEFT JOIN `addresses` AS `a0` ON `a`.`addressId` = `a0`.`Id`
WHERE `a`.`id` = @__entity_id_0
LIMIT 1
2025-06-07T09:44:04.0914434+03:00	INFO	[ZAK.DA.ApplicationRepository]	[0]	Updating application: ZAK.DA.Application
2025-06-07T09:44:04.0979315+03:00	INFO	[Microsoft.EntityFrameworkCore.Database.Command]	[Microsoft.EntityFrameworkCore.Database.Command.CommandExecuted]	Executed DbCommand (3ms) [Parameters=[@__entity_id_0='187085'], CommandType='Text', CommandTimeout='30']
SELECT `a`.`id`, `a`.`addresWasUpdated`, `a`.`addressId`, `a`.`day`, `a`.`endHour`, `a`.`firstPart`, `a`.`freeCable`, `a`.`ignored`, `a`.`important`, `a`.`inSchedule`, `a`.`masterComment`, `a`.`masterCommentWasUpdated`, `a`.`maxDaysForConnection`, `a`.`month`, `a`.`operatorComment`, `a`.`operatorCommentWasUpdated`, `a`.`secondPart`, `a`.`startHour`, `a`.`statusWasChecked`, `a`.`statusWasUpdated`, `a`.`stretchingStatus`, `a`.`tarChangeApp`, `a`.`timeRangeIsSet`, `a`.`urgent`, `a`.`year`, `a0`.`Id`, `a0`.`blackoutGroup`, `a0`.`building`, `a0`.`districtname`, `a0`.`equipmentAccess`, `a0`.`streetName`
FROM `applications` AS `a`
LEFT JOIN `addresses` AS `a0` ON `a`.`addressId` = `a0`.`Id`
WHERE `a`.`id` = @__entity_id_0
LIMIT 1
2025-06-07T09:44:04.1023092+03:00	INFO	[ZAK.DA.ApplicationRepository]	[0]	Updating application: ZAK.DA.Application
2025-06-07T09:44:04.1094123+03:00	INFO	[Microsoft.EntityFrameworkCore.Database.Command]	[Microsoft.EntityFrameworkCore.Database.Command.CommandExecuted]	Executed DbCommand (3ms) [Parameters=[@__entity_id_0='187085'], CommandType='Text', CommandTimeout='30']
SELECT `a`.`id`, `a`.`addresWasUpdated`, `a`.`addressId`, `a`.`day`, `a`.`endHour`, `a`.`firstPart`, `a`.`freeCable`, `a`.`ignored`, `a`.`important`, `a`.`inSchedule`, `a`.`masterComment`, `a`.`masterCommentWasUpdated`, `a`.`maxDaysForConnection`, `a`.`month`, `a`.`operatorComment`, `a`.`operatorCommentWasUpdated`, `a`.`secondPart`, `a`.`startHour`, `a`.`statusWasChecked`, `a`.`statusWasUpdated`, `a`.`stretchingStatus`, `a`.`tarChangeApp`, `a`.`timeRangeIsSet`, `a`.`urgent`, `a`.`year`, `a0`.`Id`, `a0`.`blackoutGroup`, `a0`.`building`, `a0`.`districtname`, `a0`.`equipmentAccess`, `a0`.`streetName`
FROM `applications` AS `a`
LEFT JOIN `addresses` AS `a0` ON `a`.`addressId` = `a0`.`Id`
WHERE `a`.`id` = @__entity_id_0
LIMIT 1
2025-06-07T09:44:04.1130084+03:00	INFO	[ZAK.DA.ApplicationRepository]	[0]	Updating application: ZAK.DA.Application
2025-06-07T09:44:04.1286908+03:00	INFO	[Microsoft.EntityFrameworkCore.Database.Command]	[Microsoft.EntityFrameworkCore.Database.Command.CommandExecuted]	Executed DbCommand (5ms) [Parameters=[@__entity_id_0='187085'], CommandType='Text', CommandTimeout='30']
SELECT `a`.`id`, `a`.`addresWasUpdated`, `a`.`addressId`, `a`.`day`, `a`.`endHour`, `a`.`firstPart`, `a`.`freeCable`, `a`.`ignored`, `a`.`important`, `a`.`inSchedule`, `a`.`masterComment`, `a`.`masterCommentWasUpdated`, `a`.`maxDaysForConnection`, `a`.`month`, `a`.`operatorComment`, `a`.`operatorCommentWasUpdated`, `a`.`secondPart`, `a`.`startHour`, `a`.`statusWasChecked`, `a`.`statusWasUpdated`, `a`.`stretchingStatus`, `a`.`tarChangeApp`, `a`.`timeRangeIsSet`, `a`.`urgent`, `a`.`year`, `a0`.`Id`, `a0`.`blackoutGroup`, `a0`.`building`, `a0`.`districtname`, `a0`.`equipmentAccess`, `a0`.`streetName`
FROM `applications` AS `a`
LEFT JOIN `addresses` AS `a0` ON `a`.`addressId` = `a0`.`Id`
WHERE `a`.`id` = @__entity_id_0
LIMIT 1
2025-06-07T09:44:04.1292977+03:00	INFO	[ZAK.DA.ApplicationRepository]	[0]	Updating application: ZAK.DA.Application
2025-06-07T09:44:04.1427655+03:00	INFO	[Microsoft.EntityFrameworkCore.Database.Command]	[Microsoft.EntityFrameworkCore.Database.Command.CommandExecuted]	Executed DbCommand (5ms) [Parameters=[@__entity_id_0='187085'], CommandType='Text', CommandTimeout='30']
SELECT `a`.`id`, `a`.`addresWasUpdated`, `a`.`addressId`, `a`.`day`, `a`.`endHour`, `a`.`firstPart`, `a`.`freeCable`, `a`.`ignored`, `a`.`important`, `a`.`inSchedule`, `a`.`masterComment`, `a`.`masterCommentWasUpdated`, `a`.`maxDaysForConnection`, `a`.`month`, `a`.`operatorComment`, `a`.`operatorCommentWasUpdated`, `a`.`secondPart`, `a`.`startHour`, `a`.`statusWasChecked`, `a`.`statusWasUpdated`, `a`.`stretchingStatus`, `a`.`tarChangeApp`, `a`.`timeRangeIsSet`, `a`.`urgent`, `a`.`year`, `a0`.`Id`, `a0`.`blackoutGroup`, `a0`.`building`, `a0`.`districtname`, `a0`.`equipmentAccess`, `a0`.`streetName`
FROM `applications` AS `a`
LEFT JOIN `addresses` AS `a0` ON `a`.`addressId` = `a0`.`Id`
WHERE `a`.`id` = @__entity_id_0
LIMIT 1
2025-06-07T09:44:04.1482949+03:00	INFO	[ZAK.DA.ApplicationRepository]	[0]	Updating application: ZAK.DA.Application
2025-06-07T09:44:04.1545950+03:00	INFO	[Microsoft.EntityFrameworkCore.Database.Command]	[Microsoft.EntityFrameworkCore.Database.Command.CommandExecuted]	Executed DbCommand (3ms) [Parameters=[@__entity_id_0='187085'], CommandType='Text', CommandTimeout='30']
SELECT `a`.`id`, `a`.`addresWasUpdated`, `a`.`addressId`, `a`.`day`, `a`.`endHour`, `a`.`firstPart`, `a`.`freeCable`, `a`.`ignored`, `a`.`important`, `a`.`inSchedule`, `a`.`masterComment`, `a`.`masterCommentWasUpdated`, `a`.`maxDaysForConnection`, `a`.`month`, `a`.`operatorComment`, `a`.`operatorCommentWasUpdated`, `a`.`secondPart`, `a`.`startHour`, `a`.`statusWasChecked`, `a`.`statusWasUpdated`, `a`.`stretchingStatus`, `a`.`tarChangeApp`, `a`.`timeRangeIsSet`, `a`.`urgent`, `a`.`year`, `a0`.`Id`, `a0`.`blackoutGroup`, `a0`.`building`, `a0`.`districtname`, `a0`.`equipmentAccess`, `a0`.`streetName`
FROM `applications` AS `a`
LEFT JOIN `addresses` AS `a0` ON `a`.`addressId` = `a0`.`Id`
WHERE `a`.`id` = @__entity_id_0
LIMIT 1
2025-06-07T09:44:04.1631959+03:00	INFO	[ZAK.DA.ApplicationRepository]	[0]	Updating application: ZAK.DA.Application
2025-06-07T09:44:04.1771696+03:00	INFO	[Microsoft.EntityFrameworkCore.Database.Command]	[Microsoft.EntityFrameworkCore.Database.Command.CommandExecuted]	Executed DbCommand (3ms) [Parameters=[@__entity_id_0='187085'], CommandType='Text', CommandTimeout='30']
SELECT `a`.`id`, `a`.`addresWasUpdated`, `a`.`addressId`, `a`.`day`, `a`.`endHour`, `a`.`firstPart`, `a`.`freeCable`, `a`.`ignored`, `a`.`important`, `a`.`inSchedule`, `a`.`masterComment`, `a`.`masterCommentWasUpdated`, `a`.`maxDaysForConnection`, `a`.`month`, `a`.`operatorComment`, `a`.`operatorCommentWasUpdated`, `a`.`secondPart`, `a`.`startHour`, `a`.`statusWasChecked`, `a`.`statusWasUpdated`, `a`.`stretchingStatus`, `a`.`tarChangeApp`, `a`.`timeRangeIsSet`, `a`.`urgent`, `a`.`year`, `a0`.`Id`, `a0`.`blackoutGroup`, `a0`.`building`, `a0`.`districtname`, `a0`.`equipmentAccess`, `a0`.`streetName`
FROM `applications` AS `a`
LEFT JOIN `addresses` AS `a0` ON `a`.`addressId` = `a0`.`Id`
WHERE `a`.`id` = @__entity_id_0
LIMIT 1
2025-06-07T09:44:04.1787760+03:00	INFO	[ZAK.DA.ApplicationRepository]	[0]	Updating application: ZAK.DA.Application
2025-06-07T09:44:04.1860398+03:00	INFO	[Microsoft.EntityFrameworkCore.Database.Command]	[Microsoft.EntityFrameworkCore.Database.Command.CommandExecuted]	Executed DbCommand (4ms) [Parameters=[@__entity_id_0='187085'], CommandType='Text', CommandTimeout='30']
SELECT `a`.`id`, `a`.`addresWasUpdated`, `a`.`addressId`, `a`.`day`, `a`.`endHour`, `a`.`firstPart`, `a`.`freeCable`, `a`.`ignored`, `a`.`important`, `a`.`inSchedule`, `a`.`masterComment`, `a`.`masterCommentWasUpdated`, `a`.`maxDaysForConnection`, `a`.`month`, `a`.`operatorComment`, `a`.`operatorCommentWasUpdated`, `a`.`secondPart`, `a`.`startHour`, `a`.`statusWasChecked`, `a`.`statusWasUpdated`, `a`.`stretchingStatus`, `a`.`tarChangeApp`, `a`.`timeRangeIsSet`, `a`.`urgent`, `a`.`year`, `a0`.`Id`, `a0`.`blackoutGroup`, `a0`.`building`, `a0`.`districtname`, `a0`.`equipmentAccess`, `a0`.`streetName`
FROM `applications` AS `a`
LEFT JOIN `addresses` AS `a0` ON `a`.`addressId` = `a0`.`Id`
WHERE `a`.`id` = @__entity_id_0
LIMIT 1
2025-06-07T09:44:04.1924634+03:00	INFO	[ZAK.DA.ApplicationRepository]	[0]	Updating application: ZAK.DA.Application
2025-06-07T09:44:04.2034970+03:00	INFO	[Microsoft.EntityFrameworkCore.Database.Command]	[Microsoft.EntityFrameworkCore.Database.Command.CommandExecuted]	Executed DbCommand (6ms) [Parameters=[@__entity_id_0='187085'], CommandType='Text', CommandTimeout='30']
SELECT `a`.`id`, `a`.`addresWasUpdated`, `a`.`addressId`, `a`.`day`, `a`.`endHour`, `a`.`firstPart`, `a`.`freeCable`, `a`.`ignored`, `a`.`important`, `a`.`inSchedule`, `a`.`masterComment`, `a`.`masterCommentWasUpdated`, `a`.`maxDaysForConnection`, `a`.`month`, `a`.`operatorComment`, `a`.`operatorCommentWasUpdated`, `a`.`secondPart`, `a`.`startHour`, `a`.`statusWasChecked`, `a`.`statusWasUpdated`, `a`.`stretchingStatus`, `a`.`tarChangeApp`, `a`.`timeRangeIsSet`, `a`.`urgent`, `a`.`year`, `a0`.`Id`, `a0`.`blackoutGroup`, `a0`.`building`, `a0`.`districtname`, `a0`.`equipmentAccess`, `a0`.`streetName`
FROM `applications` AS `a`
LEFT JOIN `addresses` AS `a0` ON `a`.`addressId` = `a0`.`Id`
WHERE `a`.`id` = @__entity_id_0
LIMIT 1
2025-06-07T09:44:04.2058263+03:00	INFO	[ZAK.DA.ApplicationRepository]	[0]	Updating application: ZAK.DA.Application
2025-06-07T09:44:04.2228232+03:00	INFO	[Microsoft.EntityFrameworkCore.Database.Command]	[Microsoft.EntityFrameworkCore.Database.Command.CommandExecuted]	Executed DbCommand (10ms) [Parameters=[@__entity_id_0='187085'], CommandType='Text', CommandTimeout='30']
SELECT `a`.`id`, `a`.`addresWasUpdated`, `a`.`addressId`, `a`.`day`, `a`.`endHour`, `a`.`firstPart`, `a`.`freeCable`, `a`.`ignored`, `a`.`important`, `a`.`inSchedule`, `a`.`masterComment`, `a`.`masterCommentWasUpdated`, `a`.`maxDaysForConnection`, `a`.`month`, `a`.`operatorComment`, `a`.`operatorCommentWasUpdated`, `a`.`secondPart`, `a`.`startHour`, `a`.`statusWasChecked`, `a`.`statusWasUpdated`, `a`.`stretchingStatus`, `a`.`tarChangeApp`, `a`.`timeRangeIsSet`, `a`.`urgent`, `a`.`year`, `a0`.`Id`, `a0`.`blackoutGroup`, `a0`.`building`, `a0`.`districtname`, `a0`.`equipmentAccess`, `a0`.`streetName`
FROM `applications` AS `a`
LEFT JOIN `addresses` AS `a0` ON `a`.`addressId` = `a0`.`Id`
WHERE `a`.`id` = @__entity_id_0
LIMIT 1
2025-06-07T09:44:04.2305443+03:00	INFO	[ZAK.DA.ApplicationRepository]	[0]	Updating application: ZAK.DA.Application
2025-06-07T09:44:04.2443942+03:00	INFO	[Microsoft.EntityFrameworkCore.Database.Command]	[Microsoft.EntityFrameworkCore.Database.Command.CommandExecuted]	Executed DbCommand (9ms) [Parameters=[@__entity_id_0='187085'], CommandType='Text', CommandTimeout='30']
SELECT `a`.`id`, `a`.`addresWasUpdated`, `a`.`addressId`, `a`.`day`, `a`.`endHour`, `a`.`firstPart`, `a`.`freeCable`, `a`.`ignored`, `a`.`important`, `a`.`inSchedule`, `a`.`masterComment`, `a`.`masterCommentWasUpdated`, `a`.`maxDaysForConnection`, `a`.`month`, `a`.`operatorComment`, `a`.`operatorCommentWasUpdated`, `a`.`secondPart`, `a`.`startHour`, `a`.`statusWasChecked`, `a`.`statusWasUpdated`, `a`.`stretchingStatus`, `a`.`tarChangeApp`, `a`.`timeRangeIsSet`, `a`.`urgent`, `a`.`year`, `a0`.`Id`, `a0`.`blackoutGroup`, `a0`.`building`, `a0`.`districtname`, `a0`.`equipmentAccess`, `a0`.`streetName`
FROM `applications` AS `a`
LEFT JOIN `addresses` AS `a0` ON `a`.`addressId` = `a0`.`Id`
WHERE `a`.`id` = @__entity_id_0
LIMIT 1
2025-06-07T09:44:04.2499569+03:00	INFO	[ZAK.DA.ApplicationRepository]	[0]	Updating application: ZAK.DA.Application
2025-06-07T09:44:04.2638686+03:00	INFO	[Microsoft.EntityFrameworkCore.Database.Command]	[Microsoft.EntityFrameworkCore.Database.Command.CommandExecuted]	Executed DbCommand (5ms) [Parameters=[@__entity_id_0='187085'], CommandType='Text', CommandTimeout='30']
SELECT `a`.`id`, `a`.`addresWasUpdated`, `a`.`addressId`, `a`.`day`, `a`.`endHour`, `a`.`firstPart`, `a`.`freeCable`, `a`.`ignored`, `a`.`important`, `a`.`inSchedule`, `a`.`masterComment`, `a`.`masterCommentWasUpdated`, `a`.`maxDaysForConnection`, `a`.`month`, `a`.`operatorComment`, `a`.`operatorCommentWasUpdated`, `a`.`secondPart`, `a`.`startHour`, `a`.`statusWasChecked`, `a`.`statusWasUpdated`, `a`.`stretchingStatus`, `a`.`tarChangeApp`, `a`.`timeRangeIsSet`, `a`.`urgent`, `a`.`year`, `a0`.`Id`, `a0`.`blackoutGroup`, `a0`.`building`, `a0`.`districtname`, `a0`.`equipmentAccess`, `a0`.`streetName`
FROM `applications` AS `a`
LEFT JOIN `addresses` AS `a0` ON `a`.`addressId` = `a0`.`Id`
WHERE `a`.`id` = @__entity_id_0
LIMIT 1
2025-06-07T09:44:04.2660975+03:00	INFO	[ZAK.DA.ApplicationRepository]	[0]	Updating application: ZAK.DA.Application
2025-06-07T09:44:04.2788607+03:00	INFO	[Microsoft.EntityFrameworkCore.Database.Command]	[Microsoft.EntityFrameworkCore.Database.Command.CommandExecuted]	Executed DbCommand (8ms) [Parameters=[@__entity_id_0='187085'], CommandType='Text', CommandTimeout='30']
SELECT `a`.`id`, `a`.`addresWasUpdated`, `a`.`addressId`, `a`.`day`, `a`.`endHour`, `a`.`firstPart`, `a`.`freeCable`, `a`.`ignored`, `a`.`important`, `a`.`inSchedule`, `a`.`masterComment`, `a`.`masterCommentWasUpdated`, `a`.`maxDaysForConnection`, `a`.`month`, `a`.`operatorComment`, `a`.`operatorCommentWasUpdated`, `a`.`secondPart`, `a`.`startHour`, `a`.`statusWasChecked`, `a`.`statusWasUpdated`, `a`.`stretchingStatus`, `a`.`tarChangeApp`, `a`.`timeRangeIsSet`, `a`.`urgent`, `a`.`year`, `a0`.`Id`, `a0`.`blackoutGroup`, `a0`.`building`, `a0`.`districtname`, `a0`.`equipmentAccess`, `a0`.`streetName`
FROM `applications` AS `a`
LEFT JOIN `addresses` AS `a0` ON `a`.`addressId` = `a0`.`Id`
WHERE `a`.`id` = @__entity_id_0
LIMIT 1
2025-06-07T09:44:04.2822318+03:00	INFO	[ZAK.DA.ApplicationRepository]	[0]	Updating application: ZAK.DA.Application
2025-06-07T09:44:04.2913215+03:00	INFO	[Microsoft.EntityFrameworkCore.Database.Command]	[Microsoft.EntityFrameworkCore.Database.Command.CommandExecuted]	Executed DbCommand (4ms) [Parameters=[@__entity_id_0='187085'], CommandType='Text', CommandTimeout='30']
SELECT `a`.`id`, `a`.`addresWasUpdated`, `a`.`addressId`, `a`.`day`, `a`.`endHour`, `a`.`firstPart`, `a`.`freeCable`, `a`.`ignored`, `a`.`important`, `a`.`inSchedule`, `a`.`masterComment`, `a`.`masterCommentWasUpdated`, `a`.`maxDaysForConnection`, `a`.`month`, `a`.`operatorComment`, `a`.`operatorCommentWasUpdated`, `a`.`secondPart`, `a`.`startHour`, `a`.`statusWasChecked`, `a`.`statusWasUpdated`, `a`.`stretchingStatus`, `a`.`tarChangeApp`, `a`.`timeRangeIsSet`, `a`.`urgent`, `a`.`year`, `a0`.`Id`, `a0`.`blackoutGroup`, `a0`.`building`, `a0`.`districtname`, `a0`.`equipmentAccess`, `a0`.`streetName`
FROM `applications` AS `a`
LEFT JOIN `addresses` AS `a0` ON `a`.`addressId` = `a0`.`Id`
WHERE `a`.`id` = @__entity_id_0
LIMIT 1
2025-06-07T09:44:04.2977798+03:00	INFO	[ZAK.DA.ApplicationRepository]	[0]	Updating application: ZAK.DA.Application
2025-06-07T09:44:04.3102976+03:00	INFO	[ZAK.DA.ApplicationRepository]	[0]	Updating application: ZAK.DA.Application
2025-06-07T09:44:04.3104192+03:00	INFO	[Microsoft.EntityFrameworkCore.Database.Command]	[Microsoft.EntityFrameworkCore.Database.Command.CommandExecuted]	Executed DbCommand (5ms) [Parameters=[@__entity_id_0='187085'], CommandType='Text', CommandTimeout='30']
SELECT `a`.`id`, `a`.`addresWasUpdated`, `a`.`addressId`, `a`.`day`, `a`.`endHour`, `a`.`firstPart`, `a`.`freeCable`, `a`.`ignored`, `a`.`important`, `a`.`inSchedule`, `a`.`masterComment`, `a`.`masterCommentWasUpdated`, `a`.`maxDaysForConnection`, `a`.`month`, `a`.`operatorComment`, `a`.`operatorCommentWasUpdated`, `a`.`secondPart`, `a`.`startHour`, `a`.`statusWasChecked`, `a`.`statusWasUpdated`, `a`.`stretchingStatus`, `a`.`tarChangeApp`, `a`.`timeRangeIsSet`, `a`.`urgent`, `a`.`year`, `a0`.`Id`, `a0`.`blackoutGroup`, `a0`.`building`, `a0`.`districtname`, `a0`.`equipmentAccess`, `a0`.`streetName`
FROM `applications` AS `a`
LEFT JOIN `addresses` AS `a0` ON `a`.`addressId` = `a0`.`Id`
WHERE `a`.`id` = @__entity_id_0
LIMIT 1
2025-06-07T09:44:04.3170068+03:00	INFO	[Microsoft.EntityFrameworkCore.Database.Command]	[Microsoft.EntityFrameworkCore.Database.Command.CommandExecuted]	Executed DbCommand (3ms) [Parameters=[@__entity_id_0='187085'], CommandType='Text', CommandTimeout='30']
SELECT `a`.`id`, `a`.`addresWasUpdated`, `a`.`addressId`, `a`.`day`, `a`.`endHour`, `a`.`firstPart`, `a`.`freeCable`, `a`.`ignored`, `a`.`important`, `a`.`inSchedule`, `a`.`masterComment`, `a`.`masterCommentWasUpdated`, `a`.`maxDaysForConnection`, `a`.`month`, `a`.`operatorComment`, `a`.`operatorCommentWasUpdated`, `a`.`secondPart`, `a`.`startHour`, `a`.`statusWasChecked`, `a`.`statusWasUpdated`, `a`.`stretchingStatus`, `a`.`tarChangeApp`, `a`.`timeRangeIsSet`, `a`.`urgent`, `a`.`year`, `a0`.`Id`, `a0`.`blackoutGroup`, `a0`.`building`, `a0`.`districtname`, `a0`.`equipmentAccess`, `a0`.`streetName`
FROM `applications` AS `a`
LEFT JOIN `addresses` AS `a0` ON `a`.`addressId` = `a0`.`Id`
WHERE `a`.`id` = @__entity_id_0
LIMIT 1
2025-06-07T09:44:04.3265979+03:00	INFO	[ZAK.DA.ApplicationRepository]	[0]	Updating application: ZAK.DA.Application
2025-06-07T09:44:04.3373511+03:00	INFO	[Microsoft.EntityFrameworkCore.Database.Command]	[Microsoft.EntityFrameworkCore.Database.Command.CommandExecuted]	Executed DbCommand (4ms) [Parameters=[@__entity_id_0='187085'], CommandType='Text', CommandTimeout='30']
SELECT `a`.`id`, `a`.`addresWasUpdated`, `a`.`addressId`, `a`.`day`, `a`.`endHour`, `a`.`firstPart`, `a`.`freeCable`, `a`.`ignored`, `a`.`important`, `a`.`inSchedule`, `a`.`masterComment`, `a`.`masterCommentWasUpdated`, `a`.`maxDaysForConnection`, `a`.`month`, `a`.`operatorComment`, `a`.`operatorCommentWasUpdated`, `a`.`secondPart`, `a`.`startHour`, `a`.`statusWasChecked`, `a`.`statusWasUpdated`, `a`.`stretchingStatus`, `a`.`tarChangeApp`, `a`.`timeRangeIsSet`, `a`.`urgent`, `a`.`year`, `a0`.`Id`, `a0`.`blackoutGroup`, `a0`.`building`, `a0`.`districtname`, `a0`.`equipmentAccess`, `a0`.`streetName`
FROM `applications` AS `a`
LEFT JOIN `addresses` AS `a0` ON `a`.`addressId` = `a0`.`Id`
WHERE `a`.`id` = @__entity_id_0
LIMIT 1
2025-06-07T09:44:04.3447057+03:00	INFO	[ZAK.DA.ApplicationRepository]	[0]	Updating application: ZAK.DA.Application
2025-06-07T09:44:04.3523679+03:00	INFO	[Microsoft.EntityFrameworkCore.Database.Command]	[Microsoft.EntityFrameworkCore.Database.Command.CommandExecuted]	Executed DbCommand (3ms) [Parameters=[@__entity_id_0='187085'], CommandType='Text', CommandTimeout='30']
SELECT `a`.`id`, `a`.`addresWasUpdated`, `a`.`addressId`, `a`.`day`, `a`.`endHour`, `a`.`firstPart`, `a`.`freeCable`, `a`.`ignored`, `a`.`important`, `a`.`inSchedule`, `a`.`masterComment`, `a`.`masterCommentWasUpdated`, `a`.`maxDaysForConnection`, `a`.`month`, `a`.`operatorComment`, `a`.`operatorCommentWasUpdated`, `a`.`secondPart`, `a`.`startHour`, `a`.`statusWasChecked`, `a`.`statusWasUpdated`, `a`.`stretchingStatus`, `a`.`tarChangeApp`, `a`.`timeRangeIsSet`, `a`.`urgent`, `a`.`year`, `a0`.`Id`, `a0`.`blackoutGroup`, `a0`.`building`, `a0`.`districtname`, `a0`.`equipmentAccess`, `a0`.`streetName`
FROM `applications` AS `a`
LEFT JOIN `addresses` AS `a0` ON `a`.`addressId` = `a0`.`Id`
WHERE `a`.`id` = @__entity_id_0
LIMIT 1
2025-06-07T09:44:04.3598413+03:00	INFO	[ZAK.DA.ApplicationRepository]	[0]	Updating application: ZAK.DA.Application
2025-06-07T09:44:04.3772961+03:00	INFO	[Microsoft.EntityFrameworkCore.Database.Command]	[Microsoft.EntityFrameworkCore.Database.Command.CommandExecuted]	Executed DbCommand (10ms) [Parameters=[@__entity_id_0='187085'], CommandType='Text', CommandTimeout='30']
SELECT `a`.`id`, `a`.`addresWasUpdated`, `a`.`addressId`, `a`.`day`, `a`.`endHour`, `a`.`firstPart`, `a`.`freeCable`, `a`.`ignored`, `a`.`important`, `a`.`inSchedule`, `a`.`masterComment`, `a`.`masterCommentWasUpdated`, `a`.`maxDaysForConnection`, `a`.`month`, `a`.`operatorComment`, `a`.`operatorCommentWasUpdated`, `a`.`secondPart`, `a`.`startHour`, `a`.`statusWasChecked`, `a`.`statusWasUpdated`, `a`.`stretchingStatus`, `a`.`tarChangeApp`, `a`.`timeRangeIsSet`, `a`.`urgent`, `a`.`year`, `a0`.`Id`, `a0`.`blackoutGroup`, `a0`.`building`, `a0`.`districtname`, `a0`.`equipmentAccess`, `a0`.`streetName`
FROM `applications` AS `a`
LEFT JOIN `addresses` AS `a0` ON `a`.`addressId` = `a0`.`Id`
WHERE `a`.`id` = @__entity_id_0
LIMIT 1
2025-06-07T09:44:04.3851426+03:00	INFO	[ZAK.DA.ApplicationRepository]	[0]	Updating application: ZAK.DA.Application
2025-06-07T09:44:04.4016665+03:00	INFO	[ZAK.DA.ApplicationRepository]	[0]	Updating application: ZAK.DA.Application
2025-06-07T09:44:04.4105401+03:00	INFO	[Microsoft.EntityFrameworkCore.Database.Command]	[Microsoft.EntityFrameworkCore.Database.Command.CommandExecuted]	Executed DbCommand (18ms) [Parameters=[@__entity_id_0='187085'], CommandType='Text', CommandTimeout='30']
SELECT `a`.`id`, `a`.`addresWasUpdated`, `a`.`addressId`, `a`.`day`, `a`.`endHour`, `a`.`firstPart`, `a`.`freeCable`, `a`.`ignored`, `a`.`important`, `a`.`inSchedule`, `a`.`masterComment`, `a`.`masterCommentWasUpdated`, `a`.`maxDaysForConnection`, `a`.`month`, `a`.`operatorComment`, `a`.`operatorCommentWasUpdated`, `a`.`secondPart`, `a`.`startHour`, `a`.`statusWasChecked`, `a`.`statusWasUpdated`, `a`.`stretchingStatus`, `a`.`tarChangeApp`, `a`.`timeRangeIsSet`, `a`.`urgent`, `a`.`year`, `a0`.`Id`, `a0`.`blackoutGroup`, `a0`.`building`, `a0`.`districtname`, `a0`.`equipmentAccess`, `a0`.`streetName`
FROM `applications` AS `a`
LEFT JOIN `addresses` AS `a0` ON `a`.`addressId` = `a0`.`Id`
WHERE `a`.`id` = @__entity_id_0
LIMIT 1
2025-06-07T09:44:04.4177197+03:00	INFO	[Microsoft.EntityFrameworkCore.Database.Command]	[Microsoft.EntityFrameworkCore.Database.Command.CommandExecuted]	Executed DbCommand (6ms) [Parameters=[@__entity_id_0='187085'], CommandType='Text', CommandTimeout='30']
SELECT `a`.`id`, `a`.`addresWasUpdated`, `a`.`addressId`, `a`.`day`, `a`.`endHour`, `a`.`firstPart`, `a`.`freeCable`, `a`.`ignored`, `a`.`important`, `a`.`inSchedule`, `a`.`masterComment`, `a`.`masterCommentWasUpdated`, `a`.`maxDaysForConnection`, `a`.`month`, `a`.`operatorComment`, `a`.`operatorCommentWasUpdated`, `a`.`secondPart`, `a`.`startHour`, `a`.`statusWasChecked`, `a`.`statusWasUpdated`, `a`.`stretchingStatus`, `a`.`tarChangeApp`, `a`.`timeRangeIsSet`, `a`.`urgent`, `a`.`year`, `a0`.`Id`, `a0`.`blackoutGroup`, `a0`.`building`, `a0`.`districtname`, `a0`.`equipmentAccess`, `a0`.`streetName`
FROM `applications` AS `a`
LEFT JOIN `addresses` AS `a0` ON `a`.`addressId` = `a0`.`Id`
WHERE `a`.`id` = @__entity_id_0
LIMIT 1
2025-06-07T09:44:04.4201552+03:00	INFO	[ZAK.DA.ApplicationRepository]	[0]	Updating application: ZAK.DA.Application
2025-06-07T09:44:04.4293161+03:00	INFO	[Microsoft.EntityFrameworkCore.Database.Command]	[Microsoft.EntityFrameworkCore.Database.Command.CommandExecuted]	Executed DbCommand (3ms) [Parameters=[@__entity_id_0='187085'], CommandType='Text', CommandTimeout='30']
SELECT `a`.`id`, `a`.`addresWasUpdated`, `a`.`addressId`, `a`.`day`, `a`.`endHour`, `a`.`firstPart`, `a`.`freeCable`, `a`.`ignored`, `a`.`important`, `a`.`inSchedule`, `a`.`masterComment`, `a`.`masterCommentWasUpdated`, `a`.`maxDaysForConnection`, `a`.`month`, `a`.`operatorComment`, `a`.`operatorCommentWasUpdated`, `a`.`secondPart`, `a`.`startHour`, `a`.`statusWasChecked`, `a`.`statusWasUpdated`, `a`.`stretchingStatus`, `a`.`tarChangeApp`, `a`.`timeRangeIsSet`, `a`.`urgent`, `a`.`year`, `a0`.`Id`, `a0`.`blackoutGroup`, `a0`.`building`, `a0`.`districtname`, `a0`.`equipmentAccess`, `a0`.`streetName`
FROM `applications` AS `a`
LEFT JOIN `addresses` AS `a0` ON `a`.`addressId` = `a0`.`Id`
WHERE `a`.`id` = @__entity_id_0
LIMIT 1
2025-06-07T09:44:04.4353122+03:00	INFO	[ZAK.DA.ApplicationRepository]	[0]	Updating application: ZAK.DA.Application
2025-06-07T09:44:04.4515956+03:00	INFO	[Microsoft.EntityFrameworkCore.Database.Command]	[Microsoft.EntityFrameworkCore.Database.Command.CommandExecuted]	Executed DbCommand (10ms) [Parameters=[@__entity_id_0='187085'], CommandType='Text', CommandTimeout='30']
SELECT `a`.`id`, `a`.`addresWasUpdated`, `a`.`addressId`, `a`.`day`, `a`.`endHour`, `a`.`firstPart`, `a`.`freeCable`, `a`.`ignored`, `a`.`important`, `a`.`inSchedule`, `a`.`masterComment`, `a`.`masterCommentWasUpdated`, `a`.`maxDaysForConnection`, `a`.`month`, `a`.`operatorComment`, `a`.`operatorCommentWasUpdated`, `a`.`secondPart`, `a`.`startHour`, `a`.`statusWasChecked`, `a`.`statusWasUpdated`, `a`.`stretchingStatus`, `a`.`tarChangeApp`, `a`.`timeRangeIsSet`, `a`.`urgent`, `a`.`year`, `a0`.`Id`, `a0`.`blackoutGroup`, `a0`.`building`, `a0`.`districtname`, `a0`.`equipmentAccess`, `a0`.`streetName`
FROM `applications` AS `a`
LEFT JOIN `addresses` AS `a0` ON `a`.`addressId` = `a0`.`Id`
WHERE `a`.`id` = @__entity_id_0
LIMIT 1
2025-06-07T09:44:04.4542759+03:00	INFO	[ZAK.DA.ApplicationRepository]	[0]	Updating application: ZAK.DA.Application
2025-06-07T09:44:04.4668181+03:00	INFO	[Microsoft.EntityFrameworkCore.Database.Command]	[Microsoft.EntityFrameworkCore.Database.Command.CommandExecuted]	Executed DbCommand (4ms) [Parameters=[@__entity_id_0='187085'], CommandType='Text', CommandTimeout='30']
SELECT `a`.`id`, `a`.`addresWasUpdated`, `a`.`addressId`, `a`.`day`, `a`.`endHour`, `a`.`firstPart`, `a`.`freeCable`, `a`.`ignored`, `a`.`important`, `a`.`inSchedule`, `a`.`masterComment`, `a`.`masterCommentWasUpdated`, `a`.`maxDaysForConnection`, `a`.`month`, `a`.`operatorComment`, `a`.`operatorCommentWasUpdated`, `a`.`secondPart`, `a`.`startHour`, `a`.`statusWasChecked`, `a`.`statusWasUpdated`, `a`.`stretchingStatus`, `a`.`tarChangeApp`, `a`.`timeRangeIsSet`, `a`.`urgent`, `a`.`year`, `a0`.`Id`, `a0`.`blackoutGroup`, `a0`.`building`, `a0`.`districtname`, `a0`.`equipmentAccess`, `a0`.`streetName`
FROM `applications` AS `a`
LEFT JOIN `addresses` AS `a0` ON `a`.`addressId` = `a0`.`Id`
WHERE `a`.`id` = @__entity_id_0
LIMIT 1
2025-06-07T09:44:04.4733048+03:00	INFO	[ZAK.DA.ApplicationRepository]	[0]	Updating application: ZAK.DA.Application
2025-06-07T09:44:04.4924731+03:00	INFO	[Microsoft.EntityFrameworkCore.Database.Command]	[Microsoft.EntityFrameworkCore.Database.Command.CommandExecuted]	Executed DbCommand (10ms) [Parameters=[@__entity_id_0='187085'], CommandType='Text', CommandTimeout='30']
SELECT `a`.`id`, `a`.`addresWasUpdated`, `a`.`addressId`, `a`.`day`, `a`.`endHour`, `a`.`firstPart`, `a`.`freeCable`, `a`.`ignored`, `a`.`important`, `a`.`inSchedule`, `a`.`masterComment`, `a`.`masterCommentWasUpdated`, `a`.`maxDaysForConnection`, `a`.`month`, `a`.`operatorComment`, `a`.`operatorCommentWasUpdated`, `a`.`secondPart`, `a`.`startHour`, `a`.`statusWasChecked`, `a`.`statusWasUpdated`, `a`.`stretchingStatus`, `a`.`tarChangeApp`, `a`.`timeRangeIsSet`, `a`.`urgent`, `a`.`year`, `a0`.`Id`, `a0`.`blackoutGroup`, `a0`.`building`, `a0`.`districtname`, `a0`.`equipmentAccess`, `a0`.`streetName`
FROM `applications` AS `a`
LEFT JOIN `addresses` AS `a0` ON `a`.`addressId` = `a0`.`Id`
WHERE `a`.`id` = @__entity_id_0
LIMIT 1
2025-06-07T09:44:04.4944831+03:00	INFO	[ZAK.DA.ApplicationRepository]	[0]	Updating application: ZAK.DA.Application
2025-06-07T09:44:04.5028450+03:00	INFO	[Microsoft.EntityFrameworkCore.Database.Command]	[Microsoft.EntityFrameworkCore.Database.Command.CommandExecuted]	Executed DbCommand (3ms) [Parameters=[@__entity_id_0='187085'], CommandType='Text', CommandTimeout='30']
SELECT `a`.`id`, `a`.`addresWasUpdated`, `a`.`addressId`, `a`.`day`, `a`.`endHour`, `a`.`firstPart`, `a`.`freeCable`, `a`.`ignored`, `a`.`important`, `a`.`inSchedule`, `a`.`masterComment`, `a`.`masterCommentWasUpdated`, `a`.`maxDaysForConnection`, `a`.`month`, `a`.`operatorComment`, `a`.`operatorCommentWasUpdated`, `a`.`secondPart`, `a`.`startHour`, `a`.`statusWasChecked`, `a`.`statusWasUpdated`, `a`.`stretchingStatus`, `a`.`tarChangeApp`, `a`.`timeRangeIsSet`, `a`.`urgent`, `a`.`year`, `a0`.`Id`, `a0`.`blackoutGroup`, `a0`.`building`, `a0`.`districtname`, `a0`.`equipmentAccess`, `a0`.`streetName`
FROM `applications` AS `a`
LEFT JOIN `addresses` AS `a0` ON `a`.`addressId` = `a0`.`Id`
WHERE `a`.`id` = @__entity_id_0
LIMIT 1
2025-06-07T09:44:04.5103697+03:00	INFO	[ZAK.DA.ApplicationRepository]	[0]	Updating application: ZAK.DA.Application
2025-06-07T09:44:04.5255172+03:00	INFO	[Microsoft.EntityFrameworkCore.Database.Command]	[Microsoft.EntityFrameworkCore.Database.Command.CommandExecuted]	Executed DbCommand (8ms) [Parameters=[@__entity_id_0='187085'], CommandType='Text', CommandTimeout='30']
SELECT `a`.`id`, `a`.`addresWasUpdated`, `a`.`addressId`, `a`.`day`, `a`.`endHour`, `a`.`firstPart`, `a`.`freeCable`, `a`.`ignored`, `a`.`important`, `a`.`inSchedule`, `a`.`masterComment`, `a`.`masterCommentWasUpdated`, `a`.`maxDaysForConnection`, `a`.`month`, `a`.`operatorComment`, `a`.`operatorCommentWasUpdated`, `a`.`secondPart`, `a`.`startHour`, `a`.`statusWasChecked`, `a`.`statusWasUpdated`, `a`.`stretchingStatus`, `a`.`tarChangeApp`, `a`.`timeRangeIsSet`, `a`.`urgent`, `a`.`year`, `a0`.`Id`, `a0`.`blackoutGroup`, `a0`.`building`, `a0`.`districtname`, `a0`.`equipmentAccess`, `a0`.`streetName`
FROM `applications` AS `a`
LEFT JOIN `addresses` AS `a0` ON `a`.`addressId` = `a0`.`Id`
WHERE `a`.`id` = @__entity_id_0
LIMIT 1
2025-06-07T09:44:04.5285549+03:00	INFO	[ZAK.DA.ApplicationRepository]	[0]	Updating application: ZAK.DA.Application
2025-06-07T09:44:04.5398315+03:00	INFO	[Microsoft.EntityFrameworkCore.Database.Command]	[Microsoft.EntityFrameworkCore.Database.Command.CommandExecuted]	Executed DbCommand (5ms) [Parameters=[@__entity_id_0='187085'], CommandType='Text', CommandTimeout='30']
SELECT `a`.`id`, `a`.`addresWasUpdated`, `a`.`addressId`, `a`.`day`, `a`.`endHour`, `a`.`firstPart`, `a`.`freeCable`, `a`.`ignored`, `a`.`important`, `a`.`inSchedule`, `a`.`masterComment`, `a`.`masterCommentWasUpdated`, `a`.`maxDaysForConnection`, `a`.`month`, `a`.`operatorComment`, `a`.`operatorCommentWasUpdated`, `a`.`secondPart`, `a`.`startHour`, `a`.`statusWasChecked`, `a`.`statusWasUpdated`, `a`.`stretchingStatus`, `a`.`tarChangeApp`, `a`.`timeRangeIsSet`, `a`.`urgent`, `a`.`year`, `a0`.`Id`, `a0`.`blackoutGroup`, `a0`.`building`, `a0`.`districtname`, `a0`.`equipmentAccess`, `a0`.`streetName`
FROM `applications` AS `a`
LEFT JOIN `addresses` AS `a0` ON `a`.`addressId` = `a0`.`Id`
WHERE `a`.`id` = @__entity_id_0
LIMIT 1
2025-06-07T09:44:04.5454068+03:00	INFO	[ZAK.DA.ApplicationRepository]	[0]	Updating application: ZAK.DA.Application
2025-06-07T09:44:04.5522955+03:00	INFO	[Microsoft.EntityFrameworkCore.Database.Command]	[Microsoft.EntityFrameworkCore.Database.Command.CommandExecuted]	Executed DbCommand (3ms) [Parameters=[@__entity_id_0='187085'], CommandType='Text', CommandTimeout='30']
SELECT `a`.`id`, `a`.`addresWasUpdated`, `a`.`addressId`, `a`.`day`, `a`.`endHour`, `a`.`firstPart`, `a`.`freeCable`, `a`.`ignored`, `a`.`important`, `a`.`inSchedule`, `a`.`masterComment`, `a`.`masterCommentWasUpdated`, `a`.`maxDaysForConnection`, `a`.`month`, `a`.`operatorComment`, `a`.`operatorCommentWasUpdated`, `a`.`secondPart`, `a`.`startHour`, `a`.`statusWasChecked`, `a`.`statusWasUpdated`, `a`.`stretchingStatus`, `a`.`tarChangeApp`, `a`.`timeRangeIsSet`, `a`.`urgent`, `a`.`year`, `a0`.`Id`, `a0`.`blackoutGroup`, `a0`.`building`, `a0`.`districtname`, `a0`.`equipmentAccess`, `a0`.`streetName`
FROM `applications` AS `a`
LEFT JOIN `addresses` AS `a0` ON `a`.`addressId` = `a0`.`Id`
WHERE `a`.`id` = @__entity_id_0
LIMIT 1
2025-06-07T09:44:04.5597369+03:00	INFO	[ZAK.DA.ApplicationRepository]	[0]	Updating application: ZAK.DA.Application
2025-06-07T09:44:04.5699637+03:00	INFO	[Microsoft.EntityFrameworkCore.Database.Command]	[Microsoft.EntityFrameworkCore.Database.Command.CommandExecuted]	Executed DbCommand (4ms) [Parameters=[@__entity_id_0='187085'], CommandType='Text', CommandTimeout='30']
SELECT `a`.`id`, `a`.`addresWasUpdated`, `a`.`addressId`, `a`.`day`, `a`.`endHour`, `a`.`firstPart`, `a`.`freeCable`, `a`.`ignored`, `a`.`important`, `a`.`inSchedule`, `a`.`masterComment`, `a`.`masterCommentWasUpdated`, `a`.`maxDaysForConnection`, `a`.`month`, `a`.`operatorComment`, `a`.`operatorCommentWasUpdated`, `a`.`secondPart`, `a`.`startHour`, `a`.`statusWasChecked`, `a`.`statusWasUpdated`, `a`.`stretchingStatus`, `a`.`tarChangeApp`, `a`.`timeRangeIsSet`, `a`.`urgent`, `a`.`year`, `a0`.`Id`, `a0`.`blackoutGroup`, `a0`.`building`, `a0`.`districtname`, `a0`.`equipmentAccess`, `a0`.`streetName`
FROM `applications` AS `a`
LEFT JOIN `addresses` AS `a0` ON `a`.`addressId` = `a0`.`Id`
WHERE `a`.`id` = @__entity_id_0
LIMIT 1
2025-06-07T09:44:04.5758859+03:00	INFO	[ZAK.DA.ApplicationRepository]	[0]	Updating application: ZAK.DA.Application
2025-06-07T09:44:04.5829335+03:00	INFO	[Microsoft.EntityFrameworkCore.Database.Command]	[Microsoft.EntityFrameworkCore.Database.Command.CommandExecuted]	Executed DbCommand (3ms) [Parameters=[@__entity_id_0='187085'], CommandType='Text', CommandTimeout='30']
SELECT `a`.`id`, `a`.`addresWasUpdated`, `a`.`addressId`, `a`.`day`, `a`.`endHour`, `a`.`firstPart`, `a`.`freeCable`, `a`.`ignored`, `a`.`important`, `a`.`inSchedule`, `a`.`masterComment`, `a`.`masterCommentWasUpdated`, `a`.`maxDaysForConnection`, `a`.`month`, `a`.`operatorComment`, `a`.`operatorCommentWasUpdated`, `a`.`secondPart`, `a`.`startHour`, `a`.`statusWasChecked`, `a`.`statusWasUpdated`, `a`.`stretchingStatus`, `a`.`tarChangeApp`, `a`.`timeRangeIsSet`, `a`.`urgent`, `a`.`year`, `a0`.`Id`, `a0`.`blackoutGroup`, `a0`.`building`, `a0`.`districtname`, `a0`.`equipmentAccess`, `a0`.`streetName`
FROM `applications` AS `a`
LEFT JOIN `addresses` AS `a0` ON `a`.`addressId` = `a0`.`Id`
WHERE `a`.`id` = @__entity_id_0
LIMIT 1
2025-06-07T09:44:04.5874791+03:00	INFO	[ZAK.DA.ApplicationRepository]	[0]	Updating application: ZAK.DA.Application
2025-06-07T09:44:04.5964217+03:00	INFO	[Microsoft.EntityFrameworkCore.Database.Command]	[Microsoft.EntityFrameworkCore.Database.Command.CommandExecuted]	Executed DbCommand (3ms) [Parameters=[@__entity_id_0='187085'], CommandType='Text', CommandTimeout='30']
SELECT `a`.`id`, `a`.`addresWasUpdated`, `a`.`addressId`, `a`.`day`, `a`.`endHour`, `a`.`firstPart`, `a`.`freeCable`, `a`.`ignored`, `a`.`important`, `a`.`inSchedule`, `a`.`masterComment`, `a`.`masterCommentWasUpdated`, `a`.`maxDaysForConnection`, `a`.`month`, `a`.`operatorComment`, `a`.`operatorCommentWasUpdated`, `a`.`secondPart`, `a`.`startHour`, `a`.`statusWasChecked`, `a`.`statusWasUpdated`, `a`.`stretchingStatus`, `a`.`tarChangeApp`, `a`.`timeRangeIsSet`, `a`.`urgent`, `a`.`year`, `a0`.`Id`, `a0`.`blackoutGroup`, `a0`.`building`, `a0`.`districtname`, `a0`.`equipmentAccess`, `a0`.`streetName`
FROM `applications` AS `a`
LEFT JOIN `addresses` AS `a0` ON `a`.`addressId` = `a0`.`Id`
WHERE `a`.`id` = @__entity_id_0
LIMIT 1
2025-06-07T09:44:04.6022004+03:00	INFO	[ZAK.DA.ApplicationRepository]	[0]	Updating application: ZAK.DA.Application
2025-06-07T09:44:04.6090754+03:00	INFO	[Microsoft.EntityFrameworkCore.Database.Command]	[Microsoft.EntityFrameworkCore.Database.Command.CommandExecuted]	Executed DbCommand (3ms) [Parameters=[@__entity_id_0='187085'], CommandType='Text', CommandTimeout='30']
SELECT `a`.`id`, `a`.`addresWasUpdated`, `a`.`addressId`, `a`.`day`, `a`.`endHour`, `a`.`firstPart`, `a`.`freeCable`, `a`.`ignored`, `a`.`important`, `a`.`inSchedule`, `a`.`masterComment`, `a`.`masterCommentWasUpdated`, `a`.`maxDaysForConnection`, `a`.`month`, `a`.`operatorComment`, `a`.`operatorCommentWasUpdated`, `a`.`secondPart`, `a`.`startHour`, `a`.`statusWasChecked`, `a`.`statusWasUpdated`, `a`.`stretchingStatus`, `a`.`tarChangeApp`, `a`.`timeRangeIsSet`, `a`.`urgent`, `a`.`year`, `a0`.`Id`, `a0`.`blackoutGroup`, `a0`.`building`, `a0`.`districtname`, `a0`.`equipmentAccess`, `a0`.`streetName`
FROM `applications` AS `a`
LEFT JOIN `addresses` AS `a0` ON `a`.`addressId` = `a0`.`Id`
WHERE `a`.`id` = @__entity_id_0
LIMIT 1
2025-06-07T09:44:04.6162179+03:00	INFO	[ZAK.DA.ApplicationRepository]	[0]	Updating application: ZAK.DA.Application
2025-06-07T09:44:04.6224422+03:00	INFO	[Microsoft.EntityFrameworkCore.Database.Command]	[Microsoft.EntityFrameworkCore.Database.Command.CommandExecuted]	Executed DbCommand (3ms) [Parameters=[@__entity_id_0='187085'], CommandType='Text', CommandTimeout='30']
SELECT `a`.`id`, `a`.`addresWasUpdated`, `a`.`addressId`, `a`.`day`, `a`.`endHour`, `a`.`firstPart`, `a`.`freeCable`, `a`.`ignored`, `a`.`important`, `a`.`inSchedule`, `a`.`masterComment`, `a`.`masterCommentWasUpdated`, `a`.`maxDaysForConnection`, `a`.`month`, `a`.`operatorComment`, `a`.`operatorCommentWasUpdated`, `a`.`secondPart`, `a`.`startHour`, `a`.`statusWasChecked`, `a`.`statusWasUpdated`, `a`.`stretchingStatus`, `a`.`tarChangeApp`, `a`.`timeRangeIsSet`, `a`.`urgent`, `a`.`year`, `a0`.`Id`, `a0`.`blackoutGroup`, `a0`.`building`, `a0`.`districtname`, `a0`.`equipmentAccess`, `a0`.`streetName`
FROM `applications` AS `a`
LEFT JOIN `addresses` AS `a0` ON `a`.`addressId` = `a0`.`Id`
WHERE `a`.`id` = @__entity_id_0
LIMIT 1
2025-06-07T09:44:04.6293416+03:00	INFO	[ZAK.DA.ApplicationRepository]	[0]	Updating application: ZAK.DA.Application
2025-06-07T09:44:04.6354673+03:00	INFO	[Microsoft.EntityFrameworkCore.Database.Command]	[Microsoft.EntityFrameworkCore.Database.Command.CommandExecuted]	Executed DbCommand (3ms) [Parameters=[@__entity_id_0='187085'], CommandType='Text', CommandTimeout='30']
SELECT `a`.`id`, `a`.`addresWasUpdated`, `a`.`addressId`, `a`.`day`, `a`.`endHour`, `a`.`firstPart`, `a`.`freeCable`, `a`.`ignored`, `a`.`important`, `a`.`inSchedule`, `a`.`masterComment`, `a`.`masterCommentWasUpdated`, `a`.`maxDaysForConnection`, `a`.`month`, `a`.`operatorComment`, `a`.`operatorCommentWasUpdated`, `a`.`secondPart`, `a`.`startHour`, `a`.`statusWasChecked`, `a`.`statusWasUpdated`, `a`.`stretchingStatus`, `a`.`tarChangeApp`, `a`.`timeRangeIsSet`, `a`.`urgent`, `a`.`year`, `a0`.`Id`, `a0`.`blackoutGroup`, `a0`.`building`, `a0`.`districtname`, `a0`.`equipmentAccess`, `a0`.`streetName`
FROM `applications` AS `a`
LEFT JOIN `addresses` AS `a0` ON `a`.`addressId` = `a0`.`Id`
WHERE `a`.`id` = @__entity_id_0
LIMIT 1
2025-06-07T09:44:04.6456779+03:00	INFO	[ZAK.DA.ApplicationRepository]	[0]	Updating application: ZAK.DA.Application
2025-06-07T09:44:04.6574391+03:00	INFO	[Microsoft.EntityFrameworkCore.Database.Command]	[Microsoft.EntityFrameworkCore.Database.Command.CommandExecuted]	Executed DbCommand (3ms) [Parameters=[@__entity_id_0='187085'], CommandType='Text', CommandTimeout='30']
SELECT `a`.`id`, `a`.`addresWasUpdated`, `a`.`addressId`, `a`.`day`, `a`.`endHour`, `a`.`firstPart`, `a`.`freeCable`, `a`.`ignored`, `a`.`important`, `a`.`inSchedule`, `a`.`masterComment`, `a`.`masterCommentWasUpdated`, `a`.`maxDaysForConnection`, `a`.`month`, `a`.`operatorComment`, `a`.`operatorCommentWasUpdated`, `a`.`secondPart`, `a`.`startHour`, `a`.`statusWasChecked`, `a`.`statusWasUpdated`, `a`.`stretchingStatus`, `a`.`tarChangeApp`, `a`.`timeRangeIsSet`, `a`.`urgent`, `a`.`year`, `a0`.`Id`, `a0`.`blackoutGroup`, `a0`.`building`, `a0`.`districtname`, `a0`.`equipmentAccess`, `a0`.`streetName`
FROM `applications` AS `a`
LEFT JOIN `addresses` AS `a0` ON `a`.`addressId` = `a0`.`Id`
WHERE `a`.`id` = @__entity_id_0
LIMIT 1
2025-06-07T09:44:04.6619656+03:00	INFO	[ZAK.DA.ApplicationRepository]	[0]	Updating application: ZAK.DA.Application
2025-06-07T09:44:04.6686866+03:00	INFO	[Microsoft.EntityFrameworkCore.Database.Command]	[Microsoft.EntityFrameworkCore.Database.Command.CommandExecuted]	Executed DbCommand (3ms) [Parameters=[@__entity_id_0='187085'], CommandType='Text', CommandTimeout='30']
SELECT `a`.`id`, `a`.`addresWasUpdated`, `a`.`addressId`, `a`.`day`, `a`.`endHour`, `a`.`firstPart`, `a`.`freeCable`, `a`.`ignored`, `a`.`important`, `a`.`inSchedule`, `a`.`masterComment`, `a`.`masterCommentWasUpdated`, `a`.`maxDaysForConnection`, `a`.`month`, `a`.`operatorComment`, `a`.`operatorCommentWasUpdated`, `a`.`secondPart`, `a`.`startHour`, `a`.`statusWasChecked`, `a`.`statusWasUpdated`, `a`.`stretchingStatus`, `a`.`tarChangeApp`, `a`.`timeRangeIsSet`, `a`.`urgent`, `a`.`year`, `a0`.`Id`, `a0`.`blackoutGroup`, `a0`.`building`, `a0`.`districtname`, `a0`.`equipmentAccess`, `a0`.`streetName`
FROM `applications` AS `a`
LEFT JOIN `addresses` AS `a0` ON `a`.`addressId` = `a0`.`Id`
WHERE `a`.`id` = @__entity_id_0
LIMIT 1
2025-06-07T09:44:04.6751763+03:00	INFO	[ZAK.DA.ApplicationRepository]	[0]	Updating application: ZAK.DA.Application
2025-06-07T09:44:04.6824179+03:00	INFO	[Microsoft.EntityFrameworkCore.Database.Command]	[Microsoft.EntityFrameworkCore.Database.Command.CommandExecuted]	Executed DbCommand (3ms) [Parameters=[@__entity_id_0='187085'], CommandType='Text', CommandTimeout='30']
SELECT `a`.`id`, `a`.`addresWasUpdated`, `a`.`addressId`, `a`.`day`, `a`.`endHour`, `a`.`firstPart`, `a`.`freeCable`, `a`.`ignored`, `a`.`important`, `a`.`inSchedule`, `a`.`masterComment`, `a`.`masterCommentWasUpdated`, `a`.`maxDaysForConnection`, `a`.`month`, `a`.`operatorComment`, `a`.`operatorCommentWasUpdated`, `a`.`secondPart`, `a`.`startHour`, `a`.`statusWasChecked`, `a`.`statusWasUpdated`, `a`.`stretchingStatus`, `a`.`tarChangeApp`, `a`.`timeRangeIsSet`, `a`.`urgent`, `a`.`year`, `a0`.`Id`, `a0`.`blackoutGroup`, `a0`.`building`, `a0`.`districtname`, `a0`.`equipmentAccess`, `a0`.`streetName`
FROM `applications` AS `a`
LEFT JOIN `addresses` AS `a0` ON `a`.`addressId` = `a0`.`Id`
WHERE `a`.`id` = @__entity_id_0
LIMIT 1
2025-06-07T09:44:04.6921878+03:00	INFO	[ZAK.DA.ApplicationRepository]	[0]	Updating application: ZAK.DA.Application
2025-06-07T09:44:04.6990889+03:00	INFO	[Microsoft.EntityFrameworkCore.Database.Command]	[Microsoft.EntityFrameworkCore.Database.Command.CommandExecuted]	Executed DbCommand (3ms) [Parameters=[@__entity_id_0='187085'], CommandType='Text', CommandTimeout='30']
SELECT `a`.`id`, `a`.`addresWasUpdated`, `a`.`addressId`, `a`.`day`, `a`.`endHour`, `a`.`firstPart`, `a`.`freeCable`, `a`.`ignored`, `a`.`important`, `a`.`inSchedule`, `a`.`masterComment`, `a`.`masterCommentWasUpdated`, `a`.`maxDaysForConnection`, `a`.`month`, `a`.`operatorComment`, `a`.`operatorCommentWasUpdated`, `a`.`secondPart`, `a`.`startHour`, `a`.`statusWasChecked`, `a`.`statusWasUpdated`, `a`.`stretchingStatus`, `a`.`tarChangeApp`, `a`.`timeRangeIsSet`, `a`.`urgent`, `a`.`year`, `a0`.`Id`, `a0`.`blackoutGroup`, `a0`.`building`, `a0`.`districtname`, `a0`.`equipmentAccess`, `a0`.`streetName`
FROM `applications` AS `a`
LEFT JOIN `addresses` AS `a0` ON `a`.`addressId` = `a0`.`Id`
WHERE `a`.`id` = @__entity_id_0
LIMIT 1
2025-06-07T09:44:04.7089535+03:00	INFO	[ZAK.DA.ApplicationRepository]	[0]	Updating application: ZAK.DA.Application
2025-06-07T09:44:04.7157401+03:00	INFO	[Microsoft.EntityFrameworkCore.Database.Command]	[Microsoft.EntityFrameworkCore.Database.Command.CommandExecuted]	Executed DbCommand (3ms) [Parameters=[@__entity_id_0='187085'], CommandType='Text', CommandTimeout='30']
SELECT `a`.`id`, `a`.`addresWasUpdated`, `a`.`addressId`, `a`.`day`, `a`.`endHour`, `a`.`firstPart`, `a`.`freeCable`, `a`.`ignored`, `a`.`important`, `a`.`inSchedule`, `a`.`masterComment`, `a`.`masterCommentWasUpdated`, `a`.`maxDaysForConnection`, `a`.`month`, `a`.`operatorComment`, `a`.`operatorCommentWasUpdated`, `a`.`secondPart`, `a`.`startHour`, `a`.`statusWasChecked`, `a`.`statusWasUpdated`, `a`.`stretchingStatus`, `a`.`tarChangeApp`, `a`.`timeRangeIsSet`, `a`.`urgent`, `a`.`year`, `a0`.`Id`, `a0`.`blackoutGroup`, `a0`.`building`, `a0`.`districtname`, `a0`.`equipmentAccess`, `a0`.`streetName`
FROM `applications` AS `a`
LEFT JOIN `addresses` AS `a0` ON `a`.`addressId` = `a0`.`Id`
WHERE `a`.`id` = @__entity_id_0
LIMIT 1
2025-06-07T09:44:04.7228109+03:00	INFO	[ZAK.DA.ApplicationRepository]	[0]	Updating application: ZAK.DA.Application
2025-06-07T09:44:04.7303559+03:00	INFO	[Microsoft.EntityFrameworkCore.Database.Command]	[Microsoft.EntityFrameworkCore.Database.Command.CommandExecuted]	Executed DbCommand (3ms) [Parameters=[@__entity_id_0='187085'], CommandType='Text', CommandTimeout='30']
SELECT `a`.`id`, `a`.`addresWasUpdated`, `a`.`addressId`, `a`.`day`, `a`.`endHour`, `a`.`firstPart`, `a`.`freeCable`, `a`.`ignored`, `a`.`important`, `a`.`inSchedule`, `a`.`masterComment`, `a`.`masterCommentWasUpdated`, `a`.`maxDaysForConnection`, `a`.`month`, `a`.`operatorComment`, `a`.`operatorCommentWasUpdated`, `a`.`secondPart`, `a`.`startHour`, `a`.`statusWasChecked`, `a`.`statusWasUpdated`, `a`.`stretchingStatus`, `a`.`tarChangeApp`, `a`.`timeRangeIsSet`, `a`.`urgent`, `a`.`year`, `a0`.`Id`, `a0`.`blackoutGroup`, `a0`.`building`, `a0`.`districtname`, `a0`.`equipmentAccess`, `a0`.`streetName`
FROM `applications` AS `a`
LEFT JOIN `addresses` AS `a0` ON `a`.`addressId` = `a0`.`Id`
WHERE `a`.`id` = @__entity_id_0
LIMIT 1
2025-06-07T09:44:04.7415258+03:00	INFO	[ZAK.DA.ApplicationRepository]	[0]	Updating application: ZAK.DA.Application
2025-06-07T09:44:04.7497298+03:00	INFO	[Microsoft.EntityFrameworkCore.Database.Command]	[Microsoft.EntityFrameworkCore.Database.Command.CommandExecuted]	Executed DbCommand (3ms) [Parameters=[@__entity_id_0='187085'], CommandType='Text', CommandTimeout='30']
SELECT `a`.`id`, `a`.`addresWasUpdated`, `a`.`addressId`, `a`.`day`, `a`.`endHour`, `a`.`firstPart`, `a`.`freeCable`, `a`.`ignored`, `a`.`important`, `a`.`inSchedule`, `a`.`masterComment`, `a`.`masterCommentWasUpdated`, `a`.`maxDaysForConnection`, `a`.`month`, `a`.`operatorComment`, `a`.`operatorCommentWasUpdated`, `a`.`secondPart`, `a`.`startHour`, `a`.`statusWasChecked`, `a`.`statusWasUpdated`, `a`.`stretchingStatus`, `a`.`tarChangeApp`, `a`.`timeRangeIsSet`, `a`.`urgent`, `a`.`year`, `a0`.`Id`, `a0`.`blackoutGroup`, `a0`.`building`, `a0`.`districtname`, `a0`.`equipmentAccess`, `a0`.`streetName`
FROM `applications` AS `a`
LEFT JOIN `addresses` AS `a0` ON `a`.`addressId` = `a0`.`Id`
WHERE `a`.`id` = @__entity_id_0
LIMIT 1
2025-06-07T09:44:04.7550141+03:00	INFO	[ZAK.DA.ApplicationRepository]	[0]	Updating application: ZAK.DA.Application
2025-06-07T09:44:04.7675050+03:00	INFO	[Microsoft.EntityFrameworkCore.Database.Command]	[Microsoft.EntityFrameworkCore.Database.Command.CommandExecuted]	Executed DbCommand (3ms) [Parameters=[@__entity_id_0='187085'], CommandType='Text', CommandTimeout='30']
SELECT `a`.`id`, `a`.`addresWasUpdated`, `a`.`addressId`, `a`.`day`, `a`.`endHour`, `a`.`firstPart`, `a`.`freeCable`, `a`.`ignored`, `a`.`important`, `a`.`inSchedule`, `a`.`masterComment`, `a`.`masterCommentWasUpdated`, `a`.`maxDaysForConnection`, `a`.`month`, `a`.`operatorComment`, `a`.`operatorCommentWasUpdated`, `a`.`secondPart`, `a`.`startHour`, `a`.`statusWasChecked`, `a`.`statusWasUpdated`, `a`.`stretchingStatus`, `a`.`tarChangeApp`, `a`.`timeRangeIsSet`, `a`.`urgent`, `a`.`year`, `a0`.`Id`, `a0`.`blackoutGroup`, `a0`.`building`, `a0`.`districtname`, `a0`.`equipmentAccess`, `a0`.`streetName`
FROM `applications` AS `a`
LEFT JOIN `addresses` AS `a0` ON `a`.`addressId` = `a0`.`Id`
WHERE `a`.`id` = @__entity_id_0
LIMIT 1
2025-06-07T09:44:04.7775152+03:00	INFO	[ZAK.DA.ApplicationRepository]	[0]	Updating application: ZAK.DA.Application
2025-06-07T09:44:04.7840581+03:00	INFO	[Microsoft.EntityFrameworkCore.Database.Command]	[Microsoft.EntityFrameworkCore.Database.Command.CommandExecuted]	Executed DbCommand (3ms) [Parameters=[@__entity_id_0='187085'], CommandType='Text', CommandTimeout='30']
SELECT `a`.`id`, `a`.`addresWasUpdated`, `a`.`addressId`, `a`.`day`, `a`.`endHour`, `a`.`firstPart`, `a`.`freeCable`, `a`.`ignored`, `a`.`important`, `a`.`inSchedule`, `a`.`masterComment`, `a`.`masterCommentWasUpdated`, `a`.`maxDaysForConnection`, `a`.`month`, `a`.`operatorComment`, `a`.`operatorCommentWasUpdated`, `a`.`secondPart`, `a`.`startHour`, `a`.`statusWasChecked`, `a`.`statusWasUpdated`, `a`.`stretchingStatus`, `a`.`tarChangeApp`, `a`.`timeRangeIsSet`, `a`.`urgent`, `a`.`year`, `a0`.`Id`, `a0`.`blackoutGroup`, `a0`.`building`, `a0`.`districtname`, `a0`.`equipmentAccess`, `a0`.`streetName`
FROM `applications` AS `a`
LEFT JOIN `addresses` AS `a0` ON `a`.`addressId` = `a0`.`Id`
WHERE `a`.`id` = @__entity_id_0
LIMIT 1
2025-06-07T09:44:04.7883543+03:00	INFO	[ZAK.DA.ApplicationRepository]	[0]	Updating application: ZAK.DA.Application
2025-06-07T09:44:04.7949551+03:00	INFO	[Microsoft.EntityFrameworkCore.Database.Command]	[Microsoft.EntityFrameworkCore.Database.Command.CommandExecuted]	Executed DbCommand (3ms) [Parameters=[@__entity_id_0='187085'], CommandType='Text', CommandTimeout='30']
SELECT `a`.`id`, `a`.`addresWasUpdated`, `a`.`addressId`, `a`.`day`, `a`.`endHour`, `a`.`firstPart`, `a`.`freeCable`, `a`.`ignored`, `a`.`important`, `a`.`inSchedule`, `a`.`masterComment`, `a`.`masterCommentWasUpdated`, `a`.`maxDaysForConnection`, `a`.`month`, `a`.`operatorComment`, `a`.`operatorCommentWasUpdated`, `a`.`secondPart`, `a`.`startHour`, `a`.`statusWasChecked`, `a`.`statusWasUpdated`, `a`.`stretchingStatus`, `a`.`tarChangeApp`, `a`.`timeRangeIsSet`, `a`.`urgent`, `a`.`year`, `a0`.`Id`, `a0`.`blackoutGroup`, `a0`.`building`, `a0`.`districtname`, `a0`.`equipmentAccess`, `a0`.`streetName`
FROM `applications` AS `a`
LEFT JOIN `addresses` AS `a0` ON `a`.`addressId` = `a0`.`Id`
WHERE `a`.`id` = @__entity_id_0
LIMIT 1
2025-06-07T09:44:04.8014831+03:00	INFO	[ZAK.DA.ApplicationRepository]	[0]	Updating application: ZAK.DA.Application
2025-06-07T09:44:04.8135268+03:00	INFO	[ZAK.DA.ApplicationRepository]	[0]	Updating application: ZAK.DA.Application
2025-06-07T09:44:04.8170431+03:00	INFO	[Microsoft.EntityFrameworkCore.Database.Command]	[Microsoft.EntityFrameworkCore.Database.Command.CommandExecuted]	Executed DbCommand (12ms) [Parameters=[@__entity_id_0='187085'], CommandType='Text', CommandTimeout='30']
SELECT `a`.`id`, `a`.`addresWasUpdated`, `a`.`addressId`, `a`.`day`, `a`.`endHour`, `a`.`firstPart`, `a`.`freeCable`, `a`.`ignored`, `a`.`important`, `a`.`inSchedule`, `a`.`masterComment`, `a`.`masterCommentWasUpdated`, `a`.`maxDaysForConnection`, `a`.`month`, `a`.`operatorComment`, `a`.`operatorCommentWasUpdated`, `a`.`secondPart`, `a`.`startHour`, `a`.`statusWasChecked`, `a`.`statusWasUpdated`, `a`.`stretchingStatus`, `a`.`tarChangeApp`, `a`.`timeRangeIsSet`, `a`.`urgent`, `a`.`year`, `a0`.`Id`, `a0`.`blackoutGroup`, `a0`.`building`, `a0`.`districtname`, `a0`.`equipmentAccess`, `a0`.`streetName`
FROM `applications` AS `a`
LEFT JOIN `addresses` AS `a0` ON `a`.`addressId` = `a0`.`Id`
WHERE `a`.`id` = @__entity_id_0
LIMIT 1
2025-06-07T09:44:04.8227086+03:00	INFO	[Microsoft.EntityFrameworkCore.Database.Command]	[Microsoft.EntityFrameworkCore.Database.Command.CommandExecuted]	Executed DbCommand (6ms) [Parameters=[@__entity_id_0='187085'], CommandType='Text', CommandTimeout='30']
SELECT `a`.`id`, `a`.`addresWasUpdated`, `a`.`addressId`, `a`.`day`, `a`.`endHour`, `a`.`firstPart`, `a`.`freeCable`, `a`.`ignored`, `a`.`important`, `a`.`inSchedule`, `a`.`masterComment`, `a`.`masterCommentWasUpdated`, `a`.`maxDaysForConnection`, `a`.`month`, `a`.`operatorComment`, `a`.`operatorCommentWasUpdated`, `a`.`secondPart`, `a`.`startHour`, `a`.`statusWasChecked`, `a`.`statusWasUpdated`, `a`.`stretchingStatus`, `a`.`tarChangeApp`, `a`.`timeRangeIsSet`, `a`.`urgent`, `a`.`year`, `a0`.`Id`, `a0`.`blackoutGroup`, `a0`.`building`, `a0`.`districtname`, `a0`.`equipmentAccess`, `a0`.`streetName`
FROM `applications` AS `a`
LEFT JOIN `addresses` AS `a0` ON `a`.`addressId` = `a0`.`Id`
WHERE `a`.`id` = @__entity_id_0
LIMIT 1
2025-06-07T09:44:04.8251388+03:00	INFO	[ZAK.DA.ApplicationRepository]	[0]	Updating application: ZAK.DA.Application
2025-06-07T09:44:04.8373332+03:00	INFO	[ZAK.DA.ApplicationRepository]	[0]	Updating application: ZAK.DA.Application
2025-06-07T09:44:04.8373393+03:00	INFO	[Microsoft.EntityFrameworkCore.Database.Command]	[Microsoft.EntityFrameworkCore.Database.Command.CommandExecuted]	Executed DbCommand (3ms) [Parameters=[@__entity_id_0='187085'], CommandType='Text', CommandTimeout='30']
SELECT `a`.`id`, `a`.`addresWasUpdated`, `a`.`addressId`, `a`.`day`, `a`.`endHour`, `a`.`firstPart`, `a`.`freeCable`, `a`.`ignored`, `a`.`important`, `a`.`inSchedule`, `a`.`masterComment`, `a`.`masterCommentWasUpdated`, `a`.`maxDaysForConnection`, `a`.`month`, `a`.`operatorComment`, `a`.`operatorCommentWasUpdated`, `a`.`secondPart`, `a`.`startHour`, `a`.`statusWasChecked`, `a`.`statusWasUpdated`, `a`.`stretchingStatus`, `a`.`tarChangeApp`, `a`.`timeRangeIsSet`, `a`.`urgent`, `a`.`year`, `a0`.`Id`, `a0`.`blackoutGroup`, `a0`.`building`, `a0`.`districtname`, `a0`.`equipmentAccess`, `a0`.`streetName`
FROM `applications` AS `a`
LEFT JOIN `addresses` AS `a0` ON `a`.`addressId` = `a0`.`Id`
WHERE `a`.`id` = @__entity_id_0
LIMIT 1
2025-06-07T09:44:04.8441230+03:00	INFO	[Microsoft.EntityFrameworkCore.Database.Command]	[Microsoft.EntityFrameworkCore.Database.Command.CommandExecuted]	Executed DbCommand (3ms) [Parameters=[@__entity_id_0='187085'], CommandType='Text', CommandTimeout='30']
SELECT `a`.`id`, `a`.`addresWasUpdated`, `a`.`addressId`, `a`.`day`, `a`.`endHour`, `a`.`firstPart`, `a`.`freeCable`, `a`.`ignored`, `a`.`important`, `a`.`inSchedule`, `a`.`masterComment`, `a`.`masterCommentWasUpdated`, `a`.`maxDaysForConnection`, `a`.`month`, `a`.`operatorComment`, `a`.`operatorCommentWasUpdated`, `a`.`secondPart`, `a`.`startHour`, `a`.`statusWasChecked`, `a`.`statusWasUpdated`, `a`.`stretchingStatus`, `a`.`tarChangeApp`, `a`.`timeRangeIsSet`, `a`.`urgent`, `a`.`year`, `a0`.`Id`, `a0`.`blackoutGroup`, `a0`.`building`, `a0`.`districtname`, `a0`.`equipmentAccess`, `a0`.`streetName`
FROM `applications` AS `a`
LEFT JOIN `addresses` AS `a0` ON `a`.`addressId` = `a0`.`Id`
WHERE `a`.`id` = @__entity_id_0
LIMIT 1
2025-06-07T09:44:04.8507841+03:00	INFO	[ZAK.DA.ApplicationRepository]	[0]	Updating application: ZAK.DA.Application
2025-06-07T09:44:04.8579604+03:00	INFO	[Microsoft.EntityFrameworkCore.Database.Command]	[Microsoft.EntityFrameworkCore.Database.Command.CommandExecuted]	Executed DbCommand (4ms) [Parameters=[@__entity_id_0='187085'], CommandType='Text', CommandTimeout='30']
SELECT `a`.`id`, `a`.`addresWasUpdated`, `a`.`addressId`, `a`.`day`, `a`.`endHour`, `a`.`firstPart`, `a`.`freeCable`, `a`.`ignored`, `a`.`important`, `a`.`inSchedule`, `a`.`masterComment`, `a`.`masterCommentWasUpdated`, `a`.`maxDaysForConnection`, `a`.`month`, `a`.`operatorComment`, `a`.`operatorCommentWasUpdated`, `a`.`secondPart`, `a`.`startHour`, `a`.`statusWasChecked`, `a`.`statusWasUpdated`, `a`.`stretchingStatus`, `a`.`tarChangeApp`, `a`.`timeRangeIsSet`, `a`.`urgent`, `a`.`year`, `a0`.`Id`, `a0`.`blackoutGroup`, `a0`.`building`, `a0`.`districtname`, `a0`.`equipmentAccess`, `a0`.`streetName`
FROM `applications` AS `a`
LEFT JOIN `addresses` AS `a0` ON `a`.`addressId` = `a0`.`Id`
WHERE `a`.`id` = @__entity_id_0
LIMIT 1
2025-06-07T09:44:04.8648587+03:00	INFO	[ZAK.DA.ApplicationRepository]	[0]	Updating application: ZAK.DA.Application
2025-06-07T09:44:04.8710113+03:00	INFO	[Microsoft.EntityFrameworkCore.Database.Command]	[Microsoft.EntityFrameworkCore.Database.Command.CommandExecuted]	Executed DbCommand (3ms) [Parameters=[@__entity_id_0='187085'], CommandType='Text', CommandTimeout='30']
SELECT `a`.`id`, `a`.`addresWasUpdated`, `a`.`addressId`, `a`.`day`, `a`.`endHour`, `a`.`firstPart`, `a`.`freeCable`, `a`.`ignored`, `a`.`important`, `a`.`inSchedule`, `a`.`masterComment`, `a`.`masterCommentWasUpdated`, `a`.`maxDaysForConnection`, `a`.`month`, `a`.`operatorComment`, `a`.`operatorCommentWasUpdated`, `a`.`secondPart`, `a`.`startHour`, `a`.`statusWasChecked`, `a`.`statusWasUpdated`, `a`.`stretchingStatus`, `a`.`tarChangeApp`, `a`.`timeRangeIsSet`, `a`.`urgent`, `a`.`year`, `a0`.`Id`, `a0`.`blackoutGroup`, `a0`.`building`, `a0`.`districtname`, `a0`.`equipmentAccess`, `a0`.`streetName`
FROM `applications` AS `a`
LEFT JOIN `addresses` AS `a0` ON `a`.`addressId` = `a0`.`Id`
WHERE `a`.`id` = @__entity_id_0
LIMIT 1
2025-06-07T09:44:05.0269270+03:00	INFO	[ZAK.DA.ApplicationRepository]	[0]	Updating application: ZAK.DA.Application
2025-06-07T09:44:05.0373849+03:00	INFO	[Microsoft.EntityFrameworkCore.Database.Command]	[Microsoft.EntityFrameworkCore.Database.Command.CommandExecuted]	Executed DbCommand (6ms) [Parameters=[@__entity_id_0='187085'], CommandType='Text', CommandTimeout='30']
SELECT `a`.`id`, `a`.`addresWasUpdated`, `a`.`addressId`, `a`.`day`, `a`.`endHour`, `a`.`firstPart`, `a`.`freeCable`, `a`.`ignored`, `a`.`important`, `a`.`inSchedule`, `a`.`masterComment`, `a`.`masterCommentWasUpdated`, `a`.`maxDaysForConnection`, `a`.`month`, `a`.`operatorComment`, `a`.`operatorCommentWasUpdated`, `a`.`secondPart`, `a`.`startHour`, `a`.`statusWasChecked`, `a`.`statusWasUpdated`, `a`.`stretchingStatus`, `a`.`tarChangeApp`, `a`.`timeRangeIsSet`, `a`.`urgent`, `a`.`year`, `a0`.`Id`, `a0`.`blackoutGroup`, `a0`.`building`, `a0`.`districtname`, `a0`.`equipmentAccess`, `a0`.`streetName`
FROM `applications` AS `a`
LEFT JOIN `addresses` AS `a0` ON `a`.`addressId` = `a0`.`Id`
WHERE `a`.`id` = @__entity_id_0
LIMIT 1
2025-06-07T09:44:05.0379413+03:00	INFO	[ZAK.DA.ApplicationRepository]	[0]	Updating application: ZAK.DA.Application
2025-06-07T09:44:05.0514959+03:00	INFO	[ZAK.DA.ApplicationRepository]	[0]	Updating application: ZAK.DA.Application
2025-06-07T09:44:05.0531008+03:00	INFO	[Microsoft.EntityFrameworkCore.Database.Command]	[Microsoft.EntityFrameworkCore.Database.Command.CommandExecuted]	Executed DbCommand (9ms) [Parameters=[@__entity_id_0='187085'], CommandType='Text', CommandTimeout='30']
SELECT `a`.`id`, `a`.`addresWasUpdated`, `a`.`addressId`, `a`.`day`, `a`.`endHour`, `a`.`firstPart`, `a`.`freeCable`, `a`.`ignored`, `a`.`important`, `a`.`inSchedule`, `a`.`masterComment`, `a`.`masterCommentWasUpdated`, `a`.`maxDaysForConnection`, `a`.`month`, `a`.`operatorComment`, `a`.`operatorCommentWasUpdated`, `a`.`secondPart`, `a`.`startHour`, `a`.`statusWasChecked`, `a`.`statusWasUpdated`, `a`.`stretchingStatus`, `a`.`tarChangeApp`, `a`.`timeRangeIsSet`, `a`.`urgent`, `a`.`year`, `a0`.`Id`, `a0`.`blackoutGroup`, `a0`.`building`, `a0`.`districtname`, `a0`.`equipmentAccess`, `a0`.`streetName`
FROM `applications` AS `a`
LEFT JOIN `addresses` AS `a0` ON `a`.`addressId` = `a0`.`Id`
WHERE `a`.`id` = @__entity_id_0
LIMIT 1
2025-06-07T09:44:05.0605182+03:00	INFO	[Microsoft.EntityFrameworkCore.Database.Command]	[Microsoft.EntityFrameworkCore.Database.Command.CommandExecuted]	Executed DbCommand (3ms) [Parameters=[@__entity_id_0='187085'], CommandType='Text', CommandTimeout='30']
SELECT `a`.`id`, `a`.`addresWasUpdated`, `a`.`addressId`, `a`.`day`, `a`.`endHour`, `a`.`firstPart`, `a`.`freeCable`, `a`.`ignored`, `a`.`important`, `a`.`inSchedule`, `a`.`masterComment`, `a`.`masterCommentWasUpdated`, `a`.`maxDaysForConnection`, `a`.`month`, `a`.`operatorComment`, `a`.`operatorCommentWasUpdated`, `a`.`secondPart`, `a`.`startHour`, `a`.`statusWasChecked`, `a`.`statusWasUpdated`, `a`.`stretchingStatus`, `a`.`tarChangeApp`, `a`.`timeRangeIsSet`, `a`.`urgent`, `a`.`year`, `a0`.`Id`, `a0`.`blackoutGroup`, `a0`.`building`, `a0`.`districtname`, `a0`.`equipmentAccess`, `a0`.`streetName`
FROM `applications` AS `a`
LEFT JOIN `addresses` AS `a0` ON `a`.`addressId` = `a0`.`Id`
WHERE `a`.`id` = @__entity_id_0
LIMIT 1
2025-06-07T09:44:05.0663433+03:00	INFO	[ZAK.DA.ApplicationRepository]	[0]	Updating application: ZAK.DA.Application
2025-06-07T09:44:05.0756091+03:00	INFO	[Microsoft.EntityFrameworkCore.Database.Command]	[Microsoft.EntityFrameworkCore.Database.Command.CommandExecuted]	Executed DbCommand (5ms) [Parameters=[@__entity_id_0='187085'], CommandType='Text', CommandTimeout='30']
SELECT `a`.`id`, `a`.`addresWasUpdated`, `a`.`addressId`, `a`.`day`, `a`.`endHour`, `a`.`firstPart`, `a`.`freeCable`, `a`.`ignored`, `a`.`important`, `a`.`inSchedule`, `a`.`masterComment`, `a`.`masterCommentWasUpdated`, `a`.`maxDaysForConnection`, `a`.`month`, `a`.`operatorComment`, `a`.`operatorCommentWasUpdated`, `a`.`secondPart`, `a`.`startHour`, `a`.`statusWasChecked`, `a`.`statusWasUpdated`, `a`.`stretchingStatus`, `a`.`tarChangeApp`, `a`.`timeRangeIsSet`, `a`.`urgent`, `a`.`year`, `a0`.`Id`, `a0`.`blackoutGroup`, `a0`.`building`, `a0`.`districtname`, `a0`.`equipmentAccess`, `a0`.`streetName`
FROM `applications` AS `a`
LEFT JOIN `addresses` AS `a0` ON `a`.`addressId` = `a0`.`Id`
WHERE `a`.`id` = @__entity_id_0
LIMIT 1
2025-06-07T09:44:05.0824173+03:00	INFO	[ZAK.DA.ApplicationRepository]	[0]	Updating application: ZAK.DA.Application
2025-06-07T09:44:05.0897353+03:00	INFO	[Microsoft.EntityFrameworkCore.Database.Command]	[Microsoft.EntityFrameworkCore.Database.Command.CommandExecuted]	Executed DbCommand (3ms) [Parameters=[@__entity_id_0='187085'], CommandType='Text', CommandTimeout='30']
SELECT `a`.`id`, `a`.`addresWasUpdated`, `a`.`addressId`, `a`.`day`, `a`.`endHour`, `a`.`firstPart`, `a`.`freeCable`, `a`.`ignored`, `a`.`important`, `a`.`inSchedule`, `a`.`masterComment`, `a`.`masterCommentWasUpdated`, `a`.`maxDaysForConnection`, `a`.`month`, `a`.`operatorComment`, `a`.`operatorCommentWasUpdated`, `a`.`secondPart`, `a`.`startHour`, `a`.`statusWasChecked`, `a`.`statusWasUpdated`, `a`.`stretchingStatus`, `a`.`tarChangeApp`, `a`.`timeRangeIsSet`, `a`.`urgent`, `a`.`year`, `a0`.`Id`, `a0`.`blackoutGroup`, `a0`.`building`, `a0`.`districtname`, `a0`.`equipmentAccess`, `a0`.`streetName`
FROM `applications` AS `a`
LEFT JOIN `addresses` AS `a0` ON `a`.`addressId` = `a0`.`Id`
WHERE `a`.`id` = @__entity_id_0
LIMIT 1
2025-06-07T09:44:05.0957782+03:00	INFO	[ZAK.DA.ApplicationRepository]	[0]	Updating application: ZAK.DA.Application
2025-06-07T09:44:05.1024393+03:00	INFO	[Microsoft.EntityFrameworkCore.Database.Command]	[Microsoft.EntityFrameworkCore.Database.Command.CommandExecuted]	Executed DbCommand (3ms) [Parameters=[@__entity_id_0='187085'], CommandType='Text', CommandTimeout='30']
SELECT `a`.`id`, `a`.`addresWasUpdated`, `a`.`addressId`, `a`.`day`, `a`.`endHour`, `a`.`firstPart`, `a`.`freeCable`, `a`.`ignored`, `a`.`important`, `a`.`inSchedule`, `a`.`masterComment`, `a`.`masterCommentWasUpdated`, `a`.`maxDaysForConnection`, `a`.`month`, `a`.`operatorComment`, `a`.`operatorCommentWasUpdated`, `a`.`secondPart`, `a`.`startHour`, `a`.`statusWasChecked`, `a`.`statusWasUpdated`, `a`.`stretchingStatus`, `a`.`tarChangeApp`, `a`.`timeRangeIsSet`, `a`.`urgent`, `a`.`year`, `a0`.`Id`, `a0`.`blackoutGroup`, `a0`.`building`, `a0`.`districtname`, `a0`.`equipmentAccess`, `a0`.`streetName`
FROM `applications` AS `a`
LEFT JOIN `addresses` AS `a0` ON `a`.`addressId` = `a0`.`Id`
WHERE `a`.`id` = @__entity_id_0
LIMIT 1
2025-06-07T09:44:05.1085693+03:00	INFO	[ZAK.DA.ApplicationRepository]	[0]	Updating application: ZAK.DA.Application
2025-06-07T09:44:05.1164385+03:00	INFO	[Microsoft.EntityFrameworkCore.Database.Command]	[Microsoft.EntityFrameworkCore.Database.Command.CommandExecuted]	Executed DbCommand (5ms) [Parameters=[@__entity_id_0='187085'], CommandType='Text', CommandTimeout='30']
SELECT `a`.`id`, `a`.`addresWasUpdated`, `a`.`addressId`, `a`.`day`, `a`.`endHour`, `a`.`firstPart`, `a`.`freeCable`, `a`.`ignored`, `a`.`important`, `a`.`inSchedule`, `a`.`masterComment`, `a`.`masterCommentWasUpdated`, `a`.`maxDaysForConnection`, `a`.`month`, `a`.`operatorComment`, `a`.`operatorCommentWasUpdated`, `a`.`secondPart`, `a`.`startHour`, `a`.`statusWasChecked`, `a`.`statusWasUpdated`, `a`.`stretchingStatus`, `a`.`tarChangeApp`, `a`.`timeRangeIsSet`, `a`.`urgent`, `a`.`year`, `a0`.`Id`, `a0`.`blackoutGroup`, `a0`.`building`, `a0`.`districtname`, `a0`.`equipmentAccess`, `a0`.`streetName`
FROM `applications` AS `a`
LEFT JOIN `addresses` AS `a0` ON `a`.`addressId` = `a0`.`Id`
WHERE `a`.`id` = @__entity_id_0
LIMIT 1
2025-06-07T09:44:05.1219064+03:00	INFO	[ZAK.DA.ApplicationRepository]	[0]	Updating application: ZAK.DA.Application
2025-06-07T09:44:05.1306808+03:00	INFO	[Microsoft.EntityFrameworkCore.Database.Command]	[Microsoft.EntityFrameworkCore.Database.Command.CommandExecuted]	Executed DbCommand (3ms) [Parameters=[@__entity_id_0='187085'], CommandType='Text', CommandTimeout='30']
SELECT `a`.`id`, `a`.`addresWasUpdated`, `a`.`addressId`, `a`.`day`, `a`.`endHour`, `a`.`firstPart`, `a`.`freeCable`, `a`.`ignored`, `a`.`important`, `a`.`inSchedule`, `a`.`masterComment`, `a`.`masterCommentWasUpdated`, `a`.`maxDaysForConnection`, `a`.`month`, `a`.`operatorComment`, `a`.`operatorCommentWasUpdated`, `a`.`secondPart`, `a`.`startHour`, `a`.`statusWasChecked`, `a`.`statusWasUpdated`, `a`.`stretchingStatus`, `a`.`tarChangeApp`, `a`.`timeRangeIsSet`, `a`.`urgent`, `a`.`year`, `a0`.`Id`, `a0`.`blackoutGroup`, `a0`.`building`, `a0`.`districtname`, `a0`.`equipmentAccess`, `a0`.`streetName`
FROM `applications` AS `a`
LEFT JOIN `addresses` AS `a0` ON `a`.`addressId` = `a0`.`Id`
WHERE `a`.`id` = @__entity_id_0
LIMIT 1
2025-06-07T09:44:05.1377990+03:00	INFO	[ZAK.DA.ApplicationRepository]	[0]	Updating application: ZAK.DA.Application
2025-06-07T09:44:05.1452980+03:00	INFO	[Microsoft.EntityFrameworkCore.Database.Command]	[Microsoft.EntityFrameworkCore.Database.Command.CommandExecuted]	Executed DbCommand (3ms) [Parameters=[@__entity_id_0='187085'], CommandType='Text', CommandTimeout='30']
SELECT `a`.`id`, `a`.`addresWasUpdated`, `a`.`addressId`, `a`.`day`, `a`.`endHour`, `a`.`firstPart`, `a`.`freeCable`, `a`.`ignored`, `a`.`important`, `a`.`inSchedule`, `a`.`masterComment`, `a`.`masterCommentWasUpdated`, `a`.`maxDaysForConnection`, `a`.`month`, `a`.`operatorComment`, `a`.`operatorCommentWasUpdated`, `a`.`secondPart`, `a`.`startHour`, `a`.`statusWasChecked`, `a`.`statusWasUpdated`, `a`.`stretchingStatus`, `a`.`tarChangeApp`, `a`.`timeRangeIsSet`, `a`.`urgent`, `a`.`year`, `a0`.`Id`, `a0`.`blackoutGroup`, `a0`.`building`, `a0`.`districtname`, `a0`.`equipmentAccess`, `a0`.`streetName`
FROM `applications` AS `a`
LEFT JOIN `addresses` AS `a0` ON `a`.`addressId` = `a0`.`Id`
WHERE `a`.`id` = @__entity_id_0
LIMIT 1
2025-06-07T09:44:05.1500193+03:00	INFO	[ZAK.DA.ApplicationRepository]	[0]	Updating application: ZAK.DA.Application
2025-06-07T09:44:05.1573388+03:00	INFO	[Microsoft.EntityFrameworkCore.Database.Command]	[Microsoft.EntityFrameworkCore.Database.Command.CommandExecuted]	Executed DbCommand (4ms) [Parameters=[@__entity_id_0='187085'], CommandType='Text', CommandTimeout='30']
SELECT `a`.`id`, `a`.`addresWasUpdated`, `a`.`addressId`, `a`.`day`, `a`.`endHour`, `a`.`firstPart`, `a`.`freeCable`, `a`.`ignored`, `a`.`important`, `a`.`inSchedule`, `a`.`masterComment`, `a`.`masterCommentWasUpdated`, `a`.`maxDaysForConnection`, `a`.`month`, `a`.`operatorComment`, `a`.`operatorCommentWasUpdated`, `a`.`secondPart`, `a`.`startHour`, `a`.`statusWasChecked`, `a`.`statusWasUpdated`, `a`.`stretchingStatus`, `a`.`tarChangeApp`, `a`.`timeRangeIsSet`, `a`.`urgent`, `a`.`year`, `a0`.`Id`, `a0`.`blackoutGroup`, `a0`.`building`, `a0`.`districtname`, `a0`.`equipmentAccess`, `a0`.`streetName`
FROM `applications` AS `a`
LEFT JOIN `addresses` AS `a0` ON `a`.`addressId` = `a0`.`Id`
WHERE `a`.`id` = @__entity_id_0
LIMIT 1
2025-06-07T09:44:05.1657666+03:00	INFO	[ZAK.DA.ApplicationRepository]	[0]	Updating application: ZAK.DA.Application
2025-06-07T09:44:05.1818495+03:00	INFO	[ZAK.DA.ApplicationRepository]	[0]	Updating application: ZAK.DA.Application
2025-06-07T09:44:05.1851627+03:00	INFO	[Microsoft.EntityFrameworkCore.Database.Command]	[Microsoft.EntityFrameworkCore.Database.Command.CommandExecuted]	Executed DbCommand (7ms) [Parameters=[@__entity_id_0='187085'], CommandType='Text', CommandTimeout='30']
SELECT `a`.`id`, `a`.`addresWasUpdated`, `a`.`addressId`, `a`.`day`, `a`.`endHour`, `a`.`firstPart`, `a`.`freeCable`, `a`.`ignored`, `a`.`important`, `a`.`inSchedule`, `a`.`masterComment`, `a`.`masterCommentWasUpdated`, `a`.`maxDaysForConnection`, `a`.`month`, `a`.`operatorComment`, `a`.`operatorCommentWasUpdated`, `a`.`secondPart`, `a`.`startHour`, `a`.`statusWasChecked`, `a`.`statusWasUpdated`, `a`.`stretchingStatus`, `a`.`tarChangeApp`, `a`.`timeRangeIsSet`, `a`.`urgent`, `a`.`year`, `a0`.`Id`, `a0`.`blackoutGroup`, `a0`.`building`, `a0`.`districtname`, `a0`.`equipmentAccess`, `a0`.`streetName`
FROM `applications` AS `a`
LEFT JOIN `addresses` AS `a0` ON `a`.`addressId` = `a0`.`Id`
WHERE `a`.`id` = @__entity_id_0
LIMIT 1
2025-06-07T09:44:05.1932802+03:00	INFO	[Microsoft.EntityFrameworkCore.Database.Command]	[Microsoft.EntityFrameworkCore.Database.Command.CommandExecuted]	Executed DbCommand (7ms) [Parameters=[@__entity_id_0='187085'], CommandType='Text', CommandTimeout='30']
SELECT `a`.`id`, `a`.`addresWasUpdated`, `a`.`addressId`, `a`.`day`, `a`.`endHour`, `a`.`firstPart`, `a`.`freeCable`, `a`.`ignored`, `a`.`important`, `a`.`inSchedule`, `a`.`masterComment`, `a`.`masterCommentWasUpdated`, `a`.`maxDaysForConnection`, `a`.`month`, `a`.`operatorComment`, `a`.`operatorCommentWasUpdated`, `a`.`secondPart`, `a`.`startHour`, `a`.`statusWasChecked`, `a`.`statusWasUpdated`, `a`.`stretchingStatus`, `a`.`tarChangeApp`, `a`.`timeRangeIsSet`, `a`.`urgent`, `a`.`year`, `a0`.`Id`, `a0`.`blackoutGroup`, `a0`.`building`, `a0`.`districtname`, `a0`.`equipmentAccess`, `a0`.`streetName`
FROM `applications` AS `a`
LEFT JOIN `addresses` AS `a0` ON `a`.`addressId` = `a0`.`Id`
WHERE `a`.`id` = @__entity_id_0
LIMIT 1
2025-06-07T09:44:05.2051248+03:00	INFO	[ZAK.DA.ApplicationRepository]	[0]	Updating application: ZAK.DA.Application
2025-06-07T09:44:05.2134099+03:00	INFO	[Microsoft.EntityFrameworkCore.Database.Command]	[Microsoft.EntityFrameworkCore.Database.Command.CommandExecuted]	Executed DbCommand (3ms) [Parameters=[@__entity_id_0='187085'], CommandType='Text', CommandTimeout='30']
SELECT `a`.`id`, `a`.`addresWasUpdated`, `a`.`addressId`, `a`.`day`, `a`.`endHour`, `a`.`firstPart`, `a`.`freeCable`, `a`.`ignored`, `a`.`important`, `a`.`inSchedule`, `a`.`masterComment`, `a`.`masterCommentWasUpdated`, `a`.`maxDaysForConnection`, `a`.`month`, `a`.`operatorComment`, `a`.`operatorCommentWasUpdated`, `a`.`secondPart`, `a`.`startHour`, `a`.`statusWasChecked`, `a`.`statusWasUpdated`, `a`.`stretchingStatus`, `a`.`tarChangeApp`, `a`.`timeRangeIsSet`, `a`.`urgent`, `a`.`year`, `a0`.`Id`, `a0`.`blackoutGroup`, `a0`.`building`, `a0`.`districtname`, `a0`.`equipmentAccess`, `a0`.`streetName`
FROM `applications` AS `a`
LEFT JOIN `addresses` AS `a0` ON `a`.`addressId` = `a0`.`Id`
WHERE `a`.`id` = @__entity_id_0
LIMIT 1
2025-06-07T09:44:05.2295119+03:00	INFO	[ZAK.DA.ApplicationRepository]	[0]	Updating application: ZAK.DA.Application
2025-06-07T09:44:05.3666671+03:00	INFO	[Microsoft.EntityFrameworkCore.Database.Command]	[Microsoft.EntityFrameworkCore.Database.Command.CommandExecuted]	Executed DbCommand (130ms) [Parameters=[@__entity_id_0='187085'], CommandType='Text', CommandTimeout='30']
SELECT `a`.`id`, `a`.`addresWasUpdated`, `a`.`addressId`, `a`.`day`, `a`.`endHour`, `a`.`firstPart`, `a`.`freeCable`, `a`.`ignored`, `a`.`important`, `a`.`inSchedule`, `a`.`masterComment`, `a`.`masterCommentWasUpdated`, `a`.`maxDaysForConnection`, `a`.`month`, `a`.`operatorComment`, `a`.`operatorCommentWasUpdated`, `a`.`secondPart`, `a`.`startHour`, `a`.`statusWasChecked`, `a`.`statusWasUpdated`, `a`.`stretchingStatus`, `a`.`tarChangeApp`, `a`.`timeRangeIsSet`, `a`.`urgent`, `a`.`year`, `a0`.`Id`, `a0`.`blackoutGroup`, `a0`.`building`, `a0`.`districtname`, `a0`.`equipmentAccess`, `a0`.`streetName`
FROM `applications` AS `a`
LEFT JOIN `addresses` AS `a0` ON `a`.`addressId` = `a0`.`Id`
WHERE `a`.`id` = @__entity_id_0
LIMIT 1
2025-06-07T09:44:05.3802247+03:00	INFO	[ZAK.DA.ApplicationRepository]	[0]	Updating application: ZAK.DA.Application
2025-06-07T09:44:05.4322838+03:00	INFO	[Microsoft.EntityFrameworkCore.Database.Command]	[Microsoft.EntityFrameworkCore.Database.Command.CommandExecuted]	Executed DbCommand (44ms) [Parameters=[@__entity_id_0='187085'], CommandType='Text', CommandTimeout='30']
SELECT `a`.`id`, `a`.`addresWasUpdated`, `a`.`addressId`, `a`.`day`, `a`.`endHour`, `a`.`firstPart`, `a`.`freeCable`, `a`.`ignored`, `a`.`important`, `a`.`inSchedule`, `a`.`masterComment`, `a`.`masterCommentWasUpdated`, `a`.`maxDaysForConnection`, `a`.`month`, `a`.`operatorComment`, `a`.`operatorCommentWasUpdated`, `a`.`secondPart`, `a`.`startHour`, `a`.`statusWasChecked`, `a`.`statusWasUpdated`, `a`.`stretchingStatus`, `a`.`tarChangeApp`, `a`.`timeRangeIsSet`, `a`.`urgent`, `a`.`year`, `a0`.`Id`, `a0`.`blackoutGroup`, `a0`.`building`, `a0`.`districtname`, `a0`.`equipmentAccess`, `a0`.`streetName`
FROM `applications` AS `a`
LEFT JOIN `addresses` AS `a0` ON `a`.`addressId` = `a0`.`Id`
WHERE `a`.`id` = @__entity_id_0
LIMIT 1
2025-06-07T09:44:05.4481081+03:00	INFO	[ZAK.DA.ApplicationRepository]	[0]	Updating application: ZAK.DA.Application
2025-06-07T09:44:05.4604163+03:00	INFO	[Microsoft.EntityFrameworkCore.Database.Command]	[Microsoft.EntityFrameworkCore.Database.Command.CommandExecuted]	Executed DbCommand (4ms) [Parameters=[@__entity_id_0='187085'], CommandType='Text', CommandTimeout='30']
SELECT `a`.`id`, `a`.`addresWasUpdated`, `a`.`addressId`, `a`.`day`, `a`.`endHour`, `a`.`firstPart`, `a`.`freeCable`, `a`.`ignored`, `a`.`important`, `a`.`inSchedule`, `a`.`masterComment`, `a`.`masterCommentWasUpdated`, `a`.`maxDaysForConnection`, `a`.`month`, `a`.`operatorComment`, `a`.`operatorCommentWasUpdated`, `a`.`secondPart`, `a`.`startHour`, `a`.`statusWasChecked`, `a`.`statusWasUpdated`, `a`.`stretchingStatus`, `a`.`tarChangeApp`, `a`.`timeRangeIsSet`, `a`.`urgent`, `a`.`year`, `a0`.`Id`, `a0`.`blackoutGroup`, `a0`.`building`, `a0`.`districtname`, `a0`.`equipmentAccess`, `a0`.`streetName`
FROM `applications` AS `a`
LEFT JOIN `addresses` AS `a0` ON `a`.`addressId` = `a0`.`Id`
WHERE `a`.`id` = @__entity_id_0
LIMIT 1
2025-06-07T09:44:05.4671575+03:00	INFO	[ZAK.DA.ApplicationRepository]	[0]	Updating application: ZAK.DA.Application
2025-06-07T09:44:05.4827052+03:00	INFO	[Microsoft.EntityFrameworkCore.Database.Command]	[Microsoft.EntityFrameworkCore.Database.Command.CommandExecuted]	Executed DbCommand (9ms) [Parameters=[@__entity_id_0='187085'], CommandType='Text', CommandTimeout='30']
SELECT `a`.`id`, `a`.`addresWasUpdated`, `a`.`addressId`, `a`.`day`, `a`.`endHour`, `a`.`firstPart`, `a`.`freeCable`, `a`.`ignored`, `a`.`important`, `a`.`inSchedule`, `a`.`masterComment`, `a`.`masterCommentWasUpdated`, `a`.`maxDaysForConnection`, `a`.`month`, `a`.`operatorComment`, `a`.`operatorCommentWasUpdated`, `a`.`secondPart`, `a`.`startHour`, `a`.`statusWasChecked`, `a`.`statusWasUpdated`, `a`.`stretchingStatus`, `a`.`tarChangeApp`, `a`.`timeRangeIsSet`, `a`.`urgent`, `a`.`year`, `a0`.`Id`, `a0`.`blackoutGroup`, `a0`.`building`, `a0`.`districtname`, `a0`.`equipmentAccess`, `a0`.`streetName`
FROM `applications` AS `a`
LEFT JOIN `addresses` AS `a0` ON `a`.`addressId` = `a0`.`Id`
WHERE `a`.`id` = @__entity_id_0
LIMIT 1
2025-06-07T09:44:05.4973507+03:00	INFO	[ZAK.DA.ApplicationRepository]	[0]	Updating application: ZAK.DA.Application
2025-06-07T09:44:05.5256665+03:00	INFO	[Microsoft.EntityFrameworkCore.Database.Command]	[Microsoft.EntityFrameworkCore.Database.Command.CommandExecuted]	Executed DbCommand (6ms) [Parameters=[@__entity_id_0='187085'], CommandType='Text', CommandTimeout='30']
SELECT `a`.`id`, `a`.`addresWasUpdated`, `a`.`addressId`, `a`.`day`, `a`.`endHour`, `a`.`firstPart`, `a`.`freeCable`, `a`.`ignored`, `a`.`important`, `a`.`inSchedule`, `a`.`masterComment`, `a`.`masterCommentWasUpdated`, `a`.`maxDaysForConnection`, `a`.`month`, `a`.`operatorComment`, `a`.`operatorCommentWasUpdated`, `a`.`secondPart`, `a`.`startHour`, `a`.`statusWasChecked`, `a`.`statusWasUpdated`, `a`.`stretchingStatus`, `a`.`tarChangeApp`, `a`.`timeRangeIsSet`, `a`.`urgent`, `a`.`year`, `a0`.`Id`, `a0`.`blackoutGroup`, `a0`.`building`, `a0`.`districtname`, `a0`.`equipmentAccess`, `a0`.`streetName`
FROM `applications` AS `a`
LEFT JOIN `addresses` AS `a0` ON `a`.`addressId` = `a0`.`Id`
WHERE `a`.`id` = @__entity_id_0
LIMIT 1
2025-06-07T09:44:05.5307819+03:00	INFO	[ZAK.DA.ApplicationRepository]	[0]	Updating application: ZAK.DA.Application
2025-06-07T09:44:05.5400253+03:00	INFO	[Microsoft.EntityFrameworkCore.Database.Command]	[Microsoft.EntityFrameworkCore.Database.Command.CommandExecuted]	Executed DbCommand (4ms) [Parameters=[@__entity_id_0='187085'], CommandType='Text', CommandTimeout='30']
SELECT `a`.`id`, `a`.`addresWasUpdated`, `a`.`addressId`, `a`.`day`, `a`.`endHour`, `a`.`firstPart`, `a`.`freeCable`, `a`.`ignored`, `a`.`important`, `a`.`inSchedule`, `a`.`masterComment`, `a`.`masterCommentWasUpdated`, `a`.`maxDaysForConnection`, `a`.`month`, `a`.`operatorComment`, `a`.`operatorCommentWasUpdated`, `a`.`secondPart`, `a`.`startHour`, `a`.`statusWasChecked`, `a`.`statusWasUpdated`, `a`.`stretchingStatus`, `a`.`tarChangeApp`, `a`.`timeRangeIsSet`, `a`.`urgent`, `a`.`year`, `a0`.`Id`, `a0`.`blackoutGroup`, `a0`.`building`, `a0`.`districtname`, `a0`.`equipmentAccess`, `a0`.`streetName`
FROM `applications` AS `a`
LEFT JOIN `addresses` AS `a0` ON `a`.`addressId` = `a0`.`Id`
WHERE `a`.`id` = @__entity_id_0
LIMIT 1
2025-06-07T09:44:05.5462873+03:00	INFO	[ZAK.DA.ApplicationRepository]	[0]	Updating application: ZAK.DA.Application
2025-06-07T09:44:05.5552770+03:00	INFO	[Microsoft.EntityFrameworkCore.Database.Command]	[Microsoft.EntityFrameworkCore.Database.Command.CommandExecuted]	Executed DbCommand (4ms) [Parameters=[@__entity_id_0='187085'], CommandType='Text', CommandTimeout='30']
SELECT `a`.`id`, `a`.`addresWasUpdated`, `a`.`addressId`, `a`.`day`, `a`.`endHour`, `a`.`firstPart`, `a`.`freeCable`, `a`.`ignored`, `a`.`important`, `a`.`inSchedule`, `a`.`masterComment`, `a`.`masterCommentWasUpdated`, `a`.`maxDaysForConnection`, `a`.`month`, `a`.`operatorComment`, `a`.`operatorCommentWasUpdated`, `a`.`secondPart`, `a`.`startHour`, `a`.`statusWasChecked`, `a`.`statusWasUpdated`, `a`.`stretchingStatus`, `a`.`tarChangeApp`, `a`.`timeRangeIsSet`, `a`.`urgent`, `a`.`year`, `a0`.`Id`, `a0`.`blackoutGroup`, `a0`.`building`, `a0`.`districtname`, `a0`.`equipmentAccess`, `a0`.`streetName`
FROM `applications` AS `a`
LEFT JOIN `addresses` AS `a0` ON `a`.`addressId` = `a0`.`Id`
WHERE `a`.`id` = @__entity_id_0
LIMIT 1
2025-06-07T09:44:05.5629579+03:00	INFO	[ZAK.DA.ApplicationRepository]	[0]	Updating application: ZAK.DA.Application
2025-06-07T09:44:05.5798865+03:00	INFO	[Microsoft.EntityFrameworkCore.Database.Command]	[Microsoft.EntityFrameworkCore.Database.Command.CommandExecuted]	Executed DbCommand (6ms) [Parameters=[@__entity_id_0='187085'], CommandType='Text', CommandTimeout='30']
SELECT `a`.`id`, `a`.`addresWasUpdated`, `a`.`addressId`, `a`.`day`, `a`.`endHour`, `a`.`firstPart`, `a`.`freeCable`, `a`.`ignored`, `a`.`important`, `a`.`inSchedule`, `a`.`masterComment`, `a`.`masterCommentWasUpdated`, `a`.`maxDaysForConnection`, `a`.`month`, `a`.`operatorComment`, `a`.`operatorCommentWasUpdated`, `a`.`secondPart`, `a`.`startHour`, `a`.`statusWasChecked`, `a`.`statusWasUpdated`, `a`.`stretchingStatus`, `a`.`tarChangeApp`, `a`.`timeRangeIsSet`, `a`.`urgent`, `a`.`year`, `a0`.`Id`, `a0`.`blackoutGroup`, `a0`.`building`, `a0`.`districtname`, `a0`.`equipmentAccess`, `a0`.`streetName`
FROM `applications` AS `a`
LEFT JOIN `addresses` AS `a0` ON `a`.`addressId` = `a0`.`Id`
WHERE `a`.`id` = @__entity_id_0
LIMIT 1
2025-06-07T09:44:05.5873893+03:00	INFO	[ZAK.DA.ApplicationRepository]	[0]	Updating application: ZAK.DA.Application
2025-06-07T09:44:05.6063792+03:00	INFO	[Microsoft.EntityFrameworkCore.Database.Command]	[Microsoft.EntityFrameworkCore.Database.Command.CommandExecuted]	Executed DbCommand (6ms) [Parameters=[@__entity_id_0='187085'], CommandType='Text', CommandTimeout='30']
SELECT `a`.`id`, `a`.`addresWasUpdated`, `a`.`addressId`, `a`.`day`, `a`.`endHour`, `a`.`firstPart`, `a`.`freeCable`, `a`.`ignored`, `a`.`important`, `a`.`inSchedule`, `a`.`masterComment`, `a`.`masterCommentWasUpdated`, `a`.`maxDaysForConnection`, `a`.`month`, `a`.`operatorComment`, `a`.`operatorCommentWasUpdated`, `a`.`secondPart`, `a`.`startHour`, `a`.`statusWasChecked`, `a`.`statusWasUpdated`, `a`.`stretchingStatus`, `a`.`tarChangeApp`, `a`.`timeRangeIsSet`, `a`.`urgent`, `a`.`year`, `a0`.`Id`, `a0`.`blackoutGroup`, `a0`.`building`, `a0`.`districtname`, `a0`.`equipmentAccess`, `a0`.`streetName`
FROM `applications` AS `a`
LEFT JOIN `addresses` AS `a0` ON `a`.`addressId` = `a0`.`Id`
WHERE `a`.`id` = @__entity_id_0
LIMIT 1
2025-06-07T09:44:05.6147584+03:00	INFO	[ZAK.DA.ApplicationRepository]	[0]	Updating application: ZAK.DA.Application
2025-06-07T09:44:05.6235548+03:00	INFO	[Microsoft.EntityFrameworkCore.Database.Command]	[Microsoft.EntityFrameworkCore.Database.Command.CommandExecuted]	Executed DbCommand (4ms) [Parameters=[@__entity_id_0='187085'], CommandType='Text', CommandTimeout='30']
SELECT `a`.`id`, `a`.`addresWasUpdated`, `a`.`addressId`, `a`.`day`, `a`.`endHour`, `a`.`firstPart`, `a`.`freeCable`, `a`.`ignored`, `a`.`important`, `a`.`inSchedule`, `a`.`masterComment`, `a`.`masterCommentWasUpdated`, `a`.`maxDaysForConnection`, `a`.`month`, `a`.`operatorComment`, `a`.`operatorCommentWasUpdated`, `a`.`secondPart`, `a`.`startHour`, `a`.`statusWasChecked`, `a`.`statusWasUpdated`, `a`.`stretchingStatus`, `a`.`tarChangeApp`, `a`.`timeRangeIsSet`, `a`.`urgent`, `a`.`year`, `a0`.`Id`, `a0`.`blackoutGroup`, `a0`.`building`, `a0`.`districtname`, `a0`.`equipmentAccess`, `a0`.`streetName`
FROM `applications` AS `a`
LEFT JOIN `addresses` AS `a0` ON `a`.`addressId` = `a0`.`Id`
WHERE `a`.`id` = @__entity_id_0
LIMIT 1
2025-06-07T09:44:05.6321473+03:00	INFO	[ZAK.DA.ApplicationRepository]	[0]	Updating application: ZAK.DA.Application
2025-06-07T09:44:05.6451302+03:00	INFO	[Microsoft.EntityFrameworkCore.Database.Command]	[Microsoft.EntityFrameworkCore.Database.Command.CommandExecuted]	Executed DbCommand (8ms) [Parameters=[@__entity_id_0='187085'], CommandType='Text', CommandTimeout='30']
SELECT `a`.`id`, `a`.`addresWasUpdated`, `a`.`addressId`, `a`.`day`, `a`.`endHour`, `a`.`firstPart`, `a`.`freeCable`, `a`.`ignored`, `a`.`important`, `a`.`inSchedule`, `a`.`masterComment`, `a`.`masterCommentWasUpdated`, `a`.`maxDaysForConnection`, `a`.`month`, `a`.`operatorComment`, `a`.`operatorCommentWasUpdated`, `a`.`secondPart`, `a`.`startHour`, `a`.`statusWasChecked`, `a`.`statusWasUpdated`, `a`.`stretchingStatus`, `a`.`tarChangeApp`, `a`.`timeRangeIsSet`, `a`.`urgent`, `a`.`year`, `a0`.`Id`, `a0`.`blackoutGroup`, `a0`.`building`, `a0`.`districtname`, `a0`.`equipmentAccess`, `a0`.`streetName`
FROM `applications` AS `a`
LEFT JOIN `addresses` AS `a0` ON `a`.`addressId` = `a0`.`Id`
WHERE `a`.`id` = @__entity_id_0
LIMIT 1
2025-06-07T09:44:05.6518000+03:00	INFO	[ZAK.DA.ApplicationRepository]	[0]	Updating application: ZAK.DA.Application
2025-06-07T09:44:05.6705790+03:00	INFO	[ZAK.DA.ApplicationRepository]	[0]	Updating application: ZAK.DA.Application
2025-06-07T09:44:05.6799315+03:00	INFO	[Microsoft.EntityFrameworkCore.Database.Command]	[Microsoft.EntityFrameworkCore.Database.Command.CommandExecuted]	Executed DbCommand (21ms) [Parameters=[@__entity_id_0='187085'], CommandType='Text', CommandTimeout='30']
SELECT `a`.`id`, `a`.`addresWasUpdated`, `a`.`addressId`, `a`.`day`, `a`.`endHour`, `a`.`firstPart`, `a`.`freeCable`, `a`.`ignored`, `a`.`important`, `a`.`inSchedule`, `a`.`masterComment`, `a`.`masterCommentWasUpdated`, `a`.`maxDaysForConnection`, `a`.`month`, `a`.`operatorComment`, `a`.`operatorCommentWasUpdated`, `a`.`secondPart`, `a`.`startHour`, `a`.`statusWasChecked`, `a`.`statusWasUpdated`, `a`.`stretchingStatus`, `a`.`tarChangeApp`, `a`.`timeRangeIsSet`, `a`.`urgent`, `a`.`year`, `a0`.`Id`, `a0`.`blackoutGroup`, `a0`.`building`, `a0`.`districtname`, `a0`.`equipmentAccess`, `a0`.`streetName`
FROM `applications` AS `a`
LEFT JOIN `addresses` AS `a0` ON `a`.`addressId` = `a0`.`Id`
WHERE `a`.`id` = @__entity_id_0
LIMIT 1
2025-06-07T09:47:25.9835970+03:00	INFO	[Microsoft.Hosting.Lifetime]	[ListeningOnAddress]	Now listening on: http://localhost:5205
2025-06-07T09:47:25.9974425+03:00	INFO	[Microsoft.Hosting.Lifetime]	[0]	Application started. Press Ctrl+C to shut down.
2025-06-07T09:47:25.9993303+03:00	INFO	[Microsoft.Hosting.Lifetime]	[0]	Hosting environment: Development
2025-06-07T09:47:25.9994946+03:00	INFO	[Microsoft.Hosting.Lifetime]	[0]	Content root path: D:\C#_Projects\ZAK\ZAK3\ZAK\ZAK
2025-06-07T09:47:31.5631239+03:00	WARN	[Microsoft.AspNetCore.HttpsPolicy.HttpsRedirectionMiddleware]	[FailedToDeterminePort]	Failed to determine the https port for redirect.
2025-06-07T09:47:32.8558492+03:00	INFO	[ZAK.MapRoutesManager.MapRoutesManager]	[0]	Loading OSM data...
2025-06-07T09:47:47.6459264+03:00	INFO	[ZAK.Components.Pages.SchedulePage.SchedulePage]	[0]	Initializing SchedulePage component
2025-06-07T09:47:47.6728831+03:00	INFO	[ZAK.DA.AddressRepository]	[0]	Getting all addresses
2025-06-07T09:47:48.8837588+03:00	WARN	[Microsoft.EntityFrameworkCore.Model.Validation]	[Microsoft.EntityFrameworkCore.Infrastructure.SensitiveDataLoggingEnabledWarning]	Sensitive data logging is enabled. Log entries and exception messages may include sensitive application data; this mode should only be enabled during development.
2025-06-07T09:47:50.1249895+03:00	INFO	[ZAK.Components.Pages.SchedulePage.BrigadeList]	[0]	Getting all brigades...
2025-06-07T09:47:50.1283157+03:00	INFO	[ZAK.DA.BrigadeRepository]	[0]	Getting all brigades
2025-06-07T09:47:50.4953771+03:00	INFO	[Microsoft.EntityFrameworkCore.Database.Command]	[Microsoft.EntityFrameworkCore.Database.Command.CommandExecuted]	Executed DbCommand (46ms) [Parameters=[], CommandType='Text', CommandTimeout='30']
SELECT `a`.`Id`, `a`.`blackoutGroup`, `a`.`building`, `a`.`districtname`, `a`.`equipmentAccess`, `a`.`streetName`, `a0`.`addressId`, `a0`.`buildingAlias`, `a0`.`streetAlias`, `a1`.`addressId`, `a1`.`priority`, `c`.`addressId`, `c`.`lat`, `c`.`lon`
FROM `addresses` AS `a`
LEFT JOIN `addressAliases` AS `a0` ON `a`.`Id` = `a0`.`addressId`
LEFT JOIN `addressPriorities` AS `a1` ON `a`.`Id` = `a1`.`addressId`
LEFT JOIN `coordinates` AS `c` ON `a`.`Id` = `c`.`addressId`
2025-06-07T09:47:50.4953712+03:00	INFO	[Microsoft.EntityFrameworkCore.Database.Command]	[Microsoft.EntityFrameworkCore.Database.Command.CommandExecuted]	Executed DbCommand (42ms) [Parameters=[], CommandType='Text', CommandTimeout='30']
SELECT `b`.`id`, `b`.`brigadeNumber`, `b`.`brigadeSlotsCount`, `s0`.`brigadeId`, `s0`.`scheduledTime`, `s0`.`applicationId`, `s0`.`id`, `s0`.`addresWasUpdated`, `s0`.`addressId`, `s0`.`day`, `s0`.`endHour`, `s0`.`firstPart`, `s0`.`freeCable`, `s0`.`ignored`, `s0`.`important`, `s0`.`inSchedule`, `s0`.`masterComment`, `s0`.`masterCommentWasUpdated`, `s0`.`maxDaysForConnection`, `s0`.`month`, `s0`.`operatorComment`, `s0`.`operatorCommentWasUpdated`, `s0`.`secondPart`, `s0`.`startHour`, `s0`.`statusWasChecked`, `s0`.`statusWasUpdated`, `s0`.`stretchingStatus`, `s0`.`tarChangeApp`, `s0`.`timeRangeIsSet`, `s0`.`urgent`, `s0`.`year`, `s0`.`Id0`, `s0`.`blackoutGroup`, `s0`.`building`, `s0`.`districtname`, `s0`.`equipmentAccess`, `s0`.`streetName`
FROM `brigades` AS `b`
LEFT JOIN (
    SELECT `s`.`brigadeId`, `s`.`scheduledTime`, `s`.`applicationId`, `a`.`id`, `a`.`addresWasUpdated`, `a`.`addressId`, `a`.`day`, `a`.`endHour`, `a`.`firstPart`, `a`.`freeCable`, `a`.`ignored`, `a`.`important`, `a`.`inSchedule`, `a`.`masterComment`, `a`.`masterCommentWasUpdated`, `a`.`maxDaysForConnection`, `a`.`month`, `a`.`operatorComment`, `a`.`operatorCommentWasUpdated`, `a`.`secondPart`, `a`.`startHour`, `a`.`statusWasChecked`, `a`.`statusWasUpdated`, `a`.`stretchingStatus`, `a`.`tarChangeApp`, `a`.`timeRangeIsSet`, `a`.`urgent`, `a`.`year`, `a0`.`Id` AS `Id0`, `a0`.`blackoutGroup`, `a0`.`building`, `a0`.`districtname`, `a0`.`equipmentAccess`, `a0`.`streetName`
    FROM `ScheduledApplicationModel` AS `s`
    INNER JOIN `applications` AS `a` ON `s`.`applicationId` = `a`.`id`
    LEFT JOIN `addresses` AS `a0` ON `a`.`addressId` = `a0`.`Id`
) AS `s0` ON `b`.`id` = `s0`.`brigadeId`
ORDER BY `b`.`id`, `s0`.`brigadeId`, `s0`.`scheduledTime`, `s0`.`id`
2025-06-07T09:47:50.7146848+03:00	INFO	[ZAK.DA.BrigadeRepository]	[0]	Retrieved 1 brigades
2025-06-07T09:47:51.1269038+03:00	INFO	[ZAK.DA.AddressRepository]	[0]	Retrieved 126 addresses
2025-06-07T09:47:52.0575350+03:00	INFO	[ZAK.DA.AddressRepository]	[0]	Getting all addresses
2025-06-07T09:47:52.3279850+03:00	INFO	[Microsoft.EntityFrameworkCore.Database.Command]	[Microsoft.EntityFrameworkCore.Database.Command.CommandExecuted]	Executed DbCommand (19ms) [Parameters=[], CommandType='Text', CommandTimeout='30']
SELECT `a`.`Id`, `a`.`blackoutGroup`, `a`.`building`, `a`.`districtname`, `a`.`equipmentAccess`, `a`.`streetName`, `a0`.`addressId`, `a0`.`buildingAlias`, `a0`.`streetAlias`, `a1`.`addressId`, `a1`.`priority`, `c`.`addressId`, `c`.`lat`, `c`.`lon`
FROM `addresses` AS `a`
LEFT JOIN `addressAliases` AS `a0` ON `a`.`Id` = `a0`.`addressId`
LEFT JOIN `addressPriorities` AS `a1` ON `a`.`Id` = `a1`.`addressId`
LEFT JOIN `coordinates` AS `c` ON `a`.`Id` = `c`.`addressId`
2025-06-07T09:47:52.4500994+03:00	INFO	[ZAK.DA.AddressRepository]	[0]	Retrieved 126 addresses
2025-06-07T09:47:53.6279704+03:00	INFO	[ZAK.Components.Pages.SchedulePage.BrigadeList]	[0]	Getting all brigades...
2025-06-07T09:47:53.6280670+03:00	INFO	[ZAK.DA.BrigadeRepository]	[0]	Getting all brigades
2025-06-07T09:47:53.6375578+03:00	INFO	[Microsoft.EntityFrameworkCore.Database.Command]	[Microsoft.EntityFrameworkCore.Database.Command.CommandExecuted]	Executed DbCommand (5ms) [Parameters=[], CommandType='Text', CommandTimeout='30']
SELECT `b`.`id`, `b`.`brigadeNumber`, `b`.`brigadeSlotsCount`, `s0`.`brigadeId`, `s0`.`scheduledTime`, `s0`.`applicationId`, `s0`.`id`, `s0`.`addresWasUpdated`, `s0`.`addressId`, `s0`.`day`, `s0`.`endHour`, `s0`.`firstPart`, `s0`.`freeCable`, `s0`.`ignored`, `s0`.`important`, `s0`.`inSchedule`, `s0`.`masterComment`, `s0`.`masterCommentWasUpdated`, `s0`.`maxDaysForConnection`, `s0`.`month`, `s0`.`operatorComment`, `s0`.`operatorCommentWasUpdated`, `s0`.`secondPart`, `s0`.`startHour`, `s0`.`statusWasChecked`, `s0`.`statusWasUpdated`, `s0`.`stretchingStatus`, `s0`.`tarChangeApp`, `s0`.`timeRangeIsSet`, `s0`.`urgent`, `s0`.`year`, `s0`.`Id0`, `s0`.`blackoutGroup`, `s0`.`building`, `s0`.`districtname`, `s0`.`equipmentAccess`, `s0`.`streetName`
FROM `brigades` AS `b`
LEFT JOIN (
    SELECT `s`.`brigadeId`, `s`.`scheduledTime`, `s`.`applicationId`, `a`.`id`, `a`.`addresWasUpdated`, `a`.`addressId`, `a`.`day`, `a`.`endHour`, `a`.`firstPart`, `a`.`freeCable`, `a`.`ignored`, `a`.`important`, `a`.`inSchedule`, `a`.`masterComment`, `a`.`masterCommentWasUpdated`, `a`.`maxDaysForConnection`, `a`.`month`, `a`.`operatorComment`, `a`.`operatorCommentWasUpdated`, `a`.`secondPart`, `a`.`startHour`, `a`.`statusWasChecked`, `a`.`statusWasUpdated`, `a`.`stretchingStatus`, `a`.`tarChangeApp`, `a`.`timeRangeIsSet`, `a`.`urgent`, `a`.`year`, `a0`.`Id` AS `Id0`, `a0`.`blackoutGroup`, `a0`.`building`, `a0`.`districtname`, `a0`.`equipmentAccess`, `a0`.`streetName`
    FROM `ScheduledApplicationModel` AS `s`
    INNER JOIN `applications` AS `a` ON `s`.`applicationId` = `a`.`id`
    LEFT JOIN `addresses` AS `a0` ON `a`.`addressId` = `a0`.`Id`
) AS `s0` ON `b`.`id` = `s0`.`brigadeId`
ORDER BY `b`.`id`, `s0`.`brigadeId`, `s0`.`scheduledTime`, `s0`.`id`
2025-06-07T09:47:53.6492727+03:00	INFO	[ZAK.DA.BrigadeRepository]	[0]	Retrieved 1 brigades
2025-06-07T09:47:54.1427159+03:00	INFO	[ZAK.DA.ApplicationRepository]	[0]	Getting all applications
2025-06-07T09:47:54.1869664+03:00	INFO	[Microsoft.EntityFrameworkCore.Database.Command]	[Microsoft.EntityFrameworkCore.Database.Command.CommandExecuted]	Executed DbCommand (6ms) [Parameters=[], CommandType='Text', CommandTimeout='30']
SELECT `a`.`id`, `a`.`addresWasUpdated`, `a`.`addressId`, `a`.`day`, `a`.`endHour`, `a`.`firstPart`, `a`.`freeCable`, `a`.`ignored`, `a`.`important`, `a`.`inSchedule`, `a`.`masterComment`, `a`.`masterCommentWasUpdated`, `a`.`maxDaysForConnection`, `a`.`month`, `a`.`operatorComment`, `a`.`operatorCommentWasUpdated`, `a`.`secondPart`, `a`.`startHour`, `a`.`statusWasChecked`, `a`.`statusWasUpdated`, `a`.`stretchingStatus`, `a`.`tarChangeApp`, `a`.`timeRangeIsSet`, `a`.`urgent`, `a`.`year`, `a0`.`Id`, `a0`.`blackoutGroup`, `a0`.`building`, `a0`.`districtname`, `a0`.`equipmentAccess`, `a0`.`streetName`, `d`.`name`, `d`.`color`, `c`.`addressId`, `c`.`lat`, `c`.`lon`
FROM `applications` AS `a`
LEFT JOIN `addresses` AS `a0` ON `a`.`addressId` = `a0`.`Id`
LEFT JOIN `districts` AS `d` ON `a0`.`districtname` = `d`.`name`
LEFT JOIN `coordinates` AS `c` ON `a0`.`Id` = `c`.`addressId`
2025-06-07T09:47:54.2113005+03:00	INFO	[ZAK.DA.ApplicationRepository]	[0]	Retrieved 105 applications
2025-06-07T09:56:08.3362675+03:00	INFO	[Microsoft.Hosting.Lifetime]	[ListeningOnAddress]	Now listening on: http://localhost:5205
2025-06-07T09:56:08.3499743+03:00	INFO	[Microsoft.Hosting.Lifetime]	[0]	Application started. Press Ctrl+C to shut down.
2025-06-07T09:56:08.3513313+03:00	INFO	[Microsoft.Hosting.Lifetime]	[0]	Hosting environment: Development
2025-06-07T09:56:08.3514351+03:00	INFO	[Microsoft.Hosting.Lifetime]	[0]	Content root path: D:\C#_Projects\ZAK\ZAK3\ZAK\ZAK
2025-06-07T09:56:14.5094003+03:00	WARN	[Microsoft.AspNetCore.HttpsPolicy.HttpsRedirectionMiddleware]	[FailedToDeterminePort]	Failed to determine the https port for redirect.
2025-06-07T09:56:16.0279551+03:00	INFO	[ZAK.MapRoutesManager.MapRoutesManager]	[0]	Loading OSM data...
2025-06-07T09:56:32.6916975+03:00	INFO	[ZAK.Components.Pages.SchedulePage.SchedulePage]	[0]	Initializing SchedulePage component
2025-06-07T09:56:32.7325507+03:00	INFO	[ZAK.DA.AddressRepository]	[0]	Getting all addresses
2025-06-07T09:56:34.5680927+03:00	WARN	[Microsoft.EntityFrameworkCore.Model.Validation]	[Microsoft.EntityFrameworkCore.Infrastructure.SensitiveDataLoggingEnabledWarning]	Sensitive data logging is enabled. Log entries and exception messages may include sensitive application data; this mode should only be enabled during development.
2025-06-07T09:56:36.5530828+03:00	INFO	[ZAK.Components.Pages.SchedulePage.BrigadeList]	[0]	Getting all brigades...
2025-06-07T09:56:36.5583515+03:00	INFO	[ZAK.DA.BrigadeRepository]	[0]	Getting all brigades
2025-06-07T09:56:36.9761366+03:00	INFO	[Microsoft.EntityFrameworkCore.Database.Command]	[Microsoft.EntityFrameworkCore.Database.Command.CommandExecuted]	Executed DbCommand (48ms) [Parameters=[], CommandType='Text', CommandTimeout='30']
SELECT `a`.`Id`, `a`.`blackoutGroup`, `a`.`building`, `a`.`districtname`, `a`.`equipmentAccess`, `a`.`streetName`, `a0`.`addressId`, `a0`.`buildingAlias`, `a0`.`streetAlias`, `a1`.`addressId`, `a1`.`priority`, `c`.`addressId`, `c`.`lat`, `c`.`lon`
FROM `addresses` AS `a`
LEFT JOIN `addressAliases` AS `a0` ON `a`.`Id` = `a0`.`addressId`
LEFT JOIN `addressPriorities` AS `a1` ON `a`.`Id` = `a1`.`addressId`
LEFT JOIN `coordinates` AS `c` ON `a`.`Id` = `c`.`addressId`
2025-06-07T09:56:36.9761366+03:00	INFO	[Microsoft.EntityFrameworkCore.Database.Command]	[Microsoft.EntityFrameworkCore.Database.Command.CommandExecuted]	Executed DbCommand (17ms) [Parameters=[], CommandType='Text', CommandTimeout='30']
SELECT `b`.`id`, `b`.`brigadeNumber`, `b`.`brigadeSlotsCount`, `s0`.`brigadeId`, `s0`.`scheduledTime`, `s0`.`applicationId`, `s0`.`id`, `s0`.`addresWasUpdated`, `s0`.`addressId`, `s0`.`day`, `s0`.`endHour`, `s0`.`firstPart`, `s0`.`freeCable`, `s0`.`ignored`, `s0`.`important`, `s0`.`inSchedule`, `s0`.`masterComment`, `s0`.`masterCommentWasUpdated`, `s0`.`maxDaysForConnection`, `s0`.`month`, `s0`.`operatorComment`, `s0`.`operatorCommentWasUpdated`, `s0`.`secondPart`, `s0`.`startHour`, `s0`.`statusWasChecked`, `s0`.`statusWasUpdated`, `s0`.`stretchingStatus`, `s0`.`tarChangeApp`, `s0`.`timeRangeIsSet`, `s0`.`urgent`, `s0`.`year`, `s0`.`Id0`, `s0`.`blackoutGroup`, `s0`.`building`, `s0`.`districtname`, `s0`.`equipmentAccess`, `s0`.`streetName`
FROM `brigades` AS `b`
LEFT JOIN (
    SELECT `s`.`brigadeId`, `s`.`scheduledTime`, `s`.`applicationId`, `a`.`id`, `a`.`addresWasUpdated`, `a`.`addressId`, `a`.`day`, `a`.`endHour`, `a`.`firstPart`, `a`.`freeCable`, `a`.`ignored`, `a`.`important`, `a`.`inSchedule`, `a`.`masterComment`, `a`.`masterCommentWasUpdated`, `a`.`maxDaysForConnection`, `a`.`month`, `a`.`operatorComment`, `a`.`operatorCommentWasUpdated`, `a`.`secondPart`, `a`.`startHour`, `a`.`statusWasChecked`, `a`.`statusWasUpdated`, `a`.`stretchingStatus`, `a`.`tarChangeApp`, `a`.`timeRangeIsSet`, `a`.`urgent`, `a`.`year`, `a0`.`Id` AS `Id0`, `a0`.`blackoutGroup`, `a0`.`building`, `a0`.`districtname`, `a0`.`equipmentAccess`, `a0`.`streetName`
    FROM `ScheduledApplicationModel` AS `s`
    INNER JOIN `applications` AS `a` ON `s`.`applicationId` = `a`.`id`
    LEFT JOIN `addresses` AS `a0` ON `a`.`addressId` = `a0`.`Id`
) AS `s0` ON `b`.`id` = `s0`.`brigadeId`
ORDER BY `b`.`id`, `s0`.`brigadeId`, `s0`.`scheduledTime`, `s0`.`id`
2025-06-07T09:56:37.2842341+03:00	INFO	[ZAK.DA.BrigadeRepository]	[0]	Retrieved 1 brigades
2025-06-07T09:56:37.5973419+03:00	INFO	[ZAK.DA.AddressRepository]	[0]	Retrieved 126 addresses
2025-06-07T09:56:38.7976905+03:00	INFO	[ZAK.DA.AddressRepository]	[0]	Getting all addresses
2025-06-07T09:56:39.0776010+03:00	INFO	[Microsoft.EntityFrameworkCore.Database.Command]	[Microsoft.EntityFrameworkCore.Database.Command.CommandExecuted]	Executed DbCommand (17ms) [Parameters=[], CommandType='Text', CommandTimeout='30']
SELECT `a`.`Id`, `a`.`blackoutGroup`, `a`.`building`, `a`.`districtname`, `a`.`equipmentAccess`, `a`.`streetName`, `a0`.`addressId`, `a0`.`buildingAlias`, `a0`.`streetAlias`, `a1`.`addressId`, `a1`.`priority`, `c`.`addressId`, `c`.`lat`, `c`.`lon`
FROM `addresses` AS `a`
LEFT JOIN `addressAliases` AS `a0` ON `a`.`Id` = `a0`.`addressId`
LEFT JOIN `addressPriorities` AS `a1` ON `a`.`Id` = `a1`.`addressId`
LEFT JOIN `coordinates` AS `c` ON `a`.`Id` = `c`.`addressId`
2025-06-07T09:56:39.1690591+03:00	INFO	[ZAK.DA.AddressRepository]	[0]	Retrieved 126 addresses
2025-06-07T09:56:40.3574811+03:00	INFO	[ZAK.Components.Pages.SchedulePage.BrigadeList]	[0]	Getting all brigades...
2025-06-07T09:56:40.3580131+03:00	INFO	[ZAK.DA.BrigadeRepository]	[0]	Getting all brigades
2025-06-07T09:56:40.3763580+03:00	INFO	[Microsoft.EntityFrameworkCore.Database.Command]	[Microsoft.EntityFrameworkCore.Database.Command.CommandExecuted]	Executed DbCommand (5ms) [Parameters=[], CommandType='Text', CommandTimeout='30']
SELECT `b`.`id`, `b`.`brigadeNumber`, `b`.`brigadeSlotsCount`, `s0`.`brigadeId`, `s0`.`scheduledTime`, `s0`.`applicationId`, `s0`.`id`, `s0`.`addresWasUpdated`, `s0`.`addressId`, `s0`.`day`, `s0`.`endHour`, `s0`.`firstPart`, `s0`.`freeCable`, `s0`.`ignored`, `s0`.`important`, `s0`.`inSchedule`, `s0`.`masterComment`, `s0`.`masterCommentWasUpdated`, `s0`.`maxDaysForConnection`, `s0`.`month`, `s0`.`operatorComment`, `s0`.`operatorCommentWasUpdated`, `s0`.`secondPart`, `s0`.`startHour`, `s0`.`statusWasChecked`, `s0`.`statusWasUpdated`, `s0`.`stretchingStatus`, `s0`.`tarChangeApp`, `s0`.`timeRangeIsSet`, `s0`.`urgent`, `s0`.`year`, `s0`.`Id0`, `s0`.`blackoutGroup`, `s0`.`building`, `s0`.`districtname`, `s0`.`equipmentAccess`, `s0`.`streetName`
FROM `brigades` AS `b`
LEFT JOIN (
    SELECT `s`.`brigadeId`, `s`.`scheduledTime`, `s`.`applicationId`, `a`.`id`, `a`.`addresWasUpdated`, `a`.`addressId`, `a`.`day`, `a`.`endHour`, `a`.`firstPart`, `a`.`freeCable`, `a`.`ignored`, `a`.`important`, `a`.`inSchedule`, `a`.`masterComment`, `a`.`masterCommentWasUpdated`, `a`.`maxDaysForConnection`, `a`.`month`, `a`.`operatorComment`, `a`.`operatorCommentWasUpdated`, `a`.`secondPart`, `a`.`startHour`, `a`.`statusWasChecked`, `a`.`statusWasUpdated`, `a`.`stretchingStatus`, `a`.`tarChangeApp`, `a`.`timeRangeIsSet`, `a`.`urgent`, `a`.`year`, `a0`.`Id` AS `Id0`, `a0`.`blackoutGroup`, `a0`.`building`, `a0`.`districtname`, `a0`.`equipmentAccess`, `a0`.`streetName`
    FROM `ScheduledApplicationModel` AS `s`
    INNER JOIN `applications` AS `a` ON `s`.`applicationId` = `a`.`id`
    LEFT JOIN `addresses` AS `a0` ON `a`.`addressId` = `a0`.`Id`
) AS `s0` ON `b`.`id` = `s0`.`brigadeId`
ORDER BY `b`.`id`, `s0`.`brigadeId`, `s0`.`scheduledTime`, `s0`.`id`
2025-06-07T09:56:40.3975226+03:00	INFO	[ZAK.DA.BrigadeRepository]	[0]	Retrieved 1 brigades
2025-06-07T09:56:41.2236139+03:00	INFO	[ZAK.Components.Pages.SchedulePage.SchedulePage]	[0]	Initializing SchedulePage component
2025-06-07T09:56:41.2241709+03:00	INFO	[ZAK.DA.AddressRepository]	[0]	Getting all addresses
2025-06-07T09:56:41.2346905+03:00	INFO	[ZAK.Components.Pages.SchedulePage.BrigadeList]	[0]	Getting all brigades...
2025-06-07T09:56:41.2349184+03:00	INFO	[ZAK.DA.BrigadeRepository]	[0]	Getting all brigades
2025-06-07T09:56:41.2529046+03:00	INFO	[Microsoft.EntityFrameworkCore.Database.Command]	[Microsoft.EntityFrameworkCore.Database.Command.CommandExecuted]	Executed DbCommand (13ms) [Parameters=[], CommandType='Text', CommandTimeout='30']
SELECT `a`.`Id`, `a`.`blackoutGroup`, `a`.`building`, `a`.`districtname`, `a`.`equipmentAccess`, `a`.`streetName`, `a0`.`addressId`, `a0`.`buildingAlias`, `a0`.`streetAlias`, `a1`.`addressId`, `a1`.`priority`, `c`.`addressId`, `c`.`lat`, `c`.`lon`
FROM `addresses` AS `a`
LEFT JOIN `addressAliases` AS `a0` ON `a`.`Id` = `a0`.`addressId`
LEFT JOIN `addressPriorities` AS `a1` ON `a`.`Id` = `a1`.`addressId`
LEFT JOIN `coordinates` AS `c` ON `a`.`Id` = `c`.`addressId`
2025-06-07T09:56:41.2700159+03:00	INFO	[Microsoft.EntityFrameworkCore.Database.Command]	[Microsoft.EntityFrameworkCore.Database.Command.CommandExecuted]	Executed DbCommand (16ms) [Parameters=[], CommandType='Text', CommandTimeout='30']
SELECT `b`.`id`, `b`.`brigadeNumber`, `b`.`brigadeSlotsCount`, `s0`.`brigadeId`, `s0`.`scheduledTime`, `s0`.`applicationId`, `s0`.`id`, `s0`.`addresWasUpdated`, `s0`.`addressId`, `s0`.`day`, `s0`.`endHour`, `s0`.`firstPart`, `s0`.`freeCable`, `s0`.`ignored`, `s0`.`important`, `s0`.`inSchedule`, `s0`.`masterComment`, `s0`.`masterCommentWasUpdated`, `s0`.`maxDaysForConnection`, `s0`.`month`, `s0`.`operatorComment`, `s0`.`operatorCommentWasUpdated`, `s0`.`secondPart`, `s0`.`startHour`, `s0`.`statusWasChecked`, `s0`.`statusWasUpdated`, `s0`.`stretchingStatus`, `s0`.`tarChangeApp`, `s0`.`timeRangeIsSet`, `s0`.`urgent`, `s0`.`year`, `s0`.`Id0`, `s0`.`blackoutGroup`, `s0`.`building`, `s0`.`districtname`, `s0`.`equipmentAccess`, `s0`.`streetName`
FROM `brigades` AS `b`
LEFT JOIN (
    SELECT `s`.`brigadeId`, `s`.`scheduledTime`, `s`.`applicationId`, `a`.`id`, `a`.`addresWasUpdated`, `a`.`addressId`, `a`.`day`, `a`.`endHour`, `a`.`firstPart`, `a`.`freeCable`, `a`.`ignored`, `a`.`important`, `a`.`inSchedule`, `a`.`masterComment`, `a`.`masterCommentWasUpdated`, `a`.`maxDaysForConnection`, `a`.`month`, `a`.`operatorComment`, `a`.`operatorCommentWasUpdated`, `a`.`secondPart`, `a`.`startHour`, `a`.`statusWasChecked`, `a`.`statusWasUpdated`, `a`.`stretchingStatus`, `a`.`tarChangeApp`, `a`.`timeRangeIsSet`, `a`.`urgent`, `a`.`year`, `a0`.`Id` AS `Id0`, `a0`.`blackoutGroup`, `a0`.`building`, `a0`.`districtname`, `a0`.`equipmentAccess`, `a0`.`streetName`
    FROM `ScheduledApplicationModel` AS `s`
    INNER JOIN `applications` AS `a` ON `s`.`applicationId` = `a`.`id`
    LEFT JOIN `addresses` AS `a0` ON `a`.`addressId` = `a0`.`Id`
) AS `s0` ON `b`.`id` = `s0`.`brigadeId`
ORDER BY `b`.`id`, `s0`.`brigadeId`, `s0`.`scheduledTime`, `s0`.`id`
2025-06-07T09:56:41.2706957+03:00	INFO	[ZAK.DA.BrigadeRepository]	[0]	Retrieved 1 brigades
2025-06-07T09:56:41.3543572+03:00	INFO	[ZAK.DA.AddressRepository]	[0]	Retrieved 126 addresses
2025-06-07T09:56:43.2872533+03:00	INFO	[ZAK.DA.AddressRepository]	[0]	Getting all addresses
2025-06-07T09:56:43.3067927+03:00	INFO	[Microsoft.EntityFrameworkCore.Database.Command]	[Microsoft.EntityFrameworkCore.Database.Command.CommandExecuted]	Executed DbCommand (10ms) [Parameters=[], CommandType='Text', CommandTimeout='30']
SELECT `a`.`Id`, `a`.`blackoutGroup`, `a`.`building`, `a`.`districtname`, `a`.`equipmentAccess`, `a`.`streetName`, `a0`.`addressId`, `a0`.`buildingAlias`, `a0`.`streetAlias`, `a1`.`addressId`, `a1`.`priority`, `c`.`addressId`, `c`.`lat`, `c`.`lon`
FROM `addresses` AS `a`
LEFT JOIN `addressAliases` AS `a0` ON `a`.`Id` = `a0`.`addressId`
LEFT JOIN `addressPriorities` AS `a1` ON `a`.`Id` = `a1`.`addressId`
LEFT JOIN `coordinates` AS `c` ON `a`.`Id` = `c`.`addressId`
2025-06-07T09:56:43.3689700+03:00	INFO	[ZAK.DA.AddressRepository]	[0]	Retrieved 126 addresses
2025-06-07T09:56:44.2162745+03:00	INFO	[ZAK.Components.Pages.SchedulePage.BrigadeList]	[0]	Getting all brigades...
2025-06-07T09:56:44.2163440+03:00	INFO	[ZAK.DA.BrigadeRepository]	[0]	Getting all brigades
2025-06-07T09:56:44.2293096+03:00	INFO	[ZAK.Components.Pages.SchedulePage.MapComponentLeaflet]	[0]	MapComponentLeaflet is rendered for the first time
2025-06-07T09:56:44.2294157+03:00	INFO	[Microsoft.EntityFrameworkCore.Database.Command]	[Microsoft.EntityFrameworkCore.Database.Command.CommandExecuted]	Executed DbCommand (5ms) [Parameters=[], CommandType='Text', CommandTimeout='30']
SELECT `b`.`id`, `b`.`brigadeNumber`, `b`.`brigadeSlotsCount`, `s0`.`brigadeId`, `s0`.`scheduledTime`, `s0`.`applicationId`, `s0`.`id`, `s0`.`addresWasUpdated`, `s0`.`addressId`, `s0`.`day`, `s0`.`endHour`, `s0`.`firstPart`, `s0`.`freeCable`, `s0`.`ignored`, `s0`.`important`, `s0`.`inSchedule`, `s0`.`masterComment`, `s0`.`masterCommentWasUpdated`, `s0`.`maxDaysForConnection`, `s0`.`month`, `s0`.`operatorComment`, `s0`.`operatorCommentWasUpdated`, `s0`.`secondPart`, `s0`.`startHour`, `s0`.`statusWasChecked`, `s0`.`statusWasUpdated`, `s0`.`stretchingStatus`, `s0`.`tarChangeApp`, `s0`.`timeRangeIsSet`, `s0`.`urgent`, `s0`.`year`, `s0`.`Id0`, `s0`.`blackoutGroup`, `s0`.`building`, `s0`.`districtname`, `s0`.`equipmentAccess`, `s0`.`streetName`
FROM `brigades` AS `b`
LEFT JOIN (
    SELECT `s`.`brigadeId`, `s`.`scheduledTime`, `s`.`applicationId`, `a`.`id`, `a`.`addresWasUpdated`, `a`.`addressId`, `a`.`day`, `a`.`endHour`, `a`.`firstPart`, `a`.`freeCable`, `a`.`ignored`, `a`.`important`, `a`.`inSchedule`, `a`.`masterComment`, `a`.`masterCommentWasUpdated`, `a`.`maxDaysForConnection`, `a`.`month`, `a`.`operatorComment`, `a`.`operatorCommentWasUpdated`, `a`.`secondPart`, `a`.`startHour`, `a`.`statusWasChecked`, `a`.`statusWasUpdated`, `a`.`stretchingStatus`, `a`.`tarChangeApp`, `a`.`timeRangeIsSet`, `a`.`urgent`, `a`.`year`, `a0`.`Id` AS `Id0`, `a0`.`blackoutGroup`, `a0`.`building`, `a0`.`districtname`, `a0`.`equipmentAccess`, `a0`.`streetName`
    FROM `ScheduledApplicationModel` AS `s`
    INNER JOIN `applications` AS `a` ON `s`.`applicationId` = `a`.`id`
    LEFT JOIN `addresses` AS `a0` ON `a`.`addressId` = `a0`.`Id`
) AS `s0` ON `b`.`id` = `s0`.`brigadeId`
ORDER BY `b`.`id`, `s0`.`brigadeId`, `s0`.`scheduledTime`, `s0`.`id`
2025-06-07T09:56:44.2336108+03:00	INFO	[ZAK.DA.BrigadeRepository]	[0]	Retrieved 1 brigades
2025-06-07T09:56:44.3480099+03:00	INFO	[ZAK.Components.Pages.SchedulePage.MapComponentLeaflet]	[0]	MapComponentLeaflet is drawing paths
2025-06-07T09:56:44.3541492+03:00	INFO	[ZAK.MapRoutesManager.MapRoutesManager]	[0]	Populationg brigades with applications
2025-06-07T09:56:44.3661057+03:00	INFO	[ZAK.DA.BrigadeRepository]	[0]	Getting all brigades with scheduled application info
2025-06-07T09:56:44.5080455+03:00	INFO	[Microsoft.EntityFrameworkCore.Database.Command]	[Microsoft.EntityFrameworkCore.Database.Command.CommandExecuted]	Executed DbCommand (4ms) [Parameters=[], CommandType='Text', CommandTimeout='30']
SELECT `b`.`id`, `b`.`brigadeNumber`, `b`.`brigadeSlotsCount`, `s0`.`brigadeId`, `s0`.`scheduledTime`, `s0`.`applicationId`, `s0`.`id`, `s0`.`addresWasUpdated`, `s0`.`addressId`, `s0`.`day`, `s0`.`endHour`, `s0`.`firstPart`, `s0`.`freeCable`, `s0`.`ignored`, `s0`.`important`, `s0`.`inSchedule`, `s0`.`masterComment`, `s0`.`masterCommentWasUpdated`, `s0`.`maxDaysForConnection`, `s0`.`month`, `s0`.`operatorComment`, `s0`.`operatorCommentWasUpdated`, `s0`.`secondPart`, `s0`.`startHour`, `s0`.`statusWasChecked`, `s0`.`statusWasUpdated`, `s0`.`stretchingStatus`, `s0`.`tarChangeApp`, `s0`.`timeRangeIsSet`, `s0`.`urgent`, `s0`.`year`, `s0`.`Id0`, `s0`.`blackoutGroup`, `s0`.`building`, `s0`.`districtname`, `s0`.`equipmentAccess`, `s0`.`streetName`, `s0`.`addressId0`, `s0`.`lat`, `s0`.`lon`
FROM `brigades` AS `b`
LEFT JOIN (
    SELECT `s`.`brigadeId`, `s`.`scheduledTime`, `s`.`applicationId`, `a`.`id`, `a`.`addresWasUpdated`, `a`.`addressId`, `a`.`day`, `a`.`endHour`, `a`.`firstPart`, `a`.`freeCable`, `a`.`ignored`, `a`.`important`, `a`.`inSchedule`, `a`.`masterComment`, `a`.`masterCommentWasUpdated`, `a`.`maxDaysForConnection`, `a`.`month`, `a`.`operatorComment`, `a`.`operatorCommentWasUpdated`, `a`.`secondPart`, `a`.`startHour`, `a`.`statusWasChecked`, `a`.`statusWasUpdated`, `a`.`stretchingStatus`, `a`.`tarChangeApp`, `a`.`timeRangeIsSet`, `a`.`urgent`, `a`.`year`, `a0`.`Id` AS `Id0`, `a0`.`blackoutGroup`, `a0`.`building`, `a0`.`districtname`, `a0`.`equipmentAccess`, `a0`.`streetName`, `c`.`addressId` AS `addressId0`, `c`.`lat`, `c`.`lon`
    FROM `ScheduledApplicationModel` AS `s`
    INNER JOIN `applications` AS `a` ON `s`.`applicationId` = `a`.`id`
    LEFT JOIN `addresses` AS `a0` ON `a`.`addressId` = `a0`.`Id`
    LEFT JOIN `coordinates` AS `c` ON `a0`.`Id` = `c`.`addressId`
) AS `s0` ON `b`.`id` = `s0`.`brigadeId`
ORDER BY `b`.`id`, `s0`.`brigadeId`, `s0`.`scheduledTime`, `s0`.`id`, `s0`.`Id0`
2025-06-07T09:56:44.5380667+03:00	INFO	[ZAK.DA.BrigadeRepository]	[0]	Retrieved 1 brigades with scheduled application info
2025-06-07T09:56:44.5390293+03:00	INFO	[ZAK.MapRoutesManager.MapRoutesManager]	[0]	Calculating routes...
2025-06-07T09:56:47.5169801+03:00	INFO	[ZAK.Components.Pages.SchedulePage.MapComponentLeaflet]	[0]	MapComponentLeaflet is drawing paths
2025-06-07T09:56:47.9861605+03:00	INFO	[ZAK.Components.Pages.SchedulePage.MapComponentLeaflet]	[0]	MapComponentLeaflet is drawing markers
2025-06-07T09:56:47.9916436+03:00	INFO	[ZAK.DA.ApplicationRepository]	[0]	Getting all applications with ignoring
2025-06-07T09:56:48.0683244+03:00	INFO	[Microsoft.EntityFrameworkCore.Database.Command]	[Microsoft.EntityFrameworkCore.Database.Command.CommandExecuted]	Executed DbCommand (6ms) [Parameters=[], CommandType='Text', CommandTimeout='30']
SELECT `a`.`id`, `a`.`addresWasUpdated`, `a`.`addressId`, `a`.`day`, `a`.`endHour`, `a`.`firstPart`, `a`.`freeCable`, `a`.`ignored`, `a`.`important`, `a`.`inSchedule`, `a`.`masterComment`, `a`.`masterCommentWasUpdated`, `a`.`maxDaysForConnection`, `a`.`month`, `a`.`operatorComment`, `a`.`operatorCommentWasUpdated`, `a`.`secondPart`, `a`.`startHour`, `a`.`statusWasChecked`, `a`.`statusWasUpdated`, `a`.`stretchingStatus`, `a`.`tarChangeApp`, `a`.`timeRangeIsSet`, `a`.`urgent`, `a`.`year`, `a0`.`Id`, `a0`.`blackoutGroup`, `a0`.`building`, `a0`.`districtname`, `a0`.`equipmentAccess`, `a0`.`streetName`, `d`.`name`, `d`.`color`, `c`.`addressId`, `c`.`lat`, `c`.`lon`
FROM `applications` AS `a`
LEFT JOIN `addresses` AS `a0` ON `a`.`addressId` = `a0`.`Id`
LEFT JOIN `districts` AS `d` ON `a0`.`districtname` = `d`.`name`
LEFT JOIN `coordinates` AS `c` ON `a0`.`Id` = `c`.`addressId`
2025-06-07T09:56:48.0962554+03:00	INFO	[ZAK.DA.ApplicationRepository]	[0]	Getting all applications
2025-06-07T09:56:48.1089243+03:00	INFO	[Microsoft.EntityFrameworkCore.Database.Command]	[Microsoft.EntityFrameworkCore.Database.Command.CommandExecuted]	Executed DbCommand (7ms) [Parameters=[], CommandType='Text', CommandTimeout='30']
SELECT `a`.`id`, `a`.`addresWasUpdated`, `a`.`addressId`, `a`.`day`, `a`.`endHour`, `a`.`firstPart`, `a`.`freeCable`, `a`.`ignored`, `a`.`important`, `a`.`inSchedule`, `a`.`masterComment`, `a`.`masterCommentWasUpdated`, `a`.`maxDaysForConnection`, `a`.`month`, `a`.`operatorComment`, `a`.`operatorCommentWasUpdated`, `a`.`secondPart`, `a`.`startHour`, `a`.`statusWasChecked`, `a`.`statusWasUpdated`, `a`.`stretchingStatus`, `a`.`tarChangeApp`, `a`.`timeRangeIsSet`, `a`.`urgent`, `a`.`year`, `a0`.`Id`, `a0`.`blackoutGroup`, `a0`.`building`, `a0`.`districtname`, `a0`.`equipmentAccess`, `a0`.`streetName`, `d`.`name`, `d`.`color`, `c`.`addressId`, `c`.`lat`, `c`.`lon`
FROM `applications` AS `a`
LEFT JOIN `addresses` AS `a0` ON `a`.`addressId` = `a0`.`Id`
LEFT JOIN `districts` AS `d` ON `a0`.`districtname` = `d`.`name`
LEFT JOIN `coordinates` AS `c` ON `a0`.`Id` = `c`.`addressId`
2025-06-07T09:56:48.1186747+03:00	INFO	[ZAK.DA.ApplicationRepository]	[0]	Retrieved 89 applications (not ignored)
2025-06-07T09:56:48.1588697+03:00	INFO	[ZAK.DA.ApplicationRepository]	[0]	Retrieved 105 applications
2025-06-07T09:57:04.0936922+03:00	INFO	[ZAK.Components.Pages.SchedulePage.SchedulePage]	[0]	Initializing SchedulePage component
2025-06-07T09:57:04.0937936+03:00	INFO	[ZAK.DA.AddressRepository]	[0]	Getting all addresses
2025-06-07T09:57:04.0989189+03:00	INFO	[ZAK.Components.Pages.SchedulePage.BrigadeList]	[0]	Getting all brigades...
2025-06-07T09:57:04.0989621+03:00	INFO	[ZAK.DA.BrigadeRepository]	[0]	Getting all brigades
2025-06-07T09:57:04.1091622+03:00	INFO	[Microsoft.EntityFrameworkCore.Database.Command]	[Microsoft.EntityFrameworkCore.Database.Command.CommandExecuted]	Executed DbCommand (8ms) [Parameters=[], CommandType='Text', CommandTimeout='30']
SELECT `a`.`Id`, `a`.`blackoutGroup`, `a`.`building`, `a`.`districtname`, `a`.`equipmentAccess`, `a`.`streetName`, `a0`.`addressId`, `a0`.`buildingAlias`, `a0`.`streetAlias`, `a1`.`addressId`, `a1`.`priority`, `c`.`addressId`, `c`.`lat`, `c`.`lon`
FROM `addresses` AS `a`
LEFT JOIN `addressAliases` AS `a0` ON `a`.`Id` = `a0`.`addressId`
LEFT JOIN `addressPriorities` AS `a1` ON `a`.`Id` = `a1`.`addressId`
LEFT JOIN `coordinates` AS `c` ON `a`.`Id` = `c`.`addressId`
2025-06-07T09:57:04.1135547+03:00	INFO	[Microsoft.EntityFrameworkCore.Database.Command]	[Microsoft.EntityFrameworkCore.Database.Command.CommandExecuted]	Executed DbCommand (7ms) [Parameters=[], CommandType='Text', CommandTimeout='30']
SELECT `b`.`id`, `b`.`brigadeNumber`, `b`.`brigadeSlotsCount`, `s0`.`brigadeId`, `s0`.`scheduledTime`, `s0`.`applicationId`, `s0`.`id`, `s0`.`addresWasUpdated`, `s0`.`addressId`, `s0`.`day`, `s0`.`endHour`, `s0`.`firstPart`, `s0`.`freeCable`, `s0`.`ignored`, `s0`.`important`, `s0`.`inSchedule`, `s0`.`masterComment`, `s0`.`masterCommentWasUpdated`, `s0`.`maxDaysForConnection`, `s0`.`month`, `s0`.`operatorComment`, `s0`.`operatorCommentWasUpdated`, `s0`.`secondPart`, `s0`.`startHour`, `s0`.`statusWasChecked`, `s0`.`statusWasUpdated`, `s0`.`stretchingStatus`, `s0`.`tarChangeApp`, `s0`.`timeRangeIsSet`, `s0`.`urgent`, `s0`.`year`, `s0`.`Id0`, `s0`.`blackoutGroup`, `s0`.`building`, `s0`.`districtname`, `s0`.`equipmentAccess`, `s0`.`streetName`
FROM `brigades` AS `b`
LEFT JOIN (
    SELECT `s`.`brigadeId`, `s`.`scheduledTime`, `s`.`applicationId`, `a`.`id`, `a`.`addresWasUpdated`, `a`.`addressId`, `a`.`day`, `a`.`endHour`, `a`.`firstPart`, `a`.`freeCable`, `a`.`ignored`, `a`.`important`, `a`.`inSchedule`, `a`.`masterComment`, `a`.`masterCommentWasUpdated`, `a`.`maxDaysForConnection`, `a`.`month`, `a`.`operatorComment`, `a`.`operatorCommentWasUpdated`, `a`.`secondPart`, `a`.`startHour`, `a`.`statusWasChecked`, `a`.`statusWasUpdated`, `a`.`stretchingStatus`, `a`.`tarChangeApp`, `a`.`timeRangeIsSet`, `a`.`urgent`, `a`.`year`, `a0`.`Id` AS `Id0`, `a0`.`blackoutGroup`, `a0`.`building`, `a0`.`districtname`, `a0`.`equipmentAccess`, `a0`.`streetName`
    FROM `ScheduledApplicationModel` AS `s`
    INNER JOIN `applications` AS `a` ON `s`.`applicationId` = `a`.`id`
    LEFT JOIN `addresses` AS `a0` ON `a`.`addressId` = `a0`.`Id`
) AS `s0` ON `b`.`id` = `s0`.`brigadeId`
ORDER BY `b`.`id`, `s0`.`brigadeId`, `s0`.`scheduledTime`, `s0`.`id`
2025-06-07T09:57:04.1144846+03:00	INFO	[ZAK.DA.BrigadeRepository]	[0]	Retrieved 1 brigades
2025-06-07T09:57:04.1263086+03:00	INFO	[ZAK.DA.AddressRepository]	[0]	Retrieved 126 addresses
2025-06-07T09:57:05.1194710+03:00	INFO	[ZAK.DA.AddressRepository]	[0]	Getting all addresses
2025-06-07T09:57:05.1359170+03:00	INFO	[Microsoft.EntityFrameworkCore.Database.Command]	[Microsoft.EntityFrameworkCore.Database.Command.CommandExecuted]	Executed DbCommand (10ms) [Parameters=[], CommandType='Text', CommandTimeout='30']
SELECT `a`.`Id`, `a`.`blackoutGroup`, `a`.`building`, `a`.`districtname`, `a`.`equipmentAccess`, `a`.`streetName`, `a0`.`addressId`, `a0`.`buildingAlias`, `a0`.`streetAlias`, `a1`.`addressId`, `a1`.`priority`, `c`.`addressId`, `c`.`lat`, `c`.`lon`
FROM `addresses` AS `a`
LEFT JOIN `addressAliases` AS `a0` ON `a`.`Id` = `a0`.`addressId`
LEFT JOIN `addressPriorities` AS `a1` ON `a`.`Id` = `a1`.`addressId`
LEFT JOIN `coordinates` AS `c` ON `a`.`Id` = `c`.`addressId`
2025-06-07T09:57:05.1459147+03:00	INFO	[ZAK.DA.AddressRepository]	[0]	Retrieved 126 addresses
2025-06-07T09:57:06.0328017+03:00	INFO	[ZAK.Components.Pages.SchedulePage.BrigadeList]	[0]	Getting all brigades...
2025-06-07T09:57:06.0328498+03:00	INFO	[ZAK.DA.BrigadeRepository]	[0]	Getting all brigades
2025-06-07T09:57:06.0482344+03:00	INFO	[Microsoft.EntityFrameworkCore.Database.Command]	[Microsoft.EntityFrameworkCore.Database.Command.CommandExecuted]	Executed DbCommand (5ms) [Parameters=[], CommandType='Text', CommandTimeout='30']
SELECT `b`.`id`, `b`.`brigadeNumber`, `b`.`brigadeSlotsCount`, `s0`.`brigadeId`, `s0`.`scheduledTime`, `s0`.`applicationId`, `s0`.`id`, `s0`.`addresWasUpdated`, `s0`.`addressId`, `s0`.`day`, `s0`.`endHour`, `s0`.`firstPart`, `s0`.`freeCable`, `s0`.`ignored`, `s0`.`important`, `s0`.`inSchedule`, `s0`.`masterComment`, `s0`.`masterCommentWasUpdated`, `s0`.`maxDaysForConnection`, `s0`.`month`, `s0`.`operatorComment`, `s0`.`operatorCommentWasUpdated`, `s0`.`secondPart`, `s0`.`startHour`, `s0`.`statusWasChecked`, `s0`.`statusWasUpdated`, `s0`.`stretchingStatus`, `s0`.`tarChangeApp`, `s0`.`timeRangeIsSet`, `s0`.`urgent`, `s0`.`year`, `s0`.`Id0`, `s0`.`blackoutGroup`, `s0`.`building`, `s0`.`districtname`, `s0`.`equipmentAccess`, `s0`.`streetName`
FROM `brigades` AS `b`
LEFT JOIN (
    SELECT `s`.`brigadeId`, `s`.`scheduledTime`, `s`.`applicationId`, `a`.`id`, `a`.`addresWasUpdated`, `a`.`addressId`, `a`.`day`, `a`.`endHour`, `a`.`firstPart`, `a`.`freeCable`, `a`.`ignored`, `a`.`important`, `a`.`inSchedule`, `a`.`masterComment`, `a`.`masterCommentWasUpdated`, `a`.`maxDaysForConnection`, `a`.`month`, `a`.`operatorComment`, `a`.`operatorCommentWasUpdated`, `a`.`secondPart`, `a`.`startHour`, `a`.`statusWasChecked`, `a`.`statusWasUpdated`, `a`.`stretchingStatus`, `a`.`tarChangeApp`, `a`.`timeRangeIsSet`, `a`.`urgent`, `a`.`year`, `a0`.`Id` AS `Id0`, `a0`.`blackoutGroup`, `a0`.`building`, `a0`.`districtname`, `a0`.`equipmentAccess`, `a0`.`streetName`
    FROM `ScheduledApplicationModel` AS `s`
    INNER JOIN `applications` AS `a` ON `s`.`applicationId` = `a`.`id`
    LEFT JOIN `addresses` AS `a0` ON `a`.`addressId` = `a0`.`Id`
) AS `s0` ON `b`.`id` = `s0`.`brigadeId`
ORDER BY `b`.`id`, `s0`.`brigadeId`, `s0`.`scheduledTime`, `s0`.`id`
2025-06-07T09:57:06.0490534+03:00	INFO	[ZAK.DA.BrigadeRepository]	[0]	Retrieved 1 brigades
2025-06-07T09:57:06.0670274+03:00	INFO	[ZAK.Components.Pages.SchedulePage.SchedulePage]	[0]	Initializing SchedulePage component
2025-06-07T09:57:06.0670871+03:00	INFO	[ZAK.DA.AddressRepository]	[0]	Getting all addresses
2025-06-07T09:57:06.0701463+03:00	INFO	[ZAK.Components.Pages.SchedulePage.BrigadeList]	[0]	Getting all brigades...
2025-06-07T09:57:06.0701860+03:00	INFO	[ZAK.DA.BrigadeRepository]	[0]	Getting all brigades
2025-06-07T09:57:06.0920449+03:00	INFO	[Microsoft.EntityFrameworkCore.Database.Command]	[Microsoft.EntityFrameworkCore.Database.Command.CommandExecuted]	Executed DbCommand (16ms) [Parameters=[], CommandType='Text', CommandTimeout='30']
SELECT `b`.`id`, `b`.`brigadeNumber`, `b`.`brigadeSlotsCount`, `s0`.`brigadeId`, `s0`.`scheduledTime`, `s0`.`applicationId`, `s0`.`id`, `s0`.`addresWasUpdated`, `s0`.`addressId`, `s0`.`day`, `s0`.`endHour`, `s0`.`firstPart`, `s0`.`freeCable`, `s0`.`ignored`, `s0`.`important`, `s0`.`inSchedule`, `s0`.`masterComment`, `s0`.`masterCommentWasUpdated`, `s0`.`maxDaysForConnection`, `s0`.`month`, `s0`.`operatorComment`, `s0`.`operatorCommentWasUpdated`, `s0`.`secondPart`, `s0`.`startHour`, `s0`.`statusWasChecked`, `s0`.`statusWasUpdated`, `s0`.`stretchingStatus`, `s0`.`tarChangeApp`, `s0`.`timeRangeIsSet`, `s0`.`urgent`, `s0`.`year`, `s0`.`Id0`, `s0`.`blackoutGroup`, `s0`.`building`, `s0`.`districtname`, `s0`.`equipmentAccess`, `s0`.`streetName`
FROM `brigades` AS `b`
LEFT JOIN (
    SELECT `s`.`brigadeId`, `s`.`scheduledTime`, `s`.`applicationId`, `a`.`id`, `a`.`addresWasUpdated`, `a`.`addressId`, `a`.`day`, `a`.`endHour`, `a`.`firstPart`, `a`.`freeCable`, `a`.`ignored`, `a`.`important`, `a`.`inSchedule`, `a`.`masterComment`, `a`.`masterCommentWasUpdated`, `a`.`maxDaysForConnection`, `a`.`month`, `a`.`operatorComment`, `a`.`operatorCommentWasUpdated`, `a`.`secondPart`, `a`.`startHour`, `a`.`statusWasChecked`, `a`.`statusWasUpdated`, `a`.`stretchingStatus`, `a`.`tarChangeApp`, `a`.`timeRangeIsSet`, `a`.`urgent`, `a`.`year`, `a0`.`Id` AS `Id0`, `a0`.`blackoutGroup`, `a0`.`building`, `a0`.`districtname`, `a0`.`equipmentAccess`, `a0`.`streetName`
    FROM `ScheduledApplicationModel` AS `s`
    INNER JOIN `applications` AS `a` ON `s`.`applicationId` = `a`.`id`
    LEFT JOIN `addresses` AS `a0` ON `a`.`addressId` = `a0`.`Id`
) AS `s0` ON `b`.`id` = `s0`.`brigadeId`
ORDER BY `b`.`id`, `s0`.`brigadeId`, `s0`.`scheduledTime`, `s0`.`id`
2025-06-07T09:57:06.0920978+03:00	INFO	[Microsoft.EntityFrameworkCore.Database.Command]	[Microsoft.EntityFrameworkCore.Database.Command.CommandExecuted]	Executed DbCommand (17ms) [Parameters=[], CommandType='Text', CommandTimeout='30']
SELECT `a`.`Id`, `a`.`blackoutGroup`, `a`.`building`, `a`.`districtname`, `a`.`equipmentAccess`, `a`.`streetName`, `a0`.`addressId`, `a0`.`buildingAlias`, `a0`.`streetAlias`, `a1`.`addressId`, `a1`.`priority`, `c`.`addressId`, `c`.`lat`, `c`.`lon`
FROM `addresses` AS `a`
LEFT JOIN `addressAliases` AS `a0` ON `a`.`Id` = `a0`.`addressId`
LEFT JOIN `addressPriorities` AS `a1` ON `a`.`Id` = `a1`.`addressId`
LEFT JOIN `coordinates` AS `c` ON `a`.`Id` = `c`.`addressId`
2025-06-07T09:57:06.0925469+03:00	INFO	[ZAK.DA.BrigadeRepository]	[0]	Retrieved 1 brigades
2025-06-07T09:57:06.1114257+03:00	INFO	[ZAK.DA.AddressRepository]	[0]	Retrieved 126 addresses
2025-06-07T09:57:07.2961229+03:00	INFO	[ZAK.DA.AddressRepository]	[0]	Getting all addresses
2025-06-07T09:57:07.3074730+03:00	INFO	[Microsoft.EntityFrameworkCore.Database.Command]	[Microsoft.EntityFrameworkCore.Database.Command.CommandExecuted]	Executed DbCommand (7ms) [Parameters=[], CommandType='Text', CommandTimeout='30']
SELECT `a`.`Id`, `a`.`blackoutGroup`, `a`.`building`, `a`.`districtname`, `a`.`equipmentAccess`, `a`.`streetName`, `a0`.`addressId`, `a0`.`buildingAlias`, `a0`.`streetAlias`, `a1`.`addressId`, `a1`.`priority`, `c`.`addressId`, `c`.`lat`, `c`.`lon`
FROM `addresses` AS `a`
LEFT JOIN `addressAliases` AS `a0` ON `a`.`Id` = `a0`.`addressId`
LEFT JOIN `addressPriorities` AS `a1` ON `a`.`Id` = `a1`.`addressId`
LEFT JOIN `coordinates` AS `c` ON `a`.`Id` = `c`.`addressId`
2025-06-07T09:57:07.3142371+03:00	INFO	[ZAK.DA.AddressRepository]	[0]	Retrieved 126 addresses
2025-06-07T09:57:08.9767629+03:00	INFO	[ZAK.Components.Pages.SchedulePage.BrigadeList]	[0]	Getting all brigades...
2025-06-07T09:57:08.9767986+03:00	INFO	[ZAK.DA.BrigadeRepository]	[0]	Getting all brigades
2025-06-07T09:57:08.9833930+03:00	INFO	[ZAK.Components.Pages.SchedulePage.MapComponentLeaflet]	[0]	MapComponentLeaflet is rendered for the first time
2025-06-07T09:57:08.9850391+03:00	INFO	[Microsoft.EntityFrameworkCore.Database.Command]	[Microsoft.EntityFrameworkCore.Database.Command.CommandExecuted]	Executed DbCommand (4ms) [Parameters=[], CommandType='Text', CommandTimeout='30']
SELECT `b`.`id`, `b`.`brigadeNumber`, `b`.`brigadeSlotsCount`, `s0`.`brigadeId`, `s0`.`scheduledTime`, `s0`.`applicationId`, `s0`.`id`, `s0`.`addresWasUpdated`, `s0`.`addressId`, `s0`.`day`, `s0`.`endHour`, `s0`.`firstPart`, `s0`.`freeCable`, `s0`.`ignored`, `s0`.`important`, `s0`.`inSchedule`, `s0`.`masterComment`, `s0`.`masterCommentWasUpdated`, `s0`.`maxDaysForConnection`, `s0`.`month`, `s0`.`operatorComment`, `s0`.`operatorCommentWasUpdated`, `s0`.`secondPart`, `s0`.`startHour`, `s0`.`statusWasChecked`, `s0`.`statusWasUpdated`, `s0`.`stretchingStatus`, `s0`.`tarChangeApp`, `s0`.`timeRangeIsSet`, `s0`.`urgent`, `s0`.`year`, `s0`.`Id0`, `s0`.`blackoutGroup`, `s0`.`building`, `s0`.`districtname`, `s0`.`equipmentAccess`, `s0`.`streetName`
FROM `brigades` AS `b`
LEFT JOIN (
    SELECT `s`.`brigadeId`, `s`.`scheduledTime`, `s`.`applicationId`, `a`.`id`, `a`.`addresWasUpdated`, `a`.`addressId`, `a`.`day`, `a`.`endHour`, `a`.`firstPart`, `a`.`freeCable`, `a`.`ignored`, `a`.`important`, `a`.`inSchedule`, `a`.`masterComment`, `a`.`masterCommentWasUpdated`, `a`.`maxDaysForConnection`, `a`.`month`, `a`.`operatorComment`, `a`.`operatorCommentWasUpdated`, `a`.`secondPart`, `a`.`startHour`, `a`.`statusWasChecked`, `a`.`statusWasUpdated`, `a`.`stretchingStatus`, `a`.`tarChangeApp`, `a`.`timeRangeIsSet`, `a`.`urgent`, `a`.`year`, `a0`.`Id` AS `Id0`, `a0`.`blackoutGroup`, `a0`.`building`, `a0`.`districtname`, `a0`.`equipmentAccess`, `a0`.`streetName`
    FROM `ScheduledApplicationModel` AS `s`
    INNER JOIN `applications` AS `a` ON `s`.`applicationId` = `a`.`id`
    LEFT JOIN `addresses` AS `a0` ON `a`.`addressId` = `a0`.`Id`
) AS `s0` ON `b`.`id` = `s0`.`brigadeId`
ORDER BY `b`.`id`, `s0`.`brigadeId`, `s0`.`scheduledTime`, `s0`.`id`
2025-06-07T09:57:08.9868532+03:00	INFO	[ZAK.DA.BrigadeRepository]	[0]	Retrieved 1 brigades
2025-06-07T09:57:09.0253997+03:00	INFO	[ZAK.Components.Pages.SchedulePage.MapComponentLeaflet]	[0]	MapComponentLeaflet is drawing paths
2025-06-07T09:57:09.0257755+03:00	INFO	[ZAK.MapRoutesManager.MapRoutesManager]	[0]	Populationg brigades with applications
2025-06-07T09:57:09.0260034+03:00	INFO	[ZAK.DA.BrigadeRepository]	[0]	Getting all brigades with scheduled application info
2025-06-07T09:57:09.0586827+03:00	INFO	[Microsoft.EntityFrameworkCore.Database.Command]	[Microsoft.EntityFrameworkCore.Database.Command.CommandExecuted]	Executed DbCommand (17ms) [Parameters=[], CommandType='Text', CommandTimeout='30']
SELECT `b`.`id`, `b`.`brigadeNumber`, `b`.`brigadeSlotsCount`, `s0`.`brigadeId`, `s0`.`scheduledTime`, `s0`.`applicationId`, `s0`.`id`, `s0`.`addresWasUpdated`, `s0`.`addressId`, `s0`.`day`, `s0`.`endHour`, `s0`.`firstPart`, `s0`.`freeCable`, `s0`.`ignored`, `s0`.`important`, `s0`.`inSchedule`, `s0`.`masterComment`, `s0`.`masterCommentWasUpdated`, `s0`.`maxDaysForConnection`, `s0`.`month`, `s0`.`operatorComment`, `s0`.`operatorCommentWasUpdated`, `s0`.`secondPart`, `s0`.`startHour`, `s0`.`statusWasChecked`, `s0`.`statusWasUpdated`, `s0`.`stretchingStatus`, `s0`.`tarChangeApp`, `s0`.`timeRangeIsSet`, `s0`.`urgent`, `s0`.`year`, `s0`.`Id0`, `s0`.`blackoutGroup`, `s0`.`building`, `s0`.`districtname`, `s0`.`equipmentAccess`, `s0`.`streetName`, `s0`.`addressId0`, `s0`.`lat`, `s0`.`lon`
FROM `brigades` AS `b`
LEFT JOIN (
    SELECT `s`.`brigadeId`, `s`.`scheduledTime`, `s`.`applicationId`, `a`.`id`, `a`.`addresWasUpdated`, `a`.`addressId`, `a`.`day`, `a`.`endHour`, `a`.`firstPart`, `a`.`freeCable`, `a`.`ignored`, `a`.`important`, `a`.`inSchedule`, `a`.`masterComment`, `a`.`masterCommentWasUpdated`, `a`.`maxDaysForConnection`, `a`.`month`, `a`.`operatorComment`, `a`.`operatorCommentWasUpdated`, `a`.`secondPart`, `a`.`startHour`, `a`.`statusWasChecked`, `a`.`statusWasUpdated`, `a`.`stretchingStatus`, `a`.`tarChangeApp`, `a`.`timeRangeIsSet`, `a`.`urgent`, `a`.`year`, `a0`.`Id` AS `Id0`, `a0`.`blackoutGroup`, `a0`.`building`, `a0`.`districtname`, `a0`.`equipmentAccess`, `a0`.`streetName`, `c`.`addressId` AS `addressId0`, `c`.`lat`, `c`.`lon`
    FROM `ScheduledApplicationModel` AS `s`
    INNER JOIN `applications` AS `a` ON `s`.`applicationId` = `a`.`id`
    LEFT JOIN `addresses` AS `a0` ON `a`.`addressId` = `a0`.`Id`
    LEFT JOIN `coordinates` AS `c` ON `a0`.`Id` = `c`.`addressId`
) AS `s0` ON `b`.`id` = `s0`.`brigadeId`
ORDER BY `b`.`id`, `s0`.`brigadeId`, `s0`.`scheduledTime`, `s0`.`id`, `s0`.`Id0`
2025-06-07T09:57:09.0595641+03:00	INFO	[ZAK.DA.BrigadeRepository]	[0]	Retrieved 1 brigades with scheduled application info
2025-06-07T09:57:09.0597577+03:00	INFO	[ZAK.MapRoutesManager.MapRoutesManager]	[0]	Calculating routes...
2025-06-07T09:57:10.1174449+03:00	INFO	[ZAK.Components.Pages.SchedulePage.MapComponentLeaflet]	[0]	MapComponentLeaflet is drawing paths
2025-06-07T09:57:10.5257886+03:00	INFO	[ZAK.Components.Pages.SchedulePage.MapComponentLeaflet]	[0]	MapComponentLeaflet is drawing markers
2025-06-07T09:57:10.5261200+03:00	INFO	[ZAK.DA.ApplicationRepository]	[0]	Getting all applications with ignoring
2025-06-07T09:57:10.5574056+03:00	INFO	[Microsoft.EntityFrameworkCore.Database.Command]	[Microsoft.EntityFrameworkCore.Database.Command.CommandExecuted]	Executed DbCommand (15ms) [Parameters=[], CommandType='Text', CommandTimeout='30']
SELECT `a`.`id`, `a`.`addresWasUpdated`, `a`.`addressId`, `a`.`day`, `a`.`endHour`, `a`.`firstPart`, `a`.`freeCable`, `a`.`ignored`, `a`.`important`, `a`.`inSchedule`, `a`.`masterComment`, `a`.`masterCommentWasUpdated`, `a`.`maxDaysForConnection`, `a`.`month`, `a`.`operatorComment`, `a`.`operatorCommentWasUpdated`, `a`.`secondPart`, `a`.`startHour`, `a`.`statusWasChecked`, `a`.`statusWasUpdated`, `a`.`stretchingStatus`, `a`.`tarChangeApp`, `a`.`timeRangeIsSet`, `a`.`urgent`, `a`.`year`, `a0`.`Id`, `a0`.`blackoutGroup`, `a0`.`building`, `a0`.`districtname`, `a0`.`equipmentAccess`, `a0`.`streetName`, `d`.`name`, `d`.`color`, `c`.`addressId`, `c`.`lat`, `c`.`lon`
FROM `applications` AS `a`
LEFT JOIN `addresses` AS `a0` ON `a`.`addressId` = `a0`.`Id`
LEFT JOIN `districts` AS `d` ON `a0`.`districtname` = `d`.`name`
LEFT JOIN `coordinates` AS `c` ON `a0`.`Id` = `c`.`addressId`
2025-06-07T09:57:10.5745470+03:00	INFO	[ZAK.DA.ApplicationRepository]	[0]	Retrieved 89 applications (not ignored)
2025-06-07T09:57:11.2862922+03:00	INFO	[ZAK.DA.ApplicationRepository]	[0]	Getting all applications
2025-06-07T09:57:11.3022495+03:00	INFO	[Microsoft.EntityFrameworkCore.Database.Command]	[Microsoft.EntityFrameworkCore.Database.Command.CommandExecuted]	Executed DbCommand (8ms) [Parameters=[], CommandType='Text', CommandTimeout='30']
SELECT `a`.`id`, `a`.`addresWasUpdated`, `a`.`addressId`, `a`.`day`, `a`.`endHour`, `a`.`firstPart`, `a`.`freeCable`, `a`.`ignored`, `a`.`important`, `a`.`inSchedule`, `a`.`masterComment`, `a`.`masterCommentWasUpdated`, `a`.`maxDaysForConnection`, `a`.`month`, `a`.`operatorComment`, `a`.`operatorCommentWasUpdated`, `a`.`secondPart`, `a`.`startHour`, `a`.`statusWasChecked`, `a`.`statusWasUpdated`, `a`.`stretchingStatus`, `a`.`tarChangeApp`, `a`.`timeRangeIsSet`, `a`.`urgent`, `a`.`year`, `a0`.`Id`, `a0`.`blackoutGroup`, `a0`.`building`, `a0`.`districtname`, `a0`.`equipmentAccess`, `a0`.`streetName`, `d`.`name`, `d`.`color`, `c`.`addressId`, `c`.`lat`, `c`.`lon`
FROM `applications` AS `a`
LEFT JOIN `addresses` AS `a0` ON `a`.`addressId` = `a0`.`Id`
LEFT JOIN `districts` AS `d` ON `a0`.`districtname` = `d`.`name`
LEFT JOIN `coordinates` AS `c` ON `a0`.`Id` = `c`.`addressId`
2025-06-07T09:57:11.3107857+03:00	INFO	[ZAK.DA.ApplicationRepository]	[0]	Retrieved 105 applications
2025-06-08T06:19:46.1629907+03:00	INFO	[Microsoft.Hosting.Lifetime]	[ListeningOnAddress]	Now listening on: http://localhost:5205
2025-06-08T06:19:46.1723705+03:00	INFO	[Microsoft.Hosting.Lifetime]	[0]	Application started. Press Ctrl+C to shut down.
2025-06-08T06:19:46.1733423+03:00	INFO	[Microsoft.Hosting.Lifetime]	[0]	Hosting environment: Development
2025-06-08T06:19:46.1734157+03:00	INFO	[Microsoft.Hosting.Lifetime]	[0]	Content root path: D:\C#_Projects\ZAK\ZAK3\ZAK\ZAK
2025-06-08T06:19:49.5731530+03:00	WARN	[Microsoft.AspNetCore.HttpsPolicy.HttpsRedirectionMiddleware]	[FailedToDeterminePort]	Failed to determine the https port for redirect.
2025-06-08T06:19:50.1455922+03:00	INFO	[ZAK.MapRoutesManager.MapRoutesManager]	[0]	Loading OSM data...
2025-06-08T06:20:01.1268870+03:00	INFO	[ZAK.Components.Pages.SchedulePage.SchedulePage]	[0]	Initializing SchedulePage component
2025-06-08T06:20:01.1536210+03:00	INFO	[ZAK.DA.AddressRepository]	[0]	Getting all addresses
2025-06-08T06:20:02.1189357+03:00	WARN	[Microsoft.EntityFrameworkCore.Model.Validation]	[Microsoft.EntityFrameworkCore.Infrastructure.SensitiveDataLoggingEnabledWarning]	Sensitive data logging is enabled. Log entries and exception messages may include sensitive application data; this mode should only be enabled during development.
2025-06-08T06:20:03.0815538+03:00	INFO	[ZAK.Components.Pages.SchedulePage.BrigadeList]	[0]	Getting all brigades...
2025-06-08T06:20:03.0843264+03:00	INFO	[ZAK.DA.BrigadeRepository]	[0]	Getting all brigades
2025-06-08T06:20:03.4789119+03:00	INFO	[Microsoft.EntityFrameworkCore.Database.Command]	[Microsoft.EntityFrameworkCore.Database.Command.CommandExecuted]	Executed DbCommand (55ms) [Parameters=[], CommandType='Text', CommandTimeout='30']
SELECT `b`.`id`, `b`.`brigadeNumber`, `b`.`brigadeSlotsCount`, `s0`.`brigadeId`, `s0`.`scheduledTime`, `s0`.`applicationId`, `s0`.`id`, `s0`.`addresWasUpdated`, `s0`.`addressId`, `s0`.`day`, `s0`.`endHour`, `s0`.`firstPart`, `s0`.`freeCable`, `s0`.`ignored`, `s0`.`important`, `s0`.`inSchedule`, `s0`.`masterComment`, `s0`.`masterCommentWasUpdated`, `s0`.`maxDaysForConnection`, `s0`.`month`, `s0`.`operatorComment`, `s0`.`operatorCommentWasUpdated`, `s0`.`secondPart`, `s0`.`startHour`, `s0`.`statusWasChecked`, `s0`.`statusWasUpdated`, `s0`.`stretchingStatus`, `s0`.`tarChangeApp`, `s0`.`timeRangeIsSet`, `s0`.`urgent`, `s0`.`year`, `s0`.`Id0`, `s0`.`blackoutGroup`, `s0`.`building`, `s0`.`districtname`, `s0`.`equipmentAccess`, `s0`.`streetName`
FROM `brigades` AS `b`
LEFT JOIN (
    SELECT `s`.`brigadeId`, `s`.`scheduledTime`, `s`.`applicationId`, `a`.`id`, `a`.`addresWasUpdated`, `a`.`addressId`, `a`.`day`, `a`.`endHour`, `a`.`firstPart`, `a`.`freeCable`, `a`.`ignored`, `a`.`important`, `a`.`inSchedule`, `a`.`masterComment`, `a`.`masterCommentWasUpdated`, `a`.`maxDaysForConnection`, `a`.`month`, `a`.`operatorComment`, `a`.`operatorCommentWasUpdated`, `a`.`secondPart`, `a`.`startHour`, `a`.`statusWasChecked`, `a`.`statusWasUpdated`, `a`.`stretchingStatus`, `a`.`tarChangeApp`, `a`.`timeRangeIsSet`, `a`.`urgent`, `a`.`year`, `a0`.`Id` AS `Id0`, `a0`.`blackoutGroup`, `a0`.`building`, `a0`.`districtname`, `a0`.`equipmentAccess`, `a0`.`streetName`
    FROM `ScheduledApplicationModel` AS `s`
    INNER JOIN `applications` AS `a` ON `s`.`applicationId` = `a`.`id`
    LEFT JOIN `addresses` AS `a0` ON `a`.`addressId` = `a0`.`Id`
) AS `s0` ON `b`.`id` = `s0`.`brigadeId`
ORDER BY `b`.`id`, `s0`.`brigadeId`, `s0`.`scheduledTime`, `s0`.`id`
2025-06-08T06:20:03.4789132+03:00	INFO	[Microsoft.EntityFrameworkCore.Database.Command]	[Microsoft.EntityFrameworkCore.Database.Command.CommandExecuted]	Executed DbCommand (55ms) [Parameters=[], CommandType='Text', CommandTimeout='30']
SELECT `a`.`Id`, `a`.`blackoutGroup`, `a`.`building`, `a`.`districtname`, `a`.`equipmentAccess`, `a`.`streetName`, `a0`.`addressId`, `a0`.`buildingAlias`, `a0`.`streetAlias`, `a1`.`addressId`, `a1`.`priority`, `c`.`addressId`, `c`.`lat`, `c`.`lon`
FROM `addresses` AS `a`
LEFT JOIN `addressAliases` AS `a0` ON `a`.`Id` = `a0`.`addressId`
LEFT JOIN `addressPriorities` AS `a1` ON `a`.`Id` = `a1`.`addressId`
LEFT JOIN `coordinates` AS `c` ON `a`.`Id` = `c`.`addressId`
2025-06-08T06:20:03.6050157+03:00	INFO	[ZAK.DA.BrigadeRepository]	[0]	Retrieved 1 brigades
2025-06-08T06:20:04.0704333+03:00	INFO	[ZAK.DA.AddressRepository]	[0]	Retrieved 126 addresses
2025-06-08T06:20:04.8046295+03:00	INFO	[ZAK.DA.AddressRepository]	[0]	Getting all addresses
2025-06-08T06:20:04.9752551+03:00	INFO	[Microsoft.EntityFrameworkCore.Database.Command]	[Microsoft.EntityFrameworkCore.Database.Command.CommandExecuted]	Executed DbCommand (10ms) [Parameters=[], CommandType='Text', CommandTimeout='30']
SELECT `a`.`Id`, `a`.`blackoutGroup`, `a`.`building`, `a`.`districtname`, `a`.`equipmentAccess`, `a`.`streetName`, `a0`.`addressId`, `a0`.`buildingAlias`, `a0`.`streetAlias`, `a1`.`addressId`, `a1`.`priority`, `c`.`addressId`, `c`.`lat`, `c`.`lon`
FROM `addresses` AS `a`
LEFT JOIN `addressAliases` AS `a0` ON `a`.`Id` = `a0`.`addressId`
LEFT JOIN `addressPriorities` AS `a1` ON `a`.`Id` = `a1`.`addressId`
LEFT JOIN `coordinates` AS `c` ON `a`.`Id` = `c`.`addressId`
2025-06-08T06:20:05.0028802+03:00	INFO	[ZAK.DA.AddressRepository]	[0]	Retrieved 126 addresses
2025-06-08T06:20:05.8019529+03:00	INFO	[ZAK.Components.Pages.SchedulePage.BrigadeList]	[0]	Getting all brigades...
2025-06-08T06:20:05.8021126+03:00	INFO	[ZAK.DA.BrigadeRepository]	[0]	Getting all brigades
2025-06-08T06:20:05.8143939+03:00	INFO	[Microsoft.EntityFrameworkCore.Database.Command]	[Microsoft.EntityFrameworkCore.Database.Command.CommandExecuted]	Executed DbCommand (4ms) [Parameters=[], CommandType='Text', CommandTimeout='30']
SELECT `b`.`id`, `b`.`brigadeNumber`, `b`.`brigadeSlotsCount`, `s0`.`brigadeId`, `s0`.`scheduledTime`, `s0`.`applicationId`, `s0`.`id`, `s0`.`addresWasUpdated`, `s0`.`addressId`, `s0`.`day`, `s0`.`endHour`, `s0`.`firstPart`, `s0`.`freeCable`, `s0`.`ignored`, `s0`.`important`, `s0`.`inSchedule`, `s0`.`masterComment`, `s0`.`masterCommentWasUpdated`, `s0`.`maxDaysForConnection`, `s0`.`month`, `s0`.`operatorComment`, `s0`.`operatorCommentWasUpdated`, `s0`.`secondPart`, `s0`.`startHour`, `s0`.`statusWasChecked`, `s0`.`statusWasUpdated`, `s0`.`stretchingStatus`, `s0`.`tarChangeApp`, `s0`.`timeRangeIsSet`, `s0`.`urgent`, `s0`.`year`, `s0`.`Id0`, `s0`.`blackoutGroup`, `s0`.`building`, `s0`.`districtname`, `s0`.`equipmentAccess`, `s0`.`streetName`
FROM `brigades` AS `b`
LEFT JOIN (
    SELECT `s`.`brigadeId`, `s`.`scheduledTime`, `s`.`applicationId`, `a`.`id`, `a`.`addresWasUpdated`, `a`.`addressId`, `a`.`day`, `a`.`endHour`, `a`.`firstPart`, `a`.`freeCable`, `a`.`ignored`, `a`.`important`, `a`.`inSchedule`, `a`.`masterComment`, `a`.`masterCommentWasUpdated`, `a`.`maxDaysForConnection`, `a`.`month`, `a`.`operatorComment`, `a`.`operatorCommentWasUpdated`, `a`.`secondPart`, `a`.`startHour`, `a`.`statusWasChecked`, `a`.`statusWasUpdated`, `a`.`stretchingStatus`, `a`.`tarChangeApp`, `a`.`timeRangeIsSet`, `a`.`urgent`, `a`.`year`, `a0`.`Id` AS `Id0`, `a0`.`blackoutGroup`, `a0`.`building`, `a0`.`districtname`, `a0`.`equipmentAccess`, `a0`.`streetName`
    FROM `ScheduledApplicationModel` AS `s`
    INNER JOIN `applications` AS `a` ON `s`.`applicationId` = `a`.`id`
    LEFT JOIN `addresses` AS `a0` ON `a`.`addressId` = `a0`.`Id`
) AS `s0` ON `b`.`id` = `s0`.`brigadeId`
ORDER BY `b`.`id`, `s0`.`brigadeId`, `s0`.`scheduledTime`, `s0`.`id`
2025-06-08T06:20:05.8241734+03:00	INFO	[ZAK.DA.BrigadeRepository]	[0]	Retrieved 1 brigades
2025-06-08T06:20:06.2318390+03:00	INFO	[ZAK.Components.Pages.SchedulePage.SchedulePage]	[0]	Initializing SchedulePage component
2025-06-08T06:20:06.2320511+03:00	INFO	[ZAK.DA.AddressRepository]	[0]	Getting all addresses
2025-06-08T06:20:06.2357729+03:00	INFO	[ZAK.Components.Pages.SchedulePage.BrigadeList]	[0]	Getting all brigades...
2025-06-08T06:20:06.2358088+03:00	INFO	[ZAK.DA.BrigadeRepository]	[0]	Getting all brigades
2025-06-08T06:20:06.2418920+03:00	INFO	[Microsoft.EntityFrameworkCore.Database.Command]	[Microsoft.EntityFrameworkCore.Database.Command.CommandExecuted]	Executed DbCommand (6ms) [Parameters=[], CommandType='Text', CommandTimeout='30']
SELECT `a`.`Id`, `a`.`blackoutGroup`, `a`.`building`, `a`.`districtname`, `a`.`equipmentAccess`, `a`.`streetName`, `a0`.`addressId`, `a0`.`buildingAlias`, `a0`.`streetAlias`, `a1`.`addressId`, `a1`.`priority`, `c`.`addressId`, `c`.`lat`, `c`.`lon`
FROM `addresses` AS `a`
LEFT JOIN `addressAliases` AS `a0` ON `a`.`Id` = `a0`.`addressId`
LEFT JOIN `addressPriorities` AS `a1` ON `a`.`Id` = `a1`.`addressId`
LEFT JOIN `coordinates` AS `c` ON `a`.`Id` = `c`.`addressId`
2025-06-08T06:20:06.3907105+03:00	INFO	[Microsoft.EntityFrameworkCore.Database.Command]	[Microsoft.EntityFrameworkCore.Database.Command.CommandExecuted]	Executed DbCommand (151ms) [Parameters=[], CommandType='Text', CommandTimeout='30']
SELECT `b`.`id`, `b`.`brigadeNumber`, `b`.`brigadeSlotsCount`, `s0`.`brigadeId`, `s0`.`scheduledTime`, `s0`.`applicationId`, `s0`.`id`, `s0`.`addresWasUpdated`, `s0`.`addressId`, `s0`.`day`, `s0`.`endHour`, `s0`.`firstPart`, `s0`.`freeCable`, `s0`.`ignored`, `s0`.`important`, `s0`.`inSchedule`, `s0`.`masterComment`, `s0`.`masterCommentWasUpdated`, `s0`.`maxDaysForConnection`, `s0`.`month`, `s0`.`operatorComment`, `s0`.`operatorCommentWasUpdated`, `s0`.`secondPart`, `s0`.`startHour`, `s0`.`statusWasChecked`, `s0`.`statusWasUpdated`, `s0`.`stretchingStatus`, `s0`.`tarChangeApp`, `s0`.`timeRangeIsSet`, `s0`.`urgent`, `s0`.`year`, `s0`.`Id0`, `s0`.`blackoutGroup`, `s0`.`building`, `s0`.`districtname`, `s0`.`equipmentAccess`, `s0`.`streetName`
FROM `brigades` AS `b`
LEFT JOIN (
    SELECT `s`.`brigadeId`, `s`.`scheduledTime`, `s`.`applicationId`, `a`.`id`, `a`.`addresWasUpdated`, `a`.`addressId`, `a`.`day`, `a`.`endHour`, `a`.`firstPart`, `a`.`freeCable`, `a`.`ignored`, `a`.`important`, `a`.`inSchedule`, `a`.`masterComment`, `a`.`masterCommentWasUpdated`, `a`.`maxDaysForConnection`, `a`.`month`, `a`.`operatorComment`, `a`.`operatorCommentWasUpdated`, `a`.`secondPart`, `a`.`startHour`, `a`.`statusWasChecked`, `a`.`statusWasUpdated`, `a`.`stretchingStatus`, `a`.`tarChangeApp`, `a`.`timeRangeIsSet`, `a`.`urgent`, `a`.`year`, `a0`.`Id` AS `Id0`, `a0`.`blackoutGroup`, `a0`.`building`, `a0`.`districtname`, `a0`.`equipmentAccess`, `a0`.`streetName`
    FROM `ScheduledApplicationModel` AS `s`
    INNER JOIN `applications` AS `a` ON `s`.`applicationId` = `a`.`id`
    LEFT JOIN `addresses` AS `a0` ON `a`.`addressId` = `a0`.`Id`
) AS `s0` ON `b`.`id` = `s0`.`brigadeId`
ORDER BY `b`.`id`, `s0`.`brigadeId`, `s0`.`scheduledTime`, `s0`.`id`
2025-06-08T06:20:06.4030881+03:00	INFO	[ZAK.DA.BrigadeRepository]	[0]	Retrieved 1 brigades
2025-06-08T06:20:06.4108611+03:00	INFO	[ZAK.DA.AddressRepository]	[0]	Retrieved 126 addresses
2025-06-08T06:20:06.9811128+03:00	INFO	[ZAK.DA.AddressRepository]	[0]	Getting all addresses
2025-06-08T06:20:06.9981327+03:00	INFO	[Microsoft.EntityFrameworkCore.Database.Command]	[Microsoft.EntityFrameworkCore.Database.Command.CommandExecuted]	Executed DbCommand (14ms) [Parameters=[], CommandType='Text', CommandTimeout='30']
SELECT `a`.`Id`, `a`.`blackoutGroup`, `a`.`building`, `a`.`districtname`, `a`.`equipmentAccess`, `a`.`streetName`, `a0`.`addressId`, `a0`.`buildingAlias`, `a0`.`streetAlias`, `a1`.`addressId`, `a1`.`priority`, `c`.`addressId`, `c`.`lat`, `c`.`lon`
FROM `addresses` AS `a`
LEFT JOIN `addressAliases` AS `a0` ON `a`.`Id` = `a0`.`addressId`
LEFT JOIN `addressPriorities` AS `a1` ON `a`.`Id` = `a1`.`addressId`
LEFT JOIN `coordinates` AS `c` ON `a`.`Id` = `c`.`addressId`
2025-06-08T06:20:07.0144326+03:00	INFO	[ZAK.DA.AddressRepository]	[0]	Retrieved 126 addresses
2025-06-08T06:20:07.4800453+03:00	INFO	[ZAK.Components.Pages.SchedulePage.BrigadeList]	[0]	Getting all brigades...
2025-06-08T06:20:07.4800862+03:00	INFO	[ZAK.DA.BrigadeRepository]	[0]	Getting all brigades
2025-06-08T06:20:07.4883205+03:00	INFO	[ZAK.Components.Pages.SchedulePage.MapComponentLeaflet]	[0]	MapComponentLeaflet is rendered for the first time
2025-06-08T06:20:07.4897344+03:00	INFO	[Microsoft.EntityFrameworkCore.Database.Command]	[Microsoft.EntityFrameworkCore.Database.Command.CommandExecuted]	Executed DbCommand (6ms) [Parameters=[], CommandType='Text', CommandTimeout='30']
SELECT `b`.`id`, `b`.`brigadeNumber`, `b`.`brigadeSlotsCount`, `s0`.`brigadeId`, `s0`.`scheduledTime`, `s0`.`applicationId`, `s0`.`id`, `s0`.`addresWasUpdated`, `s0`.`addressId`, `s0`.`day`, `s0`.`endHour`, `s0`.`firstPart`, `s0`.`freeCable`, `s0`.`ignored`, `s0`.`important`, `s0`.`inSchedule`, `s0`.`masterComment`, `s0`.`masterCommentWasUpdated`, `s0`.`maxDaysForConnection`, `s0`.`month`, `s0`.`operatorComment`, `s0`.`operatorCommentWasUpdated`, `s0`.`secondPart`, `s0`.`startHour`, `s0`.`statusWasChecked`, `s0`.`statusWasUpdated`, `s0`.`stretchingStatus`, `s0`.`tarChangeApp`, `s0`.`timeRangeIsSet`, `s0`.`urgent`, `s0`.`year`, `s0`.`Id0`, `s0`.`blackoutGroup`, `s0`.`building`, `s0`.`districtname`, `s0`.`equipmentAccess`, `s0`.`streetName`
FROM `brigades` AS `b`
LEFT JOIN (
    SELECT `s`.`brigadeId`, `s`.`scheduledTime`, `s`.`applicationId`, `a`.`id`, `a`.`addresWasUpdated`, `a`.`addressId`, `a`.`day`, `a`.`endHour`, `a`.`firstPart`, `a`.`freeCable`, `a`.`ignored`, `a`.`important`, `a`.`inSchedule`, `a`.`masterComment`, `a`.`masterCommentWasUpdated`, `a`.`maxDaysForConnection`, `a`.`month`, `a`.`operatorComment`, `a`.`operatorCommentWasUpdated`, `a`.`secondPart`, `a`.`startHour`, `a`.`statusWasChecked`, `a`.`statusWasUpdated`, `a`.`stretchingStatus`, `a`.`tarChangeApp`, `a`.`timeRangeIsSet`, `a`.`urgent`, `a`.`year`, `a0`.`Id` AS `Id0`, `a0`.`blackoutGroup`, `a0`.`building`, `a0`.`districtname`, `a0`.`equipmentAccess`, `a0`.`streetName`
    FROM `ScheduledApplicationModel` AS `s`
    INNER JOIN `applications` AS `a` ON `s`.`applicationId` = `a`.`id`
    LEFT JOIN `addresses` AS `a0` ON `a`.`addressId` = `a0`.`Id`
) AS `s0` ON `b`.`id` = `s0`.`brigadeId`
ORDER BY `b`.`id`, `s0`.`brigadeId`, `s0`.`scheduledTime`, `s0`.`id`
2025-06-08T06:20:07.4908696+03:00	INFO	[ZAK.DA.BrigadeRepository]	[0]	Retrieved 1 brigades
2025-06-08T06:20:07.5612115+03:00	INFO	[ZAK.Components.Pages.SchedulePage.MapComponentLeaflet]	[0]	MapComponentLeaflet is drawing paths
2025-06-08T06:20:07.5691311+03:00	INFO	[ZAK.MapRoutesManager.MapRoutesManager]	[0]	Populationg brigades with applications
2025-06-08T06:20:07.5732989+03:00	INFO	[ZAK.DA.BrigadeRepository]	[0]	Getting all brigades with scheduled application info
2025-06-08T06:20:07.6822468+03:00	INFO	[Microsoft.EntityFrameworkCore.Database.Command]	[Microsoft.EntityFrameworkCore.Database.Command.CommandExecuted]	Executed DbCommand (5ms) [Parameters=[], CommandType='Text', CommandTimeout='30']
SELECT `b`.`id`, `b`.`brigadeNumber`, `b`.`brigadeSlotsCount`, `s0`.`brigadeId`, `s0`.`scheduledTime`, `s0`.`applicationId`, `s0`.`id`, `s0`.`addresWasUpdated`, `s0`.`addressId`, `s0`.`day`, `s0`.`endHour`, `s0`.`firstPart`, `s0`.`freeCable`, `s0`.`ignored`, `s0`.`important`, `s0`.`inSchedule`, `s0`.`masterComment`, `s0`.`masterCommentWasUpdated`, `s0`.`maxDaysForConnection`, `s0`.`month`, `s0`.`operatorComment`, `s0`.`operatorCommentWasUpdated`, `s0`.`secondPart`, `s0`.`startHour`, `s0`.`statusWasChecked`, `s0`.`statusWasUpdated`, `s0`.`stretchingStatus`, `s0`.`tarChangeApp`, `s0`.`timeRangeIsSet`, `s0`.`urgent`, `s0`.`year`, `s0`.`Id0`, `s0`.`blackoutGroup`, `s0`.`building`, `s0`.`districtname`, `s0`.`equipmentAccess`, `s0`.`streetName`, `s0`.`addressId0`, `s0`.`lat`, `s0`.`lon`
FROM `brigades` AS `b`
LEFT JOIN (
    SELECT `s`.`brigadeId`, `s`.`scheduledTime`, `s`.`applicationId`, `a`.`id`, `a`.`addresWasUpdated`, `a`.`addressId`, `a`.`day`, `a`.`endHour`, `a`.`firstPart`, `a`.`freeCable`, `a`.`ignored`, `a`.`important`, `a`.`inSchedule`, `a`.`masterComment`, `a`.`masterCommentWasUpdated`, `a`.`maxDaysForConnection`, `a`.`month`, `a`.`operatorComment`, `a`.`operatorCommentWasUpdated`, `a`.`secondPart`, `a`.`startHour`, `a`.`statusWasChecked`, `a`.`statusWasUpdated`, `a`.`stretchingStatus`, `a`.`tarChangeApp`, `a`.`timeRangeIsSet`, `a`.`urgent`, `a`.`year`, `a0`.`Id` AS `Id0`, `a0`.`blackoutGroup`, `a0`.`building`, `a0`.`districtname`, `a0`.`equipmentAccess`, `a0`.`streetName`, `c`.`addressId` AS `addressId0`, `c`.`lat`, `c`.`lon`
    FROM `ScheduledApplicationModel` AS `s`
    INNER JOIN `applications` AS `a` ON `s`.`applicationId` = `a`.`id`
    LEFT JOIN `addresses` AS `a0` ON `a`.`addressId` = `a0`.`Id`
    LEFT JOIN `coordinates` AS `c` ON `a0`.`Id` = `c`.`addressId`
) AS `s0` ON `b`.`id` = `s0`.`brigadeId`
ORDER BY `b`.`id`, `s0`.`brigadeId`, `s0`.`scheduledTime`, `s0`.`id`, `s0`.`Id0`
2025-06-08T06:20:07.6928334+03:00	INFO	[ZAK.DA.BrigadeRepository]	[0]	Retrieved 1 brigades with scheduled application info
2025-06-08T06:20:07.6939564+03:00	INFO	[ZAK.MapRoutesManager.MapRoutesManager]	[0]	Calculating routes...
2025-06-08T06:20:08.6042671+03:00	INFO	[ZAK.Components.Pages.SchedulePage.MapComponentLeaflet]	[0]	MapComponentLeaflet is drawing paths
2025-06-08T06:20:08.8229247+03:00	INFO	[ZAK.Components.Pages.SchedulePage.MapComponentLeaflet]	[0]	MapComponentLeaflet is drawing markers
2025-06-08T06:20:08.8272156+03:00	INFO	[ZAK.DA.ApplicationRepository]	[0]	Getting all applications with ignoring
2025-06-08T06:20:08.8695649+03:00	INFO	[Microsoft.EntityFrameworkCore.Database.Command]	[Microsoft.EntityFrameworkCore.Database.Command.CommandExecuted]	Executed DbCommand (12ms) [Parameters=[], CommandType='Text', CommandTimeout='30']
SELECT `a`.`id`, `a`.`addresWasUpdated`, `a`.`addressId`, `a`.`day`, `a`.`endHour`, `a`.`firstPart`, `a`.`freeCable`, `a`.`ignored`, `a`.`important`, `a`.`inSchedule`, `a`.`masterComment`, `a`.`masterCommentWasUpdated`, `a`.`maxDaysForConnection`, `a`.`month`, `a`.`operatorComment`, `a`.`operatorCommentWasUpdated`, `a`.`secondPart`, `a`.`startHour`, `a`.`statusWasChecked`, `a`.`statusWasUpdated`, `a`.`stretchingStatus`, `a`.`tarChangeApp`, `a`.`timeRangeIsSet`, `a`.`urgent`, `a`.`year`, `a0`.`Id`, `a0`.`blackoutGroup`, `a0`.`building`, `a0`.`districtname`, `a0`.`equipmentAccess`, `a0`.`streetName`, `d`.`name`, `d`.`color`, `c`.`addressId`, `c`.`lat`, `c`.`lon`
FROM `applications` AS `a`
LEFT JOIN `addresses` AS `a0` ON `a`.`addressId` = `a0`.`Id`
LEFT JOIN `districts` AS `d` ON `a0`.`districtname` = `d`.`name`
LEFT JOIN `coordinates` AS `c` ON `a0`.`Id` = `c`.`addressId`
2025-06-08T06:20:08.8732896+03:00	INFO	[ZAK.DA.ApplicationRepository]	[0]	Getting all applications
2025-06-08T06:20:08.8842837+03:00	INFO	[Microsoft.EntityFrameworkCore.Database.Command]	[Microsoft.EntityFrameworkCore.Database.Command.CommandExecuted]	Executed DbCommand (7ms) [Parameters=[], CommandType='Text', CommandTimeout='30']
SELECT `a`.`id`, `a`.`addresWasUpdated`, `a`.`addressId`, `a`.`day`, `a`.`endHour`, `a`.`firstPart`, `a`.`freeCable`, `a`.`ignored`, `a`.`important`, `a`.`inSchedule`, `a`.`masterComment`, `a`.`masterCommentWasUpdated`, `a`.`maxDaysForConnection`, `a`.`month`, `a`.`operatorComment`, `a`.`operatorCommentWasUpdated`, `a`.`secondPart`, `a`.`startHour`, `a`.`statusWasChecked`, `a`.`statusWasUpdated`, `a`.`stretchingStatus`, `a`.`tarChangeApp`, `a`.`timeRangeIsSet`, `a`.`urgent`, `a`.`year`, `a0`.`Id`, `a0`.`blackoutGroup`, `a0`.`building`, `a0`.`districtname`, `a0`.`equipmentAccess`, `a0`.`streetName`, `d`.`name`, `d`.`color`, `c`.`addressId`, `c`.`lat`, `c`.`lon`
FROM `applications` AS `a`
LEFT JOIN `addresses` AS `a0` ON `a`.`addressId` = `a0`.`Id`
LEFT JOIN `districts` AS `d` ON `a0`.`districtname` = `d`.`name`
LEFT JOIN `coordinates` AS `c` ON `a0`.`Id` = `c`.`addressId`
2025-06-08T06:20:08.8936363+03:00	INFO	[ZAK.DA.ApplicationRepository]	[0]	Retrieved 89 applications (not ignored)
2025-06-08T06:20:08.9203635+03:00	INFO	[ZAK.DA.ApplicationRepository]	[0]	Retrieved 105 applications
2025-06-08T06:20:08.9969479+03:00	WARN	[Microsoft.AspNetCore.Components.Server.Circuits.RemoteRenderer]	[ExceptionRenderingComponent]	Unhandled exception rendering component: Value cannot be null. (Parameter 'accessor')System.ArgumentNullException: Value cannot be null. (Parameter 'accessor')
   at System.ArgumentNullException.Throw(String paramName)
   at System.ArgumentNullException.ThrowIfNull(Object argument, String paramName)
   at Microsoft.AspNetCore.Components.Forms.FieldIdentifier.Create[TField](Expression`1 accessor)
   at BlazorBootstrap.Switch.OnInitializedAsync()
   at Microsoft.AspNetCore.Components.ComponentBase.RunInitAndSetParametersAsync()

2025-06-08T06:20:09.0076836+03:00	FAIL	[Microsoft.AspNetCore.Components.Server.Circuits.CircuitHost]	[CircuitUnhandledException]	Unhandled exception in circuit 'nhkO1VV3B15iDeYA-JhtJsXvtE92o7BpdTr-jlovFTQ'.System.ArgumentNullException: Value cannot be null. (Parameter 'accessor')
   at System.ArgumentNullException.Throw(String paramName)
   at System.ArgumentNullException.ThrowIfNull(Object argument, String paramName)
   at Microsoft.AspNetCore.Components.Forms.FieldIdentifier.Create[TField](Expression`1 accessor)
   at BlazorBootstrap.Switch.OnInitializedAsync()
   at Microsoft.AspNetCore.Components.ComponentBase.RunInitAndSetParametersAsync()

2025-06-08T06:20:09.0263403+03:00	WARN	[Microsoft.AspNetCore.Components.Server.Circuits.RemoteRenderer]	[ExceptionRenderingComponent]	Unhandled exception rendering component: Cannot access a disposed object.System.ObjectDisposedException: Cannot access a disposed object.
   at Microsoft.AspNetCore.Components.RenderTree.ArrayBuilder`1.GrowBuffer(Int32 desiredCapacity)
   at Microsoft.AspNetCore.Components.RenderTree.RenderTreeDiffBuilder.InsertNewFrame(DiffContext& diffContext, Int32 newFrameIndex)
   at Microsoft.AspNetCore.Components.RenderTree.RenderTreeDiffBuilder.AppendDiffEntriesForRange(DiffContext& diffContext, Int32 oldStartIndex, Int32 oldEndIndexExcl, Int32 newStartIndex, Int32 newEndIndexExcl)
   at Microsoft.AspNetCore.Components.RenderTree.RenderTreeDiffBuilder.ComputeDiff(Renderer renderer, RenderBatchBuilder batchBuilder, Int32 componentId, ArrayRange`1 oldTree, ArrayRange`1 newTree)
   at Microsoft.AspNetCore.Components.Rendering.ComponentState.RenderIntoBatch(RenderBatchBuilder batchBuilder, RenderFragment renderFragment, Exception& renderFragmentException)
   at Microsoft.AspNetCore.Components.RenderTree.Renderer.RenderInExistingBatch(RenderQueueEntry renderQueueEntry)
   at Microsoft.AspNetCore.Components.RenderTree.Renderer.ProcessRenderQueue()

2025-06-08T06:20:09.0267138+03:00	FAIL	[Microsoft.AspNetCore.Components.Server.Circuits.CircuitHost]	[CircuitUnhandledException]	Unhandled exception in circuit 'nhkO1VV3B15iDeYA-JhtJsXvtE92o7BpdTr-jlovFTQ'.System.ObjectDisposedException: Cannot access a disposed object.
   at Microsoft.AspNetCore.Components.RenderTree.ArrayBuilder`1.GrowBuffer(Int32 desiredCapacity)
   at Microsoft.AspNetCore.Components.RenderTree.RenderTreeDiffBuilder.InsertNewFrame(DiffContext& diffContext, Int32 newFrameIndex)
   at Microsoft.AspNetCore.Components.RenderTree.RenderTreeDiffBuilder.AppendDiffEntriesForRange(DiffContext& diffContext, Int32 oldStartIndex, Int32 oldEndIndexExcl, Int32 newStartIndex, Int32 newEndIndexExcl)
   at Microsoft.AspNetCore.Components.RenderTree.RenderTreeDiffBuilder.ComputeDiff(Renderer renderer, RenderBatchBuilder batchBuilder, Int32 componentId, ArrayRange`1 oldTree, ArrayRange`1 newTree)
   at Microsoft.AspNetCore.Components.Rendering.ComponentState.RenderIntoBatch(RenderBatchBuilder batchBuilder, RenderFragment renderFragment, Exception& renderFragmentException)
   at Microsoft.AspNetCore.Components.RenderTree.Renderer.RenderInExistingBatch(RenderQueueEntry renderQueueEntry)
   at Microsoft.AspNetCore.Components.RenderTree.Renderer.ProcessRenderQueue()

2025-06-08T06:20:09.6171866+03:00	WARN	[Microsoft.AspNetCore.Components.Server.Circuits.RemoteRenderer]	[ExceptionRenderingComponent]	Unhandled exception rendering component: JavaScript interop calls cannot be issued at this time. This is because the circuit has disconnected and is being disposed.Microsoft.JSInterop.JSDisconnectedException: JavaScript interop calls cannot be issued at this time. This is because the circuit has disconnected and is being disposed.
   at Microsoft.AspNetCore.Components.Server.Circuits.RemoteJSRuntime.BeginInvokeJS(Int64 asyncHandle, String identifier, String argsJson, JSCallResultType resultType, Int64 targetInstanceId)
   at Microsoft.JSInterop.JSRuntime.InvokeAsync[TValue](Int64 targetInstanceId, String identifier, CancellationToken cancellationToken, Object[] args)
   at Microsoft.JSInterop.JSRuntime.InvokeAsync[TValue](Int64 targetInstanceId, String identifier, Object[] args)
   at Microsoft.JSInterop.JSRuntimeExtensions.InvokeVoidAsync(IJSRuntime jsRuntime, String identifier, Object[] args)
   at ZAK.Components.Pages.SchedulePage.MapComponentLeaflet.DrawMarkers() in d:\C#_Projects\ZAK\ZAK3\ZAK\ZAK\Components\Pages\SchedulePage\MapComponentLeaflet.razor:line 103
   at ZAK.Components.Pages.SchedulePage.MapComponentLeaflet.OnAfterRenderAsync(Boolean firstRender) in d:\C#_Projects\ZAK\ZAK3\ZAK\ZAK\Components\Pages\SchedulePage\MapComponentLeaflet.razor:line 74
   at Microsoft.AspNetCore.Components.RenderTree.Renderer.GetErrorHandledTask(Task taskToHandle, ComponentState owningComponentState)

2025-06-08T06:20:09.6181143+03:00	FAIL	[Microsoft.AspNetCore.Components.Server.Circuits.CircuitHost]	[CircuitUnhandledException]	Unhandled exception in circuit 'nhkO1VV3B15iDeYA-JhtJsXvtE92o7BpdTr-jlovFTQ'.Microsoft.JSInterop.JSDisconnectedException: JavaScript interop calls cannot be issued at this time. This is because the circuit has disconnected and is being disposed.
   at Microsoft.AspNetCore.Components.Server.Circuits.RemoteJSRuntime.BeginInvokeJS(Int64 asyncHandle, String identifier, String argsJson, JSCallResultType resultType, Int64 targetInstanceId)
   at Microsoft.JSInterop.JSRuntime.InvokeAsync[TValue](Int64 targetInstanceId, String identifier, CancellationToken cancellationToken, Object[] args)
   at Microsoft.JSInterop.JSRuntime.InvokeAsync[TValue](Int64 targetInstanceId, String identifier, Object[] args)
   at Microsoft.JSInterop.JSRuntimeExtensions.InvokeVoidAsync(IJSRuntime jsRuntime, String identifier, Object[] args)
   at ZAK.Components.Pages.SchedulePage.MapComponentLeaflet.DrawMarkers() in d:\C#_Projects\ZAK\ZAK3\ZAK\ZAK\Components\Pages\SchedulePage\MapComponentLeaflet.razor:line 103
   at ZAK.Components.Pages.SchedulePage.MapComponentLeaflet.OnAfterRenderAsync(Boolean firstRender) in d:\C#_Projects\ZAK\ZAK3\ZAK\ZAK\Components\Pages\SchedulePage\MapComponentLeaflet.razor:line 74
   at Microsoft.AspNetCore.Components.RenderTree.Renderer.GetErrorHandledTask(Task taskToHandle, ComponentState owningComponentState)

2025-06-08T06:21:31.7221775+03:00	INFO	[Microsoft.Hosting.Lifetime]	[ListeningOnAddress]	Now listening on: http://localhost:5205
2025-06-08T06:21:31.7309976+03:00	INFO	[Microsoft.Hosting.Lifetime]	[0]	Application started. Press Ctrl+C to shut down.
2025-06-08T06:21:31.7320357+03:00	INFO	[Microsoft.Hosting.Lifetime]	[0]	Hosting environment: Development
2025-06-08T06:21:31.7320990+03:00	INFO	[Microsoft.Hosting.Lifetime]	[0]	Content root path: D:\C#_Projects\ZAK\ZAK3\ZAK\ZAK
2025-06-08T06:21:33.8309207+03:00	WARN	[Microsoft.AspNetCore.HttpsPolicy.HttpsRedirectionMiddleware]	[FailedToDeterminePort]	Failed to determine the https port for redirect.
2025-06-08T06:21:34.4610661+03:00	INFO	[ZAK.MapRoutesManager.MapRoutesManager]	[0]	Loading OSM data...
2025-06-08T06:21:43.0416957+03:00	INFO	[ZAK.Components.Pages.SchedulePage.SchedulePage]	[0]	Initializing SchedulePage component
2025-06-08T06:21:43.0747481+03:00	INFO	[ZAK.DA.AddressRepository]	[0]	Getting all addresses
2025-06-08T06:21:44.0484253+03:00	WARN	[Microsoft.EntityFrameworkCore.Model.Validation]	[Microsoft.EntityFrameworkCore.Infrastructure.SensitiveDataLoggingEnabledWarning]	Sensitive data logging is enabled. Log entries and exception messages may include sensitive application data; this mode should only be enabled during development.
2025-06-08T06:21:45.0050085+03:00	INFO	[ZAK.Components.Pages.SchedulePage.BrigadeList]	[0]	Getting all brigades...
2025-06-08T06:21:45.0072398+03:00	INFO	[ZAK.DA.BrigadeRepository]	[0]	Getting all brigades
2025-06-08T06:21:45.2836881+03:00	INFO	[Microsoft.EntityFrameworkCore.Database.Command]	[Microsoft.EntityFrameworkCore.Database.Command.CommandExecuted]	Executed DbCommand (21ms) [Parameters=[], CommandType='Text', CommandTimeout='30']
SELECT `b`.`id`, `b`.`brigadeNumber`, `b`.`brigadeSlotsCount`, `s0`.`brigadeId`, `s0`.`scheduledTime`, `s0`.`applicationId`, `s0`.`id`, `s0`.`addresWasUpdated`, `s0`.`addressId`, `s0`.`day`, `s0`.`endHour`, `s0`.`firstPart`, `s0`.`freeCable`, `s0`.`ignored`, `s0`.`important`, `s0`.`inSchedule`, `s0`.`masterComment`, `s0`.`masterCommentWasUpdated`, `s0`.`maxDaysForConnection`, `s0`.`month`, `s0`.`operatorComment`, `s0`.`operatorCommentWasUpdated`, `s0`.`secondPart`, `s0`.`startHour`, `s0`.`statusWasChecked`, `s0`.`statusWasUpdated`, `s0`.`stretchingStatus`, `s0`.`tarChangeApp`, `s0`.`timeRangeIsSet`, `s0`.`urgent`, `s0`.`year`, `s0`.`Id0`, `s0`.`blackoutGroup`, `s0`.`building`, `s0`.`districtname`, `s0`.`equipmentAccess`, `s0`.`streetName`
FROM `brigades` AS `b`
LEFT JOIN (
    SELECT `s`.`brigadeId`, `s`.`scheduledTime`, `s`.`applicationId`, `a`.`id`, `a`.`addresWasUpdated`, `a`.`addressId`, `a`.`day`, `a`.`endHour`, `a`.`firstPart`, `a`.`freeCable`, `a`.`ignored`, `a`.`important`, `a`.`inSchedule`, `a`.`masterComment`, `a`.`masterCommentWasUpdated`, `a`.`maxDaysForConnection`, `a`.`month`, `a`.`operatorComment`, `a`.`operatorCommentWasUpdated`, `a`.`secondPart`, `a`.`startHour`, `a`.`statusWasChecked`, `a`.`statusWasUpdated`, `a`.`stretchingStatus`, `a`.`tarChangeApp`, `a`.`timeRangeIsSet`, `a`.`urgent`, `a`.`year`, `a0`.`Id` AS `Id0`, `a0`.`blackoutGroup`, `a0`.`building`, `a0`.`districtname`, `a0`.`equipmentAccess`, `a0`.`streetName`
    FROM `ScheduledApplicationModel` AS `s`
    INNER JOIN `applications` AS `a` ON `s`.`applicationId` = `a`.`id`
    LEFT JOIN `addresses` AS `a0` ON `a`.`addressId` = `a0`.`Id`
) AS `s0` ON `b`.`id` = `s0`.`brigadeId`
ORDER BY `b`.`id`, `s0`.`brigadeId`, `s0`.`scheduledTime`, `s0`.`id`
2025-06-08T06:21:45.2836811+03:00	INFO	[Microsoft.EntityFrameworkCore.Database.Command]	[Microsoft.EntityFrameworkCore.Database.Command.CommandExecuted]	Executed DbCommand (37ms) [Parameters=[], CommandType='Text', CommandTimeout='30']
SELECT `a`.`Id`, `a`.`blackoutGroup`, `a`.`building`, `a`.`districtname`, `a`.`equipmentAccess`, `a`.`streetName`, `a0`.`addressId`, `a0`.`buildingAlias`, `a0`.`streetAlias`, `a1`.`addressId`, `a1`.`priority`, `c`.`addressId`, `c`.`lat`, `c`.`lon`
FROM `addresses` AS `a`
LEFT JOIN `addressAliases` AS `a0` ON `a`.`Id` = `a0`.`addressId`
LEFT JOIN `addressPriorities` AS `a1` ON `a`.`Id` = `a1`.`addressId`
LEFT JOIN `coordinates` AS `c` ON `a`.`Id` = `c`.`addressId`
2025-06-08T06:21:45.4996243+03:00	INFO	[ZAK.DA.BrigadeRepository]	[0]	Retrieved 1 brigades
2025-06-08T06:21:45.8248054+03:00	INFO	[ZAK.DA.AddressRepository]	[0]	Retrieved 126 addresses
2025-06-08T06:21:46.5533537+03:00	INFO	[ZAK.DA.AddressRepository]	[0]	Getting all addresses
2025-06-08T06:21:46.6580976+03:00	INFO	[Microsoft.EntityFrameworkCore.Database.Command]	[Microsoft.EntityFrameworkCore.Database.Command.CommandExecuted]	Executed DbCommand (7ms) [Parameters=[], CommandType='Text', CommandTimeout='30']
SELECT `a`.`Id`, `a`.`blackoutGroup`, `a`.`building`, `a`.`districtname`, `a`.`equipmentAccess`, `a`.`streetName`, `a0`.`addressId`, `a0`.`buildingAlias`, `a0`.`streetAlias`, `a1`.`addressId`, `a1`.`priority`, `c`.`addressId`, `c`.`lat`, `c`.`lon`
FROM `addresses` AS `a`
LEFT JOIN `addressAliases` AS `a0` ON `a`.`Id` = `a0`.`addressId`
LEFT JOIN `addressPriorities` AS `a1` ON `a`.`Id` = `a1`.`addressId`
LEFT JOIN `coordinates` AS `c` ON `a`.`Id` = `c`.`addressId`
2025-06-08T06:21:46.6777306+03:00	INFO	[ZAK.DA.AddressRepository]	[0]	Retrieved 126 addresses
2025-06-08T06:21:47.3681339+03:00	INFO	[ZAK.Components.Pages.SchedulePage.BrigadeList]	[0]	Getting all brigades...
2025-06-08T06:21:47.3682054+03:00	INFO	[ZAK.DA.BrigadeRepository]	[0]	Getting all brigades
2025-06-08T06:21:47.3768202+03:00	INFO	[Microsoft.EntityFrameworkCore.Database.Command]	[Microsoft.EntityFrameworkCore.Database.Command.CommandExecuted]	Executed DbCommand (5ms) [Parameters=[], CommandType='Text', CommandTimeout='30']
SELECT `b`.`id`, `b`.`brigadeNumber`, `b`.`brigadeSlotsCount`, `s0`.`brigadeId`, `s0`.`scheduledTime`, `s0`.`applicationId`, `s0`.`id`, `s0`.`addresWasUpdated`, `s0`.`addressId`, `s0`.`day`, `s0`.`endHour`, `s0`.`firstPart`, `s0`.`freeCable`, `s0`.`ignored`, `s0`.`important`, `s0`.`inSchedule`, `s0`.`masterComment`, `s0`.`masterCommentWasUpdated`, `s0`.`maxDaysForConnection`, `s0`.`month`, `s0`.`operatorComment`, `s0`.`operatorCommentWasUpdated`, `s0`.`secondPart`, `s0`.`startHour`, `s0`.`statusWasChecked`, `s0`.`statusWasUpdated`, `s0`.`stretchingStatus`, `s0`.`tarChangeApp`, `s0`.`timeRangeIsSet`, `s0`.`urgent`, `s0`.`year`, `s0`.`Id0`, `s0`.`blackoutGroup`, `s0`.`building`, `s0`.`districtname`, `s0`.`equipmentAccess`, `s0`.`streetName`
FROM `brigades` AS `b`
LEFT JOIN (
    SELECT `s`.`brigadeId`, `s`.`scheduledTime`, `s`.`applicationId`, `a`.`id`, `a`.`addresWasUpdated`, `a`.`addressId`, `a`.`day`, `a`.`endHour`, `a`.`firstPart`, `a`.`freeCable`, `a`.`ignored`, `a`.`important`, `a`.`inSchedule`, `a`.`masterComment`, `a`.`masterCommentWasUpdated`, `a`.`maxDaysForConnection`, `a`.`month`, `a`.`operatorComment`, `a`.`operatorCommentWasUpdated`, `a`.`secondPart`, `a`.`startHour`, `a`.`statusWasChecked`, `a`.`statusWasUpdated`, `a`.`stretchingStatus`, `a`.`tarChangeApp`, `a`.`timeRangeIsSet`, `a`.`urgent`, `a`.`year`, `a0`.`Id` AS `Id0`, `a0`.`blackoutGroup`, `a0`.`building`, `a0`.`districtname`, `a0`.`equipmentAccess`, `a0`.`streetName`
    FROM `ScheduledApplicationModel` AS `s`
    INNER JOIN `applications` AS `a` ON `s`.`applicationId` = `a`.`id`
    LEFT JOIN `addresses` AS `a0` ON `a`.`addressId` = `a0`.`Id`
) AS `s0` ON `b`.`id` = `s0`.`brigadeId`
ORDER BY `b`.`id`, `s0`.`brigadeId`, `s0`.`scheduledTime`, `s0`.`id`
2025-06-08T06:21:47.3864925+03:00	INFO	[ZAK.DA.BrigadeRepository]	[0]	Retrieved 1 brigades
2025-06-08T06:21:47.8153672+03:00	INFO	[ZAK.Components.Pages.SchedulePage.SchedulePage]	[0]	Initializing SchedulePage component
2025-06-08T06:21:47.8155434+03:00	INFO	[ZAK.DA.AddressRepository]	[0]	Getting all addresses
2025-06-08T06:21:47.8187194+03:00	INFO	[ZAK.Components.Pages.SchedulePage.BrigadeList]	[0]	Getting all brigades...
2025-06-08T06:21:47.8187491+03:00	INFO	[ZAK.DA.BrigadeRepository]	[0]	Getting all brigades
2025-06-08T06:21:47.8265648+03:00	INFO	[Microsoft.EntityFrameworkCore.Database.Command]	[Microsoft.EntityFrameworkCore.Database.Command.CommandExecuted]	Executed DbCommand (6ms) [Parameters=[], CommandType='Text', CommandTimeout='30']
SELECT `a`.`Id`, `a`.`blackoutGroup`, `a`.`building`, `a`.`districtname`, `a`.`equipmentAccess`, `a`.`streetName`, `a0`.`addressId`, `a0`.`buildingAlias`, `a0`.`streetAlias`, `a1`.`addressId`, `a1`.`priority`, `c`.`addressId`, `c`.`lat`, `c`.`lon`
FROM `addresses` AS `a`
LEFT JOIN `addressAliases` AS `a0` ON `a`.`Id` = `a0`.`addressId`
LEFT JOIN `addressPriorities` AS `a1` ON `a`.`Id` = `a1`.`addressId`
LEFT JOIN `coordinates` AS `c` ON `a`.`Id` = `c`.`addressId`
2025-06-08T06:21:47.8281732+03:00	INFO	[Microsoft.EntityFrameworkCore.Database.Command]	[Microsoft.EntityFrameworkCore.Database.Command.CommandExecuted]	Executed DbCommand (5ms) [Parameters=[], CommandType='Text', CommandTimeout='30']
SELECT `b`.`id`, `b`.`brigadeNumber`, `b`.`brigadeSlotsCount`, `s0`.`brigadeId`, `s0`.`scheduledTime`, `s0`.`applicationId`, `s0`.`id`, `s0`.`addresWasUpdated`, `s0`.`addressId`, `s0`.`day`, `s0`.`endHour`, `s0`.`firstPart`, `s0`.`freeCable`, `s0`.`ignored`, `s0`.`important`, `s0`.`inSchedule`, `s0`.`masterComment`, `s0`.`masterCommentWasUpdated`, `s0`.`maxDaysForConnection`, `s0`.`month`, `s0`.`operatorComment`, `s0`.`operatorCommentWasUpdated`, `s0`.`secondPart`, `s0`.`startHour`, `s0`.`statusWasChecked`, `s0`.`statusWasUpdated`, `s0`.`stretchingStatus`, `s0`.`tarChangeApp`, `s0`.`timeRangeIsSet`, `s0`.`urgent`, `s0`.`year`, `s0`.`Id0`, `s0`.`blackoutGroup`, `s0`.`building`, `s0`.`districtname`, `s0`.`equipmentAccess`, `s0`.`streetName`
FROM `brigades` AS `b`
LEFT JOIN (
    SELECT `s`.`brigadeId`, `s`.`scheduledTime`, `s`.`applicationId`, `a`.`id`, `a`.`addresWasUpdated`, `a`.`addressId`, `a`.`day`, `a`.`endHour`, `a`.`firstPart`, `a`.`freeCable`, `a`.`ignored`, `a`.`important`, `a`.`inSchedule`, `a`.`masterComment`, `a`.`masterCommentWasUpdated`, `a`.`maxDaysForConnection`, `a`.`month`, `a`.`operatorComment`, `a`.`operatorCommentWasUpdated`, `a`.`secondPart`, `a`.`startHour`, `a`.`statusWasChecked`, `a`.`statusWasUpdated`, `a`.`stretchingStatus`, `a`.`tarChangeApp`, `a`.`timeRangeIsSet`, `a`.`urgent`, `a`.`year`, `a0`.`Id` AS `Id0`, `a0`.`blackoutGroup`, `a0`.`building`, `a0`.`districtname`, `a0`.`equipmentAccess`, `a0`.`streetName`
    FROM `ScheduledApplicationModel` AS `s`
    INNER JOIN `applications` AS `a` ON `s`.`applicationId` = `a`.`id`
    LEFT JOIN `addresses` AS `a0` ON `a`.`addressId` = `a0`.`Id`
) AS `s0` ON `b`.`id` = `s0`.`brigadeId`
ORDER BY `b`.`id`, `s0`.`brigadeId`, `s0`.`scheduledTime`, `s0`.`id`
2025-06-08T06:21:47.8358114+03:00	INFO	[ZAK.DA.BrigadeRepository]	[0]	Retrieved 1 brigades
2025-06-08T06:21:47.8623204+03:00	INFO	[ZAK.DA.AddressRepository]	[0]	Retrieved 126 addresses
2025-06-08T06:21:48.5301157+03:00	INFO	[ZAK.DA.AddressRepository]	[0]	Getting all addresses
2025-06-08T06:21:48.5435726+03:00	INFO	[Microsoft.EntityFrameworkCore.Database.Command]	[Microsoft.EntityFrameworkCore.Database.Command.CommandExecuted]	Executed DbCommand (8ms) [Parameters=[], CommandType='Text', CommandTimeout='30']
SELECT `a`.`Id`, `a`.`blackoutGroup`, `a`.`building`, `a`.`districtname`, `a`.`equipmentAccess`, `a`.`streetName`, `a0`.`addressId`, `a0`.`buildingAlias`, `a0`.`streetAlias`, `a1`.`addressId`, `a1`.`priority`, `c`.`addressId`, `c`.`lat`, `c`.`lon`
FROM `addresses` AS `a`
LEFT JOIN `addressAliases` AS `a0` ON `a`.`Id` = `a0`.`addressId`
LEFT JOIN `addressPriorities` AS `a1` ON `a`.`Id` = `a1`.`addressId`
LEFT JOIN `coordinates` AS `c` ON `a`.`Id` = `c`.`addressId`
2025-06-08T06:21:48.5647644+03:00	INFO	[ZAK.DA.AddressRepository]	[0]	Retrieved 126 addresses
2025-06-08T06:21:49.1749164+03:00	INFO	[ZAK.Components.Pages.SchedulePage.BrigadeList]	[0]	Getting all brigades...
2025-06-08T06:21:49.1749609+03:00	INFO	[ZAK.DA.BrigadeRepository]	[0]	Getting all brigades
2025-06-08T06:21:49.1828471+03:00	INFO	[ZAK.Components.Pages.SchedulePage.MapComponentLeaflet]	[0]	MapComponentLeaflet is rendered for the first time
2025-06-08T06:21:49.1831117+03:00	INFO	[Microsoft.EntityFrameworkCore.Database.Command]	[Microsoft.EntityFrameworkCore.Database.Command.CommandExecuted]	Executed DbCommand (4ms) [Parameters=[], CommandType='Text', CommandTimeout='30']
SELECT `b`.`id`, `b`.`brigadeNumber`, `b`.`brigadeSlotsCount`, `s0`.`brigadeId`, `s0`.`scheduledTime`, `s0`.`applicationId`, `s0`.`id`, `s0`.`addresWasUpdated`, `s0`.`addressId`, `s0`.`day`, `s0`.`endHour`, `s0`.`firstPart`, `s0`.`freeCable`, `s0`.`ignored`, `s0`.`important`, `s0`.`inSchedule`, `s0`.`masterComment`, `s0`.`masterCommentWasUpdated`, `s0`.`maxDaysForConnection`, `s0`.`month`, `s0`.`operatorComment`, `s0`.`operatorCommentWasUpdated`, `s0`.`secondPart`, `s0`.`startHour`, `s0`.`statusWasChecked`, `s0`.`statusWasUpdated`, `s0`.`stretchingStatus`, `s0`.`tarChangeApp`, `s0`.`timeRangeIsSet`, `s0`.`urgent`, `s0`.`year`, `s0`.`Id0`, `s0`.`blackoutGroup`, `s0`.`building`, `s0`.`districtname`, `s0`.`equipmentAccess`, `s0`.`streetName`
FROM `brigades` AS `b`
LEFT JOIN (
    SELECT `s`.`brigadeId`, `s`.`scheduledTime`, `s`.`applicationId`, `a`.`id`, `a`.`addresWasUpdated`, `a`.`addressId`, `a`.`day`, `a`.`endHour`, `a`.`firstPart`, `a`.`freeCable`, `a`.`ignored`, `a`.`important`, `a`.`inSchedule`, `a`.`masterComment`, `a`.`masterCommentWasUpdated`, `a`.`maxDaysForConnection`, `a`.`month`, `a`.`operatorComment`, `a`.`operatorCommentWasUpdated`, `a`.`secondPart`, `a`.`startHour`, `a`.`statusWasChecked`, `a`.`statusWasUpdated`, `a`.`stretchingStatus`, `a`.`tarChangeApp`, `a`.`timeRangeIsSet`, `a`.`urgent`, `a`.`year`, `a0`.`Id` AS `Id0`, `a0`.`blackoutGroup`, `a0`.`building`, `a0`.`districtname`, `a0`.`equipmentAccess`, `a0`.`streetName`
    FROM `ScheduledApplicationModel` AS `s`
    INNER JOIN `applications` AS `a` ON `s`.`applicationId` = `a`.`id`
    LEFT JOIN `addresses` AS `a0` ON `a`.`addressId` = `a0`.`Id`
) AS `s0` ON `b`.`id` = `s0`.`brigadeId`
ORDER BY `b`.`id`, `s0`.`brigadeId`, `s0`.`scheduledTime`, `s0`.`id`
2025-06-08T06:21:49.1849251+03:00	INFO	[ZAK.DA.BrigadeRepository]	[0]	Retrieved 1 brigades
2025-06-08T06:21:49.2443341+03:00	INFO	[ZAK.Components.Pages.SchedulePage.MapComponentLeaflet]	[0]	MapComponentLeaflet is drawing paths
2025-06-08T06:21:49.2622832+03:00	INFO	[ZAK.MapRoutesManager.MapRoutesManager]	[0]	Populationg brigades with applications
2025-06-08T06:21:49.2664083+03:00	INFO	[ZAK.DA.BrigadeRepository]	[0]	Getting all brigades with scheduled application info
2025-06-08T06:21:49.3804912+03:00	INFO	[Microsoft.EntityFrameworkCore.Database.Command]	[Microsoft.EntityFrameworkCore.Database.Command.CommandExecuted]	Executed DbCommand (4ms) [Parameters=[], CommandType='Text', CommandTimeout='30']
SELECT `b`.`id`, `b`.`brigadeNumber`, `b`.`brigadeSlotsCount`, `s0`.`brigadeId`, `s0`.`scheduledTime`, `s0`.`applicationId`, `s0`.`id`, `s0`.`addresWasUpdated`, `s0`.`addressId`, `s0`.`day`, `s0`.`endHour`, `s0`.`firstPart`, `s0`.`freeCable`, `s0`.`ignored`, `s0`.`important`, `s0`.`inSchedule`, `s0`.`masterComment`, `s0`.`masterCommentWasUpdated`, `s0`.`maxDaysForConnection`, `s0`.`month`, `s0`.`operatorComment`, `s0`.`operatorCommentWasUpdated`, `s0`.`secondPart`, `s0`.`startHour`, `s0`.`statusWasChecked`, `s0`.`statusWasUpdated`, `s0`.`stretchingStatus`, `s0`.`tarChangeApp`, `s0`.`timeRangeIsSet`, `s0`.`urgent`, `s0`.`year`, `s0`.`Id0`, `s0`.`blackoutGroup`, `s0`.`building`, `s0`.`districtname`, `s0`.`equipmentAccess`, `s0`.`streetName`, `s0`.`addressId0`, `s0`.`lat`, `s0`.`lon`
FROM `brigades` AS `b`
LEFT JOIN (
    SELECT `s`.`brigadeId`, `s`.`scheduledTime`, `s`.`applicationId`, `a`.`id`, `a`.`addresWasUpdated`, `a`.`addressId`, `a`.`day`, `a`.`endHour`, `a`.`firstPart`, `a`.`freeCable`, `a`.`ignored`, `a`.`important`, `a`.`inSchedule`, `a`.`masterComment`, `a`.`masterCommentWasUpdated`, `a`.`maxDaysForConnection`, `a`.`month`, `a`.`operatorComment`, `a`.`operatorCommentWasUpdated`, `a`.`secondPart`, `a`.`startHour`, `a`.`statusWasChecked`, `a`.`statusWasUpdated`, `a`.`stretchingStatus`, `a`.`tarChangeApp`, `a`.`timeRangeIsSet`, `a`.`urgent`, `a`.`year`, `a0`.`Id` AS `Id0`, `a0`.`blackoutGroup`, `a0`.`building`, `a0`.`districtname`, `a0`.`equipmentAccess`, `a0`.`streetName`, `c`.`addressId` AS `addressId0`, `c`.`lat`, `c`.`lon`
    FROM `ScheduledApplicationModel` AS `s`
    INNER JOIN `applications` AS `a` ON `s`.`applicationId` = `a`.`id`
    LEFT JOIN `addresses` AS `a0` ON `a`.`addressId` = `a0`.`Id`
    LEFT JOIN `coordinates` AS `c` ON `a0`.`Id` = `c`.`addressId`
) AS `s0` ON `b`.`id` = `s0`.`brigadeId`
ORDER BY `b`.`id`, `s0`.`brigadeId`, `s0`.`scheduledTime`, `s0`.`id`, `s0`.`Id0`
2025-06-08T06:21:49.3898884+03:00	INFO	[ZAK.DA.BrigadeRepository]	[0]	Retrieved 1 brigades with scheduled application info
2025-06-08T06:21:49.3904654+03:00	INFO	[ZAK.MapRoutesManager.MapRoutesManager]	[0]	Calculating routes...
2025-06-08T06:21:50.1572683+03:00	INFO	[ZAK.Components.Pages.SchedulePage.MapComponentLeaflet]	[0]	MapComponentLeaflet is drawing paths
2025-06-08T06:21:50.3923251+03:00	INFO	[ZAK.Components.Pages.SchedulePage.MapComponentLeaflet]	[0]	MapComponentLeaflet is drawing markers
2025-06-08T06:21:50.3988030+03:00	INFO	[ZAK.DA.ApplicationRepository]	[0]	Getting all applications with ignoring
2025-06-08T06:21:50.4535532+03:00	INFO	[Microsoft.EntityFrameworkCore.Database.Command]	[Microsoft.EntityFrameworkCore.Database.Command.CommandExecuted]	Executed DbCommand (7ms) [Parameters=[], CommandType='Text', CommandTimeout='30']
SELECT `a`.`id`, `a`.`addresWasUpdated`, `a`.`addressId`, `a`.`day`, `a`.`endHour`, `a`.`firstPart`, `a`.`freeCable`, `a`.`ignored`, `a`.`important`, `a`.`inSchedule`, `a`.`masterComment`, `a`.`masterCommentWasUpdated`, `a`.`maxDaysForConnection`, `a`.`month`, `a`.`operatorComment`, `a`.`operatorCommentWasUpdated`, `a`.`secondPart`, `a`.`startHour`, `a`.`statusWasChecked`, `a`.`statusWasUpdated`, `a`.`stretchingStatus`, `a`.`tarChangeApp`, `a`.`timeRangeIsSet`, `a`.`urgent`, `a`.`year`, `a0`.`Id`, `a0`.`blackoutGroup`, `a0`.`building`, `a0`.`districtname`, `a0`.`equipmentAccess`, `a0`.`streetName`, `d`.`name`, `d`.`color`, `c`.`addressId`, `c`.`lat`, `c`.`lon`
FROM `applications` AS `a`
LEFT JOIN `addresses` AS `a0` ON `a`.`addressId` = `a0`.`Id`
LEFT JOIN `districts` AS `d` ON `a0`.`districtname` = `d`.`name`
LEFT JOIN `coordinates` AS `c` ON `a0`.`Id` = `c`.`addressId`
2025-06-08T06:21:50.5121788+03:00	INFO	[ZAK.DA.ApplicationRepository]	[0]	Retrieved 89 applications (not ignored)
2025-06-08T06:22:06.5451012+03:00	INFO	[ZAK.DA.ApplicationRepository]	[0]	Getting all applications
2025-06-08T06:22:06.5544171+03:00	INFO	[Microsoft.EntityFrameworkCore.Database.Command]	[Microsoft.EntityFrameworkCore.Database.Command.CommandExecuted]	Executed DbCommand (5ms) [Parameters=[], CommandType='Text', CommandTimeout='30']
SELECT `a`.`id`, `a`.`addresWasUpdated`, `a`.`addressId`, `a`.`day`, `a`.`endHour`, `a`.`firstPart`, `a`.`freeCable`, `a`.`ignored`, `a`.`important`, `a`.`inSchedule`, `a`.`masterComment`, `a`.`masterCommentWasUpdated`, `a`.`maxDaysForConnection`, `a`.`month`, `a`.`operatorComment`, `a`.`operatorCommentWasUpdated`, `a`.`secondPart`, `a`.`startHour`, `a`.`statusWasChecked`, `a`.`statusWasUpdated`, `a`.`stretchingStatus`, `a`.`tarChangeApp`, `a`.`timeRangeIsSet`, `a`.`urgent`, `a`.`year`, `a0`.`Id`, `a0`.`blackoutGroup`, `a0`.`building`, `a0`.`districtname`, `a0`.`equipmentAccess`, `a0`.`streetName`, `d`.`name`, `d`.`color`, `c`.`addressId`, `c`.`lat`, `c`.`lon`
FROM `applications` AS `a`
LEFT JOIN `addresses` AS `a0` ON `a`.`addressId` = `a0`.`Id`
LEFT JOIN `districts` AS `d` ON `a0`.`districtname` = `d`.`name`
LEFT JOIN `coordinates` AS `c` ON `a0`.`Id` = `c`.`addressId`
2025-06-08T06:22:06.5647845+03:00	INFO	[ZAK.DA.ApplicationRepository]	[0]	Retrieved 105 applications
2025-06-08T06:22:10.7033173+03:00	INFO	[ZAK.Components.Pages.ApplicationsPage.Applications]	[0]	Updating application with id: 187085
2025-06-08T06:22:10.7065666+03:00	INFO	[ZAK.DA.ApplicationRepository]	[0]	Updating application: ZAK.DA.Application
2025-06-08T06:22:10.8311876+03:00	INFO	[Microsoft.EntityFrameworkCore.Database.Command]	[Microsoft.EntityFrameworkCore.Database.Command.CommandExecuted]	Executed DbCommand (39ms) [Parameters=[@__entity_id_0='187085'], CommandType='Text', CommandTimeout='30']
SELECT `a`.`id`, `a`.`addresWasUpdated`, `a`.`addressId`, `a`.`day`, `a`.`endHour`, `a`.`firstPart`, `a`.`freeCable`, `a`.`ignored`, `a`.`important`, `a`.`inSchedule`, `a`.`masterComment`, `a`.`masterCommentWasUpdated`, `a`.`maxDaysForConnection`, `a`.`month`, `a`.`operatorComment`, `a`.`operatorCommentWasUpdated`, `a`.`secondPart`, `a`.`startHour`, `a`.`statusWasChecked`, `a`.`statusWasUpdated`, `a`.`stretchingStatus`, `a`.`tarChangeApp`, `a`.`timeRangeIsSet`, `a`.`urgent`, `a`.`year`, `a0`.`Id`, `a0`.`blackoutGroup`, `a0`.`building`, `a0`.`districtname`, `a0`.`equipmentAccess`, `a0`.`streetName`
FROM `applications` AS `a`
LEFT JOIN `addresses` AS `a0` ON `a`.`addressId` = `a0`.`Id`
WHERE `a`.`id` = @__entity_id_0
LIMIT 1
2025-06-08T06:22:10.9705707+03:00	INFO	[ZAK.DA.ApplicationRepository]	[0]	Application updated successfully: ZAK.DA.Application
2025-06-08T06:22:10.9724454+03:00	INFO	[ZAK.DA.ApplicationRepository]	[0]	Getting all applications
2025-06-08T06:22:10.9828458+03:00	INFO	[Microsoft.EntityFrameworkCore.Database.Command]	[Microsoft.EntityFrameworkCore.Database.Command.CommandExecuted]	Executed DbCommand (7ms) [Parameters=[], CommandType='Text', CommandTimeout='30']
SELECT `a`.`id`, `a`.`addresWasUpdated`, `a`.`addressId`, `a`.`day`, `a`.`endHour`, `a`.`firstPart`, `a`.`freeCable`, `a`.`ignored`, `a`.`important`, `a`.`inSchedule`, `a`.`masterComment`, `a`.`masterCommentWasUpdated`, `a`.`maxDaysForConnection`, `a`.`month`, `a`.`operatorComment`, `a`.`operatorCommentWasUpdated`, `a`.`secondPart`, `a`.`startHour`, `a`.`statusWasChecked`, `a`.`statusWasUpdated`, `a`.`stretchingStatus`, `a`.`tarChangeApp`, `a`.`timeRangeIsSet`, `a`.`urgent`, `a`.`year`, `a0`.`Id`, `a0`.`blackoutGroup`, `a0`.`building`, `a0`.`districtname`, `a0`.`equipmentAccess`, `a0`.`streetName`, `d`.`name`, `d`.`color`, `c`.`addressId`, `c`.`lat`, `c`.`lon`
FROM `applications` AS `a`
LEFT JOIN `addresses` AS `a0` ON `a`.`addressId` = `a0`.`Id`
LEFT JOIN `districts` AS `d` ON `a0`.`districtname` = `d`.`name`
LEFT JOIN `coordinates` AS `c` ON `a0`.`Id` = `c`.`addressId`
2025-06-08T06:22:10.9918859+03:00	INFO	[ZAK.DA.ApplicationRepository]	[0]	Retrieved 105 applications
2025-06-08T06:22:12.4061831+03:00	INFO	[ZAK.Components.Pages.ApplicationsPage.Applications]	[0]	Updating application with id: 187085
2025-06-08T06:22:12.4063424+03:00	INFO	[ZAK.DA.ApplicationRepository]	[0]	Updating application: ZAK.DA.Application
2025-06-08T06:22:12.4135671+03:00	INFO	[Microsoft.EntityFrameworkCore.Database.Command]	[Microsoft.EntityFrameworkCore.Database.Command.CommandExecuted]	Executed DbCommand (3ms) [Parameters=[@__entity_id_0='187085'], CommandType='Text', CommandTimeout='30']
SELECT `a`.`id`, `a`.`addresWasUpdated`, `a`.`addressId`, `a`.`day`, `a`.`endHour`, `a`.`firstPart`, `a`.`freeCable`, `a`.`ignored`, `a`.`important`, `a`.`inSchedule`, `a`.`masterComment`, `a`.`masterCommentWasUpdated`, `a`.`maxDaysForConnection`, `a`.`month`, `a`.`operatorComment`, `a`.`operatorCommentWasUpdated`, `a`.`secondPart`, `a`.`startHour`, `a`.`statusWasChecked`, `a`.`statusWasUpdated`, `a`.`stretchingStatus`, `a`.`tarChangeApp`, `a`.`timeRangeIsSet`, `a`.`urgent`, `a`.`year`, `a0`.`Id`, `a0`.`blackoutGroup`, `a0`.`building`, `a0`.`districtname`, `a0`.`equipmentAccess`, `a0`.`streetName`
FROM `applications` AS `a`
LEFT JOIN `addresses` AS `a0` ON `a`.`addressId` = `a0`.`Id`
WHERE `a`.`id` = @__entity_id_0
LIMIT 1
2025-06-08T06:22:12.4171347+03:00	INFO	[ZAK.DA.ApplicationRepository]	[0]	Application updated successfully: ZAK.DA.Application
2025-06-08T06:22:12.4172403+03:00	INFO	[ZAK.DA.ApplicationRepository]	[0]	Getting all applications
2025-06-08T06:22:12.4254125+03:00	INFO	[Microsoft.EntityFrameworkCore.Database.Command]	[Microsoft.EntityFrameworkCore.Database.Command.CommandExecuted]	Executed DbCommand (4ms) [Parameters=[], CommandType='Text', CommandTimeout='30']
SELECT `a`.`id`, `a`.`addresWasUpdated`, `a`.`addressId`, `a`.`day`, `a`.`endHour`, `a`.`firstPart`, `a`.`freeCable`, `a`.`ignored`, `a`.`important`, `a`.`inSchedule`, `a`.`masterComment`, `a`.`masterCommentWasUpdated`, `a`.`maxDaysForConnection`, `a`.`month`, `a`.`operatorComment`, `a`.`operatorCommentWasUpdated`, `a`.`secondPart`, `a`.`startHour`, `a`.`statusWasChecked`, `a`.`statusWasUpdated`, `a`.`stretchingStatus`, `a`.`tarChangeApp`, `a`.`timeRangeIsSet`, `a`.`urgent`, `a`.`year`, `a0`.`Id`, `a0`.`blackoutGroup`, `a0`.`building`, `a0`.`districtname`, `a0`.`equipmentAccess`, `a0`.`streetName`, `d`.`name`, `d`.`color`, `c`.`addressId`, `c`.`lat`, `c`.`lon`
FROM `applications` AS `a`
LEFT JOIN `addresses` AS `a0` ON `a`.`addressId` = `a0`.`Id`
LEFT JOIN `districts` AS `d` ON `a0`.`districtname` = `d`.`name`
LEFT JOIN `coordinates` AS `c` ON `a0`.`Id` = `c`.`addressId`
2025-06-08T06:22:12.4435007+03:00	INFO	[ZAK.DA.ApplicationRepository]	[0]	Retrieved 105 applications
2025-06-08T06:22:13.5624339+03:00	INFO	[ZAK.Components.Pages.ApplicationsPage.Applications]	[0]	Updating application with id: 187085
2025-06-08T06:22:13.5625182+03:00	INFO	[ZAK.DA.ApplicationRepository]	[0]	Updating application: ZAK.DA.Application
2025-06-08T06:22:13.5706287+03:00	INFO	[Microsoft.EntityFrameworkCore.Database.Command]	[Microsoft.EntityFrameworkCore.Database.Command.CommandExecuted]	Executed DbCommand (3ms) [Parameters=[@__entity_id_0='187085'], CommandType='Text', CommandTimeout='30']
SELECT `a`.`id`, `a`.`addresWasUpdated`, `a`.`addressId`, `a`.`day`, `a`.`endHour`, `a`.`firstPart`, `a`.`freeCable`, `a`.`ignored`, `a`.`important`, `a`.`inSchedule`, `a`.`masterComment`, `a`.`masterCommentWasUpdated`, `a`.`maxDaysForConnection`, `a`.`month`, `a`.`operatorComment`, `a`.`operatorCommentWasUpdated`, `a`.`secondPart`, `a`.`startHour`, `a`.`statusWasChecked`, `a`.`statusWasUpdated`, `a`.`stretchingStatus`, `a`.`tarChangeApp`, `a`.`timeRangeIsSet`, `a`.`urgent`, `a`.`year`, `a0`.`Id`, `a0`.`blackoutGroup`, `a0`.`building`, `a0`.`districtname`, `a0`.`equipmentAccess`, `a0`.`streetName`
FROM `applications` AS `a`
LEFT JOIN `addresses` AS `a0` ON `a`.`addressId` = `a0`.`Id`
WHERE `a`.`id` = @__entity_id_0
LIMIT 1
2025-06-08T06:22:13.5722337+03:00	INFO	[ZAK.DA.ApplicationRepository]	[0]	Application updated successfully: ZAK.DA.Application
2025-06-08T06:22:13.5723648+03:00	INFO	[ZAK.DA.ApplicationRepository]	[0]	Getting all applications
2025-06-08T06:22:13.5817309+03:00	INFO	[Microsoft.EntityFrameworkCore.Database.Command]	[Microsoft.EntityFrameworkCore.Database.Command.CommandExecuted]	Executed DbCommand (5ms) [Parameters=[], CommandType='Text', CommandTimeout='30']
SELECT `a`.`id`, `a`.`addresWasUpdated`, `a`.`addressId`, `a`.`day`, `a`.`endHour`, `a`.`firstPart`, `a`.`freeCable`, `a`.`ignored`, `a`.`important`, `a`.`inSchedule`, `a`.`masterComment`, `a`.`masterCommentWasUpdated`, `a`.`maxDaysForConnection`, `a`.`month`, `a`.`operatorComment`, `a`.`operatorCommentWasUpdated`, `a`.`secondPart`, `a`.`startHour`, `a`.`statusWasChecked`, `a`.`statusWasUpdated`, `a`.`stretchingStatus`, `a`.`tarChangeApp`, `a`.`timeRangeIsSet`, `a`.`urgent`, `a`.`year`, `a0`.`Id`, `a0`.`blackoutGroup`, `a0`.`building`, `a0`.`districtname`, `a0`.`equipmentAccess`, `a0`.`streetName`, `d`.`name`, `d`.`color`, `c`.`addressId`, `c`.`lat`, `c`.`lon`
FROM `applications` AS `a`
LEFT JOIN `addresses` AS `a0` ON `a`.`addressId` = `a0`.`Id`
LEFT JOIN `districts` AS `d` ON `a0`.`districtname` = `d`.`name`
LEFT JOIN `coordinates` AS `c` ON `a0`.`Id` = `c`.`addressId`
2025-06-08T06:22:13.6072974+03:00	INFO	[ZAK.DA.ApplicationRepository]	[0]	Retrieved 105 applications
2025-06-08T06:25:01.7629943+03:00	INFO	[Microsoft.Hosting.Lifetime]	[ListeningOnAddress]	Now listening on: http://localhost:5205
2025-06-08T06:25:01.7735532+03:00	INFO	[Microsoft.Hosting.Lifetime]	[0]	Application started. Press Ctrl+C to shut down.
2025-06-08T06:25:01.7745994+03:00	INFO	[Microsoft.Hosting.Lifetime]	[0]	Hosting environment: Development
2025-06-08T06:25:01.7746687+03:00	INFO	[Microsoft.Hosting.Lifetime]	[0]	Content root path: D:\C#_Projects\ZAK\ZAK3\ZAK\ZAK
2025-06-08T06:25:03.9809710+03:00	WARN	[Microsoft.AspNetCore.HttpsPolicy.HttpsRedirectionMiddleware]	[FailedToDeterminePort]	Failed to determine the https port for redirect.
2025-06-08T06:25:04.5067502+03:00	INFO	[ZAK.MapRoutesManager.MapRoutesManager]	[0]	Loading OSM data...
2025-06-08T06:25:14.3526857+03:00	INFO	[ZAK.Components.Pages.SchedulePage.SchedulePage]	[0]	Initializing SchedulePage component
2025-06-08T06:25:14.3822581+03:00	INFO	[ZAK.DA.AddressRepository]	[0]	Getting all addresses
2025-06-08T06:25:15.3351079+03:00	WARN	[Microsoft.EntityFrameworkCore.Model.Validation]	[Microsoft.EntityFrameworkCore.Infrastructure.SensitiveDataLoggingEnabledWarning]	Sensitive data logging is enabled. Log entries and exception messages may include sensitive application data; this mode should only be enabled during development.
2025-06-08T06:25:16.6998395+03:00	INFO	[ZAK.Components.Pages.SchedulePage.BrigadeList]	[0]	Getting all brigades...
2025-06-08T06:25:16.7031077+03:00	INFO	[ZAK.DA.BrigadeRepository]	[0]	Getting all brigades
2025-06-08T06:25:17.0464631+03:00	INFO	[Microsoft.EntityFrameworkCore.Database.Command]	[Microsoft.EntityFrameworkCore.Database.Command.CommandExecuted]	Executed DbCommand (30ms) [Parameters=[], CommandType='Text', CommandTimeout='30']
SELECT `a`.`Id`, `a`.`blackoutGroup`, `a`.`building`, `a`.`districtname`, `a`.`equipmentAccess`, `a`.`streetName`, `a0`.`addressId`, `a0`.`buildingAlias`, `a0`.`streetAlias`, `a1`.`addressId`, `a1`.`priority`, `c`.`addressId`, `c`.`lat`, `c`.`lon`
FROM `addresses` AS `a`
LEFT JOIN `addressAliases` AS `a0` ON `a`.`Id` = `a0`.`addressId`
LEFT JOIN `addressPriorities` AS `a1` ON `a`.`Id` = `a1`.`addressId`
LEFT JOIN `coordinates` AS `c` ON `a`.`Id` = `c`.`addressId`
2025-06-08T06:25:17.0464762+03:00	INFO	[Microsoft.EntityFrameworkCore.Database.Command]	[Microsoft.EntityFrameworkCore.Database.Command.CommandExecuted]	Executed DbCommand (10ms) [Parameters=[], CommandType='Text', CommandTimeout='30']
SELECT `b`.`id`, `b`.`brigadeNumber`, `b`.`brigadeSlotsCount`, `s0`.`brigadeId`, `s0`.`scheduledTime`, `s0`.`applicationId`, `s0`.`id`, `s0`.`addresWasUpdated`, `s0`.`addressId`, `s0`.`day`, `s0`.`endHour`, `s0`.`firstPart`, `s0`.`freeCable`, `s0`.`ignored`, `s0`.`important`, `s0`.`inSchedule`, `s0`.`masterComment`, `s0`.`masterCommentWasUpdated`, `s0`.`maxDaysForConnection`, `s0`.`month`, `s0`.`operatorComment`, `s0`.`operatorCommentWasUpdated`, `s0`.`secondPart`, `s0`.`startHour`, `s0`.`statusWasChecked`, `s0`.`statusWasUpdated`, `s0`.`stretchingStatus`, `s0`.`tarChangeApp`, `s0`.`timeRangeIsSet`, `s0`.`urgent`, `s0`.`year`, `s0`.`Id0`, `s0`.`blackoutGroup`, `s0`.`building`, `s0`.`districtname`, `s0`.`equipmentAccess`, `s0`.`streetName`
FROM `brigades` AS `b`
LEFT JOIN (
    SELECT `s`.`brigadeId`, `s`.`scheduledTime`, `s`.`applicationId`, `a`.`id`, `a`.`addresWasUpdated`, `a`.`addressId`, `a`.`day`, `a`.`endHour`, `a`.`firstPart`, `a`.`freeCable`, `a`.`ignored`, `a`.`important`, `a`.`inSchedule`, `a`.`masterComment`, `a`.`masterCommentWasUpdated`, `a`.`maxDaysForConnection`, `a`.`month`, `a`.`operatorComment`, `a`.`operatorCommentWasUpdated`, `a`.`secondPart`, `a`.`startHour`, `a`.`statusWasChecked`, `a`.`statusWasUpdated`, `a`.`stretchingStatus`, `a`.`tarChangeApp`, `a`.`timeRangeIsSet`, `a`.`urgent`, `a`.`year`, `a0`.`Id` AS `Id0`, `a0`.`blackoutGroup`, `a0`.`building`, `a0`.`districtname`, `a0`.`equipmentAccess`, `a0`.`streetName`
    FROM `ScheduledApplicationModel` AS `s`
    INNER JOIN `applications` AS `a` ON `s`.`applicationId` = `a`.`id`
    LEFT JOIN `addresses` AS `a0` ON `a`.`addressId` = `a0`.`Id`
) AS `s0` ON `b`.`id` = `s0`.`brigadeId`
ORDER BY `b`.`id`, `s0`.`brigadeId`, `s0`.`scheduledTime`, `s0`.`id`
2025-06-08T06:25:17.2312984+03:00	INFO	[ZAK.DA.BrigadeRepository]	[0]	Retrieved 1 brigades
2025-06-08T06:25:17.4441848+03:00	INFO	[ZAK.DA.AddressRepository]	[0]	Retrieved 126 addresses
2025-06-08T06:25:18.2129100+03:00	INFO	[ZAK.DA.AddressRepository]	[0]	Getting all addresses
2025-06-08T06:25:18.3224203+03:00	INFO	[Microsoft.EntityFrameworkCore.Database.Command]	[Microsoft.EntityFrameworkCore.Database.Command.CommandExecuted]	Executed DbCommand (6ms) [Parameters=[], CommandType='Text', CommandTimeout='30']
SELECT `a`.`Id`, `a`.`blackoutGroup`, `a`.`building`, `a`.`districtname`, `a`.`equipmentAccess`, `a`.`streetName`, `a0`.`addressId`, `a0`.`buildingAlias`, `a0`.`streetAlias`, `a1`.`addressId`, `a1`.`priority`, `c`.`addressId`, `c`.`lat`, `c`.`lon`
FROM `addresses` AS `a`
LEFT JOIN `addressAliases` AS `a0` ON `a`.`Id` = `a0`.`addressId`
LEFT JOIN `addressPriorities` AS `a1` ON `a`.`Id` = `a1`.`addressId`
LEFT JOIN `coordinates` AS `c` ON `a`.`Id` = `c`.`addressId`
2025-06-08T06:25:18.3514028+03:00	INFO	[ZAK.DA.AddressRepository]	[0]	Retrieved 126 addresses
2025-06-08T06:25:18.8743631+03:00	INFO	[ZAK.Components.Pages.SchedulePage.BrigadeList]	[0]	Getting all brigades...
2025-06-08T06:25:18.8745815+03:00	INFO	[ZAK.DA.BrigadeRepository]	[0]	Getting all brigades
2025-06-08T06:25:18.8847653+03:00	INFO	[Microsoft.EntityFrameworkCore.Database.Command]	[Microsoft.EntityFrameworkCore.Database.Command.CommandExecuted]	Executed DbCommand (4ms) [Parameters=[], CommandType='Text', CommandTimeout='30']
SELECT `b`.`id`, `b`.`brigadeNumber`, `b`.`brigadeSlotsCount`, `s0`.`brigadeId`, `s0`.`scheduledTime`, `s0`.`applicationId`, `s0`.`id`, `s0`.`addresWasUpdated`, `s0`.`addressId`, `s0`.`day`, `s0`.`endHour`, `s0`.`firstPart`, `s0`.`freeCable`, `s0`.`ignored`, `s0`.`important`, `s0`.`inSchedule`, `s0`.`masterComment`, `s0`.`masterCommentWasUpdated`, `s0`.`maxDaysForConnection`, `s0`.`month`, `s0`.`operatorComment`, `s0`.`operatorCommentWasUpdated`, `s0`.`secondPart`, `s0`.`startHour`, `s0`.`statusWasChecked`, `s0`.`statusWasUpdated`, `s0`.`stretchingStatus`, `s0`.`tarChangeApp`, `s0`.`timeRangeIsSet`, `s0`.`urgent`, `s0`.`year`, `s0`.`Id0`, `s0`.`blackoutGroup`, `s0`.`building`, `s0`.`districtname`, `s0`.`equipmentAccess`, `s0`.`streetName`
FROM `brigades` AS `b`
LEFT JOIN (
    SELECT `s`.`brigadeId`, `s`.`scheduledTime`, `s`.`applicationId`, `a`.`id`, `a`.`addresWasUpdated`, `a`.`addressId`, `a`.`day`, `a`.`endHour`, `a`.`firstPart`, `a`.`freeCable`, `a`.`ignored`, `a`.`important`, `a`.`inSchedule`, `a`.`masterComment`, `a`.`masterCommentWasUpdated`, `a`.`maxDaysForConnection`, `a`.`month`, `a`.`operatorComment`, `a`.`operatorCommentWasUpdated`, `a`.`secondPart`, `a`.`startHour`, `a`.`statusWasChecked`, `a`.`statusWasUpdated`, `a`.`stretchingStatus`, `a`.`tarChangeApp`, `a`.`timeRangeIsSet`, `a`.`urgent`, `a`.`year`, `a0`.`Id` AS `Id0`, `a0`.`blackoutGroup`, `a0`.`building`, `a0`.`districtname`, `a0`.`equipmentAccess`, `a0`.`streetName`
    FROM `ScheduledApplicationModel` AS `s`
    INNER JOIN `applications` AS `a` ON `s`.`applicationId` = `a`.`id`
    LEFT JOIN `addresses` AS `a0` ON `a`.`addressId` = `a0`.`Id`
) AS `s0` ON `b`.`id` = `s0`.`brigadeId`
ORDER BY `b`.`id`, `s0`.`brigadeId`, `s0`.`scheduledTime`, `s0`.`id`
2025-06-08T06:25:18.8984149+03:00	INFO	[ZAK.DA.BrigadeRepository]	[0]	Retrieved 1 brigades
2025-06-08T06:25:19.1680111+03:00	INFO	[ZAK.Components.Pages.SchedulePage.SchedulePage]	[0]	Initializing SchedulePage component
2025-06-08T06:25:19.1681263+03:00	INFO	[ZAK.DA.AddressRepository]	[0]	Getting all addresses
2025-06-08T06:25:19.1707254+03:00	INFO	[ZAK.Components.Pages.SchedulePage.BrigadeList]	[0]	Getting all brigades...
2025-06-08T06:25:19.1707615+03:00	INFO	[ZAK.DA.BrigadeRepository]	[0]	Getting all brigades
2025-06-08T06:25:19.1779679+03:00	INFO	[Microsoft.EntityFrameworkCore.Database.Command]	[Microsoft.EntityFrameworkCore.Database.Command.CommandExecuted]	Executed DbCommand (6ms) [Parameters=[], CommandType='Text', CommandTimeout='30']
SELECT `a`.`Id`, `a`.`blackoutGroup`, `a`.`building`, `a`.`districtname`, `a`.`equipmentAccess`, `a`.`streetName`, `a0`.`addressId`, `a0`.`buildingAlias`, `a0`.`streetAlias`, `a1`.`addressId`, `a1`.`priority`, `c`.`addressId`, `c`.`lat`, `c`.`lon`
FROM `addresses` AS `a`
LEFT JOIN `addressAliases` AS `a0` ON `a`.`Id` = `a0`.`addressId`
LEFT JOIN `addressPriorities` AS `a1` ON `a`.`Id` = `a1`.`addressId`
LEFT JOIN `coordinates` AS `c` ON `a`.`Id` = `c`.`addressId`
2025-06-08T06:25:19.1804075+03:00	INFO	[Microsoft.EntityFrameworkCore.Database.Command]	[Microsoft.EntityFrameworkCore.Database.Command.CommandExecuted]	Executed DbCommand (4ms) [Parameters=[], CommandType='Text', CommandTimeout='30']
SELECT `b`.`id`, `b`.`brigadeNumber`, `b`.`brigadeSlotsCount`, `s0`.`brigadeId`, `s0`.`scheduledTime`, `s0`.`applicationId`, `s0`.`id`, `s0`.`addresWasUpdated`, `s0`.`addressId`, `s0`.`day`, `s0`.`endHour`, `s0`.`firstPart`, `s0`.`freeCable`, `s0`.`ignored`, `s0`.`important`, `s0`.`inSchedule`, `s0`.`masterComment`, `s0`.`masterCommentWasUpdated`, `s0`.`maxDaysForConnection`, `s0`.`month`, `s0`.`operatorComment`, `s0`.`operatorCommentWasUpdated`, `s0`.`secondPart`, `s0`.`startHour`, `s0`.`statusWasChecked`, `s0`.`statusWasUpdated`, `s0`.`stretchingStatus`, `s0`.`tarChangeApp`, `s0`.`timeRangeIsSet`, `s0`.`urgent`, `s0`.`year`, `s0`.`Id0`, `s0`.`blackoutGroup`, `s0`.`building`, `s0`.`districtname`, `s0`.`equipmentAccess`, `s0`.`streetName`
FROM `brigades` AS `b`
LEFT JOIN (
    SELECT `s`.`brigadeId`, `s`.`scheduledTime`, `s`.`applicationId`, `a`.`id`, `a`.`addresWasUpdated`, `a`.`addressId`, `a`.`day`, `a`.`endHour`, `a`.`firstPart`, `a`.`freeCable`, `a`.`ignored`, `a`.`important`, `a`.`inSchedule`, `a`.`masterComment`, `a`.`masterCommentWasUpdated`, `a`.`maxDaysForConnection`, `a`.`month`, `a`.`operatorComment`, `a`.`operatorCommentWasUpdated`, `a`.`secondPart`, `a`.`startHour`, `a`.`statusWasChecked`, `a`.`statusWasUpdated`, `a`.`stretchingStatus`, `a`.`tarChangeApp`, `a`.`timeRangeIsSet`, `a`.`urgent`, `a`.`year`, `a0`.`Id` AS `Id0`, `a0`.`blackoutGroup`, `a0`.`building`, `a0`.`districtname`, `a0`.`equipmentAccess`, `a0`.`streetName`
    FROM `ScheduledApplicationModel` AS `s`
    INNER JOIN `applications` AS `a` ON `s`.`applicationId` = `a`.`id`
    LEFT JOIN `addresses` AS `a0` ON `a`.`addressId` = `a0`.`Id`
) AS `s0` ON `b`.`id` = `s0`.`brigadeId`
ORDER BY `b`.`id`, `s0`.`brigadeId`, `s0`.`scheduledTime`, `s0`.`id`
2025-06-08T06:25:19.1913776+03:00	INFO	[ZAK.DA.BrigadeRepository]	[0]	Retrieved 1 brigades
2025-06-08T06:25:19.2376325+03:00	INFO	[ZAK.DA.AddressRepository]	[0]	Retrieved 126 addresses
2025-06-08T06:25:19.8110735+03:00	INFO	[ZAK.DA.AddressRepository]	[0]	Getting all addresses
2025-06-08T06:25:19.8218239+03:00	INFO	[Microsoft.EntityFrameworkCore.Database.Command]	[Microsoft.EntityFrameworkCore.Database.Command.CommandExecuted]	Executed DbCommand (7ms) [Parameters=[], CommandType='Text', CommandTimeout='30']
SELECT `a`.`Id`, `a`.`blackoutGroup`, `a`.`building`, `a`.`districtname`, `a`.`equipmentAccess`, `a`.`streetName`, `a0`.`addressId`, `a0`.`buildingAlias`, `a0`.`streetAlias`, `a1`.`addressId`, `a1`.`priority`, `c`.`addressId`, `c`.`lat`, `c`.`lon`
FROM `addresses` AS `a`
LEFT JOIN `addressAliases` AS `a0` ON `a`.`Id` = `a0`.`addressId`
LEFT JOIN `addressPriorities` AS `a1` ON `a`.`Id` = `a1`.`addressId`
LEFT JOIN `coordinates` AS `c` ON `a`.`Id` = `c`.`addressId`
2025-06-08T06:25:19.8440666+03:00	INFO	[ZAK.DA.AddressRepository]	[0]	Retrieved 126 addresses
2025-06-08T06:25:20.4130595+03:00	INFO	[ZAK.Components.Pages.SchedulePage.BrigadeList]	[0]	Getting all brigades...
2025-06-08T06:25:20.4131236+03:00	INFO	[ZAK.DA.BrigadeRepository]	[0]	Getting all brigades
2025-06-08T06:25:20.4211348+03:00	INFO	[Microsoft.EntityFrameworkCore.Database.Command]	[Microsoft.EntityFrameworkCore.Database.Command.CommandExecuted]	Executed DbCommand (4ms) [Parameters=[], CommandType='Text', CommandTimeout='30']
SELECT `b`.`id`, `b`.`brigadeNumber`, `b`.`brigadeSlotsCount`, `s0`.`brigadeId`, `s0`.`scheduledTime`, `s0`.`applicationId`, `s0`.`id`, `s0`.`addresWasUpdated`, `s0`.`addressId`, `s0`.`day`, `s0`.`endHour`, `s0`.`firstPart`, `s0`.`freeCable`, `s0`.`ignored`, `s0`.`important`, `s0`.`inSchedule`, `s0`.`masterComment`, `s0`.`masterCommentWasUpdated`, `s0`.`maxDaysForConnection`, `s0`.`month`, `s0`.`operatorComment`, `s0`.`operatorCommentWasUpdated`, `s0`.`secondPart`, `s0`.`startHour`, `s0`.`statusWasChecked`, `s0`.`statusWasUpdated`, `s0`.`stretchingStatus`, `s0`.`tarChangeApp`, `s0`.`timeRangeIsSet`, `s0`.`urgent`, `s0`.`year`, `s0`.`Id0`, `s0`.`blackoutGroup`, `s0`.`building`, `s0`.`districtname`, `s0`.`equipmentAccess`, `s0`.`streetName`
FROM `brigades` AS `b`
LEFT JOIN (
    SELECT `s`.`brigadeId`, `s`.`scheduledTime`, `s`.`applicationId`, `a`.`id`, `a`.`addresWasUpdated`, `a`.`addressId`, `a`.`day`, `a`.`endHour`, `a`.`firstPart`, `a`.`freeCable`, `a`.`ignored`, `a`.`important`, `a`.`inSchedule`, `a`.`masterComment`, `a`.`masterCommentWasUpdated`, `a`.`maxDaysForConnection`, `a`.`month`, `a`.`operatorComment`, `a`.`operatorCommentWasUpdated`, `a`.`secondPart`, `a`.`startHour`, `a`.`statusWasChecked`, `a`.`statusWasUpdated`, `a`.`stretchingStatus`, `a`.`tarChangeApp`, `a`.`timeRangeIsSet`, `a`.`urgent`, `a`.`year`, `a0`.`Id` AS `Id0`, `a0`.`blackoutGroup`, `a0`.`building`, `a0`.`districtname`, `a0`.`equipmentAccess`, `a0`.`streetName`
    FROM `ScheduledApplicationModel` AS `s`
    INNER JOIN `applications` AS `a` ON `s`.`applicationId` = `a`.`id`
    LEFT JOIN `addresses` AS `a0` ON `a`.`addressId` = `a0`.`Id`
) AS `s0` ON `b`.`id` = `s0`.`brigadeId`
ORDER BY `b`.`id`, `s0`.`brigadeId`, `s0`.`scheduledTime`, `s0`.`id`
2025-06-08T06:25:20.4249493+03:00	INFO	[ZAK.Components.Pages.SchedulePage.MapComponentLeaflet]	[0]	MapComponentLeaflet is rendered for the first time
2025-06-08T06:25:20.4272656+03:00	INFO	[ZAK.DA.BrigadeRepository]	[0]	Retrieved 1 brigades
2025-06-08T06:25:20.4669855+03:00	INFO	[ZAK.Components.Pages.SchedulePage.MapComponentLeaflet]	[0]	MapComponentLeaflet is drawing paths
2025-06-08T06:25:20.4705231+03:00	INFO	[ZAK.MapRoutesManager.MapRoutesManager]	[0]	Populationg brigades with applications
2025-06-08T06:25:20.4754668+03:00	INFO	[ZAK.DA.BrigadeRepository]	[0]	Getting all brigades with scheduled application info
2025-06-08T06:25:20.5790431+03:00	INFO	[Microsoft.EntityFrameworkCore.Database.Command]	[Microsoft.EntityFrameworkCore.Database.Command.CommandExecuted]	Executed DbCommand (7ms) [Parameters=[], CommandType='Text', CommandTimeout='30']
SELECT `b`.`id`, `b`.`brigadeNumber`, `b`.`brigadeSlotsCount`, `s0`.`brigadeId`, `s0`.`scheduledTime`, `s0`.`applicationId`, `s0`.`id`, `s0`.`addresWasUpdated`, `s0`.`addressId`, `s0`.`day`, `s0`.`endHour`, `s0`.`firstPart`, `s0`.`freeCable`, `s0`.`ignored`, `s0`.`important`, `s0`.`inSchedule`, `s0`.`masterComment`, `s0`.`masterCommentWasUpdated`, `s0`.`maxDaysForConnection`, `s0`.`month`, `s0`.`operatorComment`, `s0`.`operatorCommentWasUpdated`, `s0`.`secondPart`, `s0`.`startHour`, `s0`.`statusWasChecked`, `s0`.`statusWasUpdated`, `s0`.`stretchingStatus`, `s0`.`tarChangeApp`, `s0`.`timeRangeIsSet`, `s0`.`urgent`, `s0`.`year`, `s0`.`Id0`, `s0`.`blackoutGroup`, `s0`.`building`, `s0`.`districtname`, `s0`.`equipmentAccess`, `s0`.`streetName`, `s0`.`addressId0`, `s0`.`lat`, `s0`.`lon`
FROM `brigades` AS `b`
LEFT JOIN (
    SELECT `s`.`brigadeId`, `s`.`scheduledTime`, `s`.`applicationId`, `a`.`id`, `a`.`addresWasUpdated`, `a`.`addressId`, `a`.`day`, `a`.`endHour`, `a`.`firstPart`, `a`.`freeCable`, `a`.`ignored`, `a`.`important`, `a`.`inSchedule`, `a`.`masterComment`, `a`.`masterCommentWasUpdated`, `a`.`maxDaysForConnection`, `a`.`month`, `a`.`operatorComment`, `a`.`operatorCommentWasUpdated`, `a`.`secondPart`, `a`.`startHour`, `a`.`statusWasChecked`, `a`.`statusWasUpdated`, `a`.`stretchingStatus`, `a`.`tarChangeApp`, `a`.`timeRangeIsSet`, `a`.`urgent`, `a`.`year`, `a0`.`Id` AS `Id0`, `a0`.`blackoutGroup`, `a0`.`building`, `a0`.`districtname`, `a0`.`equipmentAccess`, `a0`.`streetName`, `c`.`addressId` AS `addressId0`, `c`.`lat`, `c`.`lon`
    FROM `ScheduledApplicationModel` AS `s`
    INNER JOIN `applications` AS `a` ON `s`.`applicationId` = `a`.`id`
    LEFT JOIN `addresses` AS `a0` ON `a`.`addressId` = `a0`.`Id`
    LEFT JOIN `coordinates` AS `c` ON `a0`.`Id` = `c`.`addressId`
) AS `s0` ON `b`.`id` = `s0`.`brigadeId`
ORDER BY `b`.`id`, `s0`.`brigadeId`, `s0`.`scheduledTime`, `s0`.`id`, `s0`.`Id0`
2025-06-08T06:25:20.5905620+03:00	INFO	[ZAK.DA.BrigadeRepository]	[0]	Retrieved 1 brigades with scheduled application info
2025-06-08T06:25:20.5911907+03:00	INFO	[ZAK.MapRoutesManager.MapRoutesManager]	[0]	Calculating routes...
2025-06-08T06:25:21.3810108+03:00	INFO	[ZAK.Components.Pages.SchedulePage.MapComponentLeaflet]	[0]	MapComponentLeaflet is drawing paths
2025-06-08T06:25:21.5486868+03:00	INFO	[ZAK.Components.Pages.SchedulePage.MapComponentLeaflet]	[0]	MapComponentLeaflet is drawing markers
2025-06-08T06:25:21.5525207+03:00	INFO	[ZAK.DA.ApplicationRepository]	[0]	Getting all applications with ignoring
2025-06-08T06:25:21.5974309+03:00	INFO	[Microsoft.EntityFrameworkCore.Database.Command]	[Microsoft.EntityFrameworkCore.Database.Command.CommandExecuted]	Executed DbCommand (7ms) [Parameters=[], CommandType='Text', CommandTimeout='30']
SELECT `a`.`id`, `a`.`addresWasUpdated`, `a`.`addressId`, `a`.`day`, `a`.`endHour`, `a`.`firstPart`, `a`.`freeCable`, `a`.`ignored`, `a`.`important`, `a`.`inSchedule`, `a`.`masterComment`, `a`.`masterCommentWasUpdated`, `a`.`maxDaysForConnection`, `a`.`month`, `a`.`operatorComment`, `a`.`operatorCommentWasUpdated`, `a`.`secondPart`, `a`.`startHour`, `a`.`statusWasChecked`, `a`.`statusWasUpdated`, `a`.`stretchingStatus`, `a`.`tarChangeApp`, `a`.`timeRangeIsSet`, `a`.`urgent`, `a`.`year`, `a0`.`Id`, `a0`.`blackoutGroup`, `a0`.`building`, `a0`.`districtname`, `a0`.`equipmentAccess`, `a0`.`streetName`, `d`.`name`, `d`.`color`, `c`.`addressId`, `c`.`lat`, `c`.`lon`
FROM `applications` AS `a`
LEFT JOIN `addresses` AS `a0` ON `a`.`addressId` = `a0`.`Id`
LEFT JOIN `districts` AS `d` ON `a0`.`districtname` = `d`.`name`
LEFT JOIN `coordinates` AS `c` ON `a0`.`Id` = `c`.`addressId`
2025-06-08T06:25:21.6125503+03:00	INFO	[ZAK.DA.ApplicationRepository]	[0]	Retrieved 89 applications (not ignored)
2025-06-08T06:25:32.3320113+03:00	INFO	[ZAK.DA.ApplicationRepository]	[0]	Getting all applications
2025-06-08T06:25:32.3419508+03:00	INFO	[Microsoft.EntityFrameworkCore.Database.Command]	[Microsoft.EntityFrameworkCore.Database.Command.CommandExecuted]	Executed DbCommand (5ms) [Parameters=[], CommandType='Text', CommandTimeout='30']
SELECT `a`.`id`, `a`.`addresWasUpdated`, `a`.`addressId`, `a`.`day`, `a`.`endHour`, `a`.`firstPart`, `a`.`freeCable`, `a`.`ignored`, `a`.`important`, `a`.`inSchedule`, `a`.`masterComment`, `a`.`masterCommentWasUpdated`, `a`.`maxDaysForConnection`, `a`.`month`, `a`.`operatorComment`, `a`.`operatorCommentWasUpdated`, `a`.`secondPart`, `a`.`startHour`, `a`.`statusWasChecked`, `a`.`statusWasUpdated`, `a`.`stretchingStatus`, `a`.`tarChangeApp`, `a`.`timeRangeIsSet`, `a`.`urgent`, `a`.`year`, `a0`.`Id`, `a0`.`blackoutGroup`, `a0`.`building`, `a0`.`districtname`, `a0`.`equipmentAccess`, `a0`.`streetName`, `d`.`name`, `d`.`color`, `c`.`addressId`, `c`.`lat`, `c`.`lon`
FROM `applications` AS `a`
LEFT JOIN `addresses` AS `a0` ON `a`.`addressId` = `a0`.`Id`
LEFT JOIN `districts` AS `d` ON `a0`.`districtname` = `d`.`name`
LEFT JOIN `coordinates` AS `c` ON `a0`.`Id` = `c`.`addressId`
2025-06-08T06:25:32.3521194+03:00	INFO	[ZAK.DA.ApplicationRepository]	[0]	Retrieved 105 applications
2025-06-08T06:25:35.1149756+03:00	INFO	[ZAK.Components.Pages.ApplicationsPage.Applications]	[0]	Updating application with id: 187085
2025-06-08T06:25:35.1187546+03:00	INFO	[ZAK.DA.ApplicationRepository]	[0]	Updating application: ZAK.DA.Application
2025-06-08T06:25:35.1736424+03:00	INFO	[ZAK.Components.Pages.ApplicationsPage.Applications]	[0]	Updating application with id: 187085
2025-06-08T06:25:35.1737482+03:00	INFO	[ZAK.DA.ApplicationRepository]	[0]	Updating application: ZAK.DA.Application
2025-06-08T06:25:35.3227588+03:00	INFO	[Microsoft.EntityFrameworkCore.Database.Command]	[Microsoft.EntityFrameworkCore.Database.Command.CommandExecuted]	Executed DbCommand (120ms) [Parameters=[@__entity_id_0='187085'], CommandType='Text', CommandTimeout='30']
SELECT `a`.`id`, `a`.`addresWasUpdated`, `a`.`addressId`, `a`.`day`, `a`.`endHour`, `a`.`firstPart`, `a`.`freeCable`, `a`.`ignored`, `a`.`important`, `a`.`inSchedule`, `a`.`masterComment`, `a`.`masterCommentWasUpdated`, `a`.`maxDaysForConnection`, `a`.`month`, `a`.`operatorComment`, `a`.`operatorCommentWasUpdated`, `a`.`secondPart`, `a`.`startHour`, `a`.`statusWasChecked`, `a`.`statusWasUpdated`, `a`.`stretchingStatus`, `a`.`tarChangeApp`, `a`.`timeRangeIsSet`, `a`.`urgent`, `a`.`year`, `a0`.`Id`, `a0`.`blackoutGroup`, `a0`.`building`, `a0`.`districtname`, `a0`.`equipmentAccess`, `a0`.`streetName`
FROM `applications` AS `a`
LEFT JOIN `addresses` AS `a0` ON `a`.`addressId` = `a0`.`Id`
WHERE `a`.`id` = @__entity_id_0
LIMIT 1
2025-06-08T06:25:35.3227589+03:00	INFO	[Microsoft.EntityFrameworkCore.Database.Command]	[Microsoft.EntityFrameworkCore.Database.Command.CommandExecuted]	Executed DbCommand (120ms) [Parameters=[@__entity_id_0='187085'], CommandType='Text', CommandTimeout='30']
SELECT `a`.`id`, `a`.`addresWasUpdated`, `a`.`addressId`, `a`.`day`, `a`.`endHour`, `a`.`firstPart`, `a`.`freeCable`, `a`.`ignored`, `a`.`important`, `a`.`inSchedule`, `a`.`masterComment`, `a`.`masterCommentWasUpdated`, `a`.`maxDaysForConnection`, `a`.`month`, `a`.`operatorComment`, `a`.`operatorCommentWasUpdated`, `a`.`secondPart`, `a`.`startHour`, `a`.`statusWasChecked`, `a`.`statusWasUpdated`, `a`.`stretchingStatus`, `a`.`tarChangeApp`, `a`.`timeRangeIsSet`, `a`.`urgent`, `a`.`year`, `a0`.`Id`, `a0`.`blackoutGroup`, `a0`.`building`, `a0`.`districtname`, `a0`.`equipmentAccess`, `a0`.`streetName`
FROM `applications` AS `a`
LEFT JOIN `addresses` AS `a0` ON `a`.`addressId` = `a0`.`Id`
WHERE `a`.`id` = @__entity_id_0
LIMIT 1
2025-06-08T06:25:35.4428510+03:00	INFO	[ZAK.DA.ApplicationRepository]	[0]	Application updated successfully: ZAK.DA.Application
2025-06-08T06:25:35.4448310+03:00	INFO	[ZAK.DA.ApplicationRepository]	[0]	Getting all applications
2025-06-08T06:25:35.4482799+03:00	INFO	[ZAK.DA.ApplicationRepository]	[0]	Application updated successfully: ZAK.DA.Application
2025-06-08T06:25:35.4543023+03:00	INFO	[Microsoft.EntityFrameworkCore.Database.Command]	[Microsoft.EntityFrameworkCore.Database.Command.CommandExecuted]	Executed DbCommand (5ms) [Parameters=[], CommandType='Text', CommandTimeout='30']
SELECT `a`.`id`, `a`.`addresWasUpdated`, `a`.`addressId`, `a`.`day`, `a`.`endHour`, `a`.`firstPart`, `a`.`freeCable`, `a`.`ignored`, `a`.`important`, `a`.`inSchedule`, `a`.`masterComment`, `a`.`masterCommentWasUpdated`, `a`.`maxDaysForConnection`, `a`.`month`, `a`.`operatorComment`, `a`.`operatorCommentWasUpdated`, `a`.`secondPart`, `a`.`startHour`, `a`.`statusWasChecked`, `a`.`statusWasUpdated`, `a`.`stretchingStatus`, `a`.`tarChangeApp`, `a`.`timeRangeIsSet`, `a`.`urgent`, `a`.`year`, `a0`.`Id`, `a0`.`blackoutGroup`, `a0`.`building`, `a0`.`districtname`, `a0`.`equipmentAccess`, `a0`.`streetName`, `d`.`name`, `d`.`color`, `c`.`addressId`, `c`.`lat`, `c`.`lon`
FROM `applications` AS `a`
LEFT JOIN `addresses` AS `a0` ON `a`.`addressId` = `a0`.`Id`
LEFT JOIN `districts` AS `d` ON `a0`.`districtname` = `d`.`name`
LEFT JOIN `coordinates` AS `c` ON `a0`.`Id` = `c`.`addressId`
2025-06-08T06:25:35.4636934+03:00	INFO	[ZAK.DA.ApplicationRepository]	[0]	Retrieved 105 applications
2025-06-08T06:25:38.7806002+03:00	INFO	[ZAK.Components.Pages.ApplicationsPage.Applications]	[0]	Updating application with id: 187085
2025-06-08T06:25:38.7806608+03:00	INFO	[ZAK.DA.ApplicationRepository]	[0]	Updating application: ZAK.DA.Application
2025-06-08T06:25:38.7856519+03:00	INFO	[ZAK.Components.Pages.ApplicationsPage.Applications]	[0]	Updating application with id: 187085
2025-06-08T06:25:38.7856908+03:00	INFO	[ZAK.DA.ApplicationRepository]	[0]	Updating application: ZAK.DA.Application
2025-06-08T06:25:38.7909370+03:00	INFO	[Microsoft.EntityFrameworkCore.Database.Command]	[Microsoft.EntityFrameworkCore.Database.Command.CommandExecuted]	Executed DbCommand (3ms) [Parameters=[@__entity_id_0='187085'], CommandType='Text', CommandTimeout='30']
SELECT `a`.`id`, `a`.`addresWasUpdated`, `a`.`addressId`, `a`.`day`, `a`.`endHour`, `a`.`firstPart`, `a`.`freeCable`, `a`.`ignored`, `a`.`important`, `a`.`inSchedule`, `a`.`masterComment`, `a`.`masterCommentWasUpdated`, `a`.`maxDaysForConnection`, `a`.`month`, `a`.`operatorComment`, `a`.`operatorCommentWasUpdated`, `a`.`secondPart`, `a`.`startHour`, `a`.`statusWasChecked`, `a`.`statusWasUpdated`, `a`.`stretchingStatus`, `a`.`tarChangeApp`, `a`.`timeRangeIsSet`, `a`.`urgent`, `a`.`year`, `a0`.`Id`, `a0`.`blackoutGroup`, `a0`.`building`, `a0`.`districtname`, `a0`.`equipmentAccess`, `a0`.`streetName`
FROM `applications` AS `a`
LEFT JOIN `addresses` AS `a0` ON `a`.`addressId` = `a0`.`Id`
WHERE `a`.`id` = @__entity_id_0
LIMIT 1
2025-06-08T06:25:38.7929061+03:00	INFO	[Microsoft.EntityFrameworkCore.Database.Command]	[Microsoft.EntityFrameworkCore.Database.Command.CommandExecuted]	Executed DbCommand (3ms) [Parameters=[@__entity_id_0='187085'], CommandType='Text', CommandTimeout='30']
SELECT `a`.`id`, `a`.`addresWasUpdated`, `a`.`addressId`, `a`.`day`, `a`.`endHour`, `a`.`firstPart`, `a`.`freeCable`, `a`.`ignored`, `a`.`important`, `a`.`inSchedule`, `a`.`masterComment`, `a`.`masterCommentWasUpdated`, `a`.`maxDaysForConnection`, `a`.`month`, `a`.`operatorComment`, `a`.`operatorCommentWasUpdated`, `a`.`secondPart`, `a`.`startHour`, `a`.`statusWasChecked`, `a`.`statusWasUpdated`, `a`.`stretchingStatus`, `a`.`tarChangeApp`, `a`.`timeRangeIsSet`, `a`.`urgent`, `a`.`year`, `a0`.`Id`, `a0`.`blackoutGroup`, `a0`.`building`, `a0`.`districtname`, `a0`.`equipmentAccess`, `a0`.`streetName`
FROM `applications` AS `a`
LEFT JOIN `addresses` AS `a0` ON `a`.`addressId` = `a0`.`Id`
WHERE `a`.`id` = @__entity_id_0
LIMIT 1
2025-06-08T06:25:38.7995482+03:00	INFO	[ZAK.DA.ApplicationRepository]	[0]	Application updated successfully: ZAK.DA.Application
2025-06-08T06:25:38.7996414+03:00	INFO	[ZAK.DA.ApplicationRepository]	[0]	Getting all applications
2025-06-08T06:25:38.8019197+03:00	INFO	[ZAK.DA.ApplicationRepository]	[0]	Application updated successfully: ZAK.DA.Application
2025-06-08T06:25:38.8124773+03:00	INFO	[Microsoft.EntityFrameworkCore.Database.Command]	[Microsoft.EntityFrameworkCore.Database.Command.CommandExecuted]	Executed DbCommand (8ms) [Parameters=[], CommandType='Text', CommandTimeout='30']
SELECT `a`.`id`, `a`.`addresWasUpdated`, `a`.`addressId`, `a`.`day`, `a`.`endHour`, `a`.`firstPart`, `a`.`freeCable`, `a`.`ignored`, `a`.`important`, `a`.`inSchedule`, `a`.`masterComment`, `a`.`masterCommentWasUpdated`, `a`.`maxDaysForConnection`, `a`.`month`, `a`.`operatorComment`, `a`.`operatorCommentWasUpdated`, `a`.`secondPart`, `a`.`startHour`, `a`.`statusWasChecked`, `a`.`statusWasUpdated`, `a`.`stretchingStatus`, `a`.`tarChangeApp`, `a`.`timeRangeIsSet`, `a`.`urgent`, `a`.`year`, `a0`.`Id`, `a0`.`blackoutGroup`, `a0`.`building`, `a0`.`districtname`, `a0`.`equipmentAccess`, `a0`.`streetName`, `d`.`name`, `d`.`color`, `c`.`addressId`, `c`.`lat`, `c`.`lon`
FROM `applications` AS `a`
LEFT JOIN `addresses` AS `a0` ON `a`.`addressId` = `a0`.`Id`
LEFT JOIN `districts` AS `d` ON `a0`.`districtname` = `d`.`name`
LEFT JOIN `coordinates` AS `c` ON `a0`.`Id` = `c`.`addressId`
2025-06-08T06:25:38.8273844+03:00	INFO	[ZAK.DA.ApplicationRepository]	[0]	Retrieved 105 applications
2025-06-08T06:30:27.6548213+03:00	INFO	[Microsoft.Hosting.Lifetime]	[ListeningOnAddress]	Now listening on: http://localhost:5205
2025-06-08T06:30:27.6634474+03:00	INFO	[Microsoft.Hosting.Lifetime]	[0]	Application started. Press Ctrl+C to shut down.
2025-06-08T06:30:27.6644066+03:00	INFO	[Microsoft.Hosting.Lifetime]	[0]	Hosting environment: Development
2025-06-08T06:30:27.6644742+03:00	INFO	[Microsoft.Hosting.Lifetime]	[0]	Content root path: D:\C#_Projects\ZAK\ZAK3\ZAK\ZAK
2025-06-08T06:30:30.6458371+03:00	WARN	[Microsoft.AspNetCore.HttpsPolicy.HttpsRedirectionMiddleware]	[FailedToDeterminePort]	Failed to determine the https port for redirect.
2025-06-08T06:30:31.1790308+03:00	INFO	[ZAK.MapRoutesManager.MapRoutesManager]	[0]	Loading OSM data...
2025-06-08T06:30:39.8497026+03:00	INFO	[ZAK.Components.Pages.SchedulePage.SchedulePage]	[0]	Initializing SchedulePage component
2025-06-08T06:30:39.8798342+03:00	INFO	[ZAK.DA.AddressRepository]	[0]	Getting all addresses
2025-06-08T06:30:40.7409737+03:00	WARN	[Microsoft.EntityFrameworkCore.Model.Validation]	[Microsoft.EntityFrameworkCore.Infrastructure.SensitiveDataLoggingEnabledWarning]	Sensitive data logging is enabled. Log entries and exception messages may include sensitive application data; this mode should only be enabled during development.
2025-06-08T06:30:41.5662279+03:00	INFO	[ZAK.Components.Pages.SchedulePage.BrigadeList]	[0]	Getting all brigades...
2025-06-08T06:30:41.5694621+03:00	INFO	[ZAK.DA.BrigadeRepository]	[0]	Getting all brigades
2025-06-08T06:30:41.7760639+03:00	INFO	[Microsoft.EntityFrameworkCore.Database.Command]	[Microsoft.EntityFrameworkCore.Database.Command.CommandExecuted]	Executed DbCommand (30ms) [Parameters=[], CommandType='Text', CommandTimeout='30']
SELECT `b`.`id`, `b`.`brigadeNumber`, `b`.`brigadeSlotsCount`, `s0`.`brigadeId`, `s0`.`scheduledTime`, `s0`.`applicationId`, `s0`.`id`, `s0`.`addresWasUpdated`, `s0`.`addressId`, `s0`.`day`, `s0`.`endHour`, `s0`.`firstPart`, `s0`.`freeCable`, `s0`.`ignored`, `s0`.`important`, `s0`.`inSchedule`, `s0`.`masterComment`, `s0`.`masterCommentWasUpdated`, `s0`.`maxDaysForConnection`, `s0`.`month`, `s0`.`operatorComment`, `s0`.`operatorCommentWasUpdated`, `s0`.`secondPart`, `s0`.`startHour`, `s0`.`statusWasChecked`, `s0`.`statusWasUpdated`, `s0`.`stretchingStatus`, `s0`.`tarChangeApp`, `s0`.`timeRangeIsSet`, `s0`.`urgent`, `s0`.`year`, `s0`.`Id0`, `s0`.`blackoutGroup`, `s0`.`building`, `s0`.`districtname`, `s0`.`equipmentAccess`, `s0`.`streetName`
FROM `brigades` AS `b`
LEFT JOIN (
    SELECT `s`.`brigadeId`, `s`.`scheduledTime`, `s`.`applicationId`, `a`.`id`, `a`.`addresWasUpdated`, `a`.`addressId`, `a`.`day`, `a`.`endHour`, `a`.`firstPart`, `a`.`freeCable`, `a`.`ignored`, `a`.`important`, `a`.`inSchedule`, `a`.`masterComment`, `a`.`masterCommentWasUpdated`, `a`.`maxDaysForConnection`, `a`.`month`, `a`.`operatorComment`, `a`.`operatorCommentWasUpdated`, `a`.`secondPart`, `a`.`startHour`, `a`.`statusWasChecked`, `a`.`statusWasUpdated`, `a`.`stretchingStatus`, `a`.`tarChangeApp`, `a`.`timeRangeIsSet`, `a`.`urgent`, `a`.`year`, `a0`.`Id` AS `Id0`, `a0`.`blackoutGroup`, `a0`.`building`, `a0`.`districtname`, `a0`.`equipmentAccess`, `a0`.`streetName`
    FROM `ScheduledApplicationModel` AS `s`
    INNER JOIN `applications` AS `a` ON `s`.`applicationId` = `a`.`id`
    LEFT JOIN `addresses` AS `a0` ON `a`.`addressId` = `a0`.`Id`
) AS `s0` ON `b`.`id` = `s0`.`brigadeId`
ORDER BY `b`.`id`, `s0`.`brigadeId`, `s0`.`scheduledTime`, `s0`.`id`
2025-06-08T06:30:41.7760622+03:00	INFO	[Microsoft.EntityFrameworkCore.Database.Command]	[Microsoft.EntityFrameworkCore.Database.Command.CommandExecuted]	Executed DbCommand (33ms) [Parameters=[], CommandType='Text', CommandTimeout='30']
SELECT `a`.`Id`, `a`.`blackoutGroup`, `a`.`building`, `a`.`districtname`, `a`.`equipmentAccess`, `a`.`streetName`, `a0`.`addressId`, `a0`.`buildingAlias`, `a0`.`streetAlias`, `a1`.`addressId`, `a1`.`priority`, `c`.`addressId`, `c`.`lat`, `c`.`lon`
FROM `addresses` AS `a`
LEFT JOIN `addressAliases` AS `a0` ON `a`.`Id` = `a0`.`addressId`
LEFT JOIN `addressPriorities` AS `a1` ON `a`.`Id` = `a1`.`addressId`
LEFT JOIN `coordinates` AS `c` ON `a`.`Id` = `c`.`addressId`
2025-06-08T06:30:41.9265597+03:00	INFO	[ZAK.DA.BrigadeRepository]	[0]	Retrieved 1 brigades
2025-06-08T06:30:42.1652754+03:00	INFO	[ZAK.DA.AddressRepository]	[0]	Retrieved 126 addresses
2025-06-08T06:30:42.7687363+03:00	INFO	[ZAK.DA.AddressRepository]	[0]	Getting all addresses
2025-06-08T06:30:42.8781569+03:00	INFO	[Microsoft.EntityFrameworkCore.Database.Command]	[Microsoft.EntityFrameworkCore.Database.Command.CommandExecuted]	Executed DbCommand (6ms) [Parameters=[], CommandType='Text', CommandTimeout='30']
SELECT `a`.`Id`, `a`.`blackoutGroup`, `a`.`building`, `a`.`districtname`, `a`.`equipmentAccess`, `a`.`streetName`, `a0`.`addressId`, `a0`.`buildingAlias`, `a0`.`streetAlias`, `a1`.`addressId`, `a1`.`priority`, `c`.`addressId`, `c`.`lat`, `c`.`lon`
FROM `addresses` AS `a`
LEFT JOIN `addressAliases` AS `a0` ON `a`.`Id` = `a0`.`addressId`
LEFT JOIN `addressPriorities` AS `a1` ON `a`.`Id` = `a1`.`addressId`
LEFT JOIN `coordinates` AS `c` ON `a`.`Id` = `c`.`addressId`
2025-06-08T06:30:42.8981653+03:00	INFO	[ZAK.DA.AddressRepository]	[0]	Retrieved 126 addresses
2025-06-08T06:30:43.2996098+03:00	INFO	[ZAK.Components.Pages.SchedulePage.BrigadeList]	[0]	Getting all brigades...
2025-06-08T06:30:43.2996710+03:00	INFO	[ZAK.DA.BrigadeRepository]	[0]	Getting all brigades
2025-06-08T06:30:43.3147652+03:00	INFO	[Microsoft.EntityFrameworkCore.Database.Command]	[Microsoft.EntityFrameworkCore.Database.Command.CommandExecuted]	Executed DbCommand (4ms) [Parameters=[], CommandType='Text', CommandTimeout='30']
SELECT `b`.`id`, `b`.`brigadeNumber`, `b`.`brigadeSlotsCount`, `s0`.`brigadeId`, `s0`.`scheduledTime`, `s0`.`applicationId`, `s0`.`id`, `s0`.`addresWasUpdated`, `s0`.`addressId`, `s0`.`day`, `s0`.`endHour`, `s0`.`firstPart`, `s0`.`freeCable`, `s0`.`ignored`, `s0`.`important`, `s0`.`inSchedule`, `s0`.`masterComment`, `s0`.`masterCommentWasUpdated`, `s0`.`maxDaysForConnection`, `s0`.`month`, `s0`.`operatorComment`, `s0`.`operatorCommentWasUpdated`, `s0`.`secondPart`, `s0`.`startHour`, `s0`.`statusWasChecked`, `s0`.`statusWasUpdated`, `s0`.`stretchingStatus`, `s0`.`tarChangeApp`, `s0`.`timeRangeIsSet`, `s0`.`urgent`, `s0`.`year`, `s0`.`Id0`, `s0`.`blackoutGroup`, `s0`.`building`, `s0`.`districtname`, `s0`.`equipmentAccess`, `s0`.`streetName`
FROM `brigades` AS `b`
LEFT JOIN (
    SELECT `s`.`brigadeId`, `s`.`scheduledTime`, `s`.`applicationId`, `a`.`id`, `a`.`addresWasUpdated`, `a`.`addressId`, `a`.`day`, `a`.`endHour`, `a`.`firstPart`, `a`.`freeCable`, `a`.`ignored`, `a`.`important`, `a`.`inSchedule`, `a`.`masterComment`, `a`.`masterCommentWasUpdated`, `a`.`maxDaysForConnection`, `a`.`month`, `a`.`operatorComment`, `a`.`operatorCommentWasUpdated`, `a`.`secondPart`, `a`.`startHour`, `a`.`statusWasChecked`, `a`.`statusWasUpdated`, `a`.`stretchingStatus`, `a`.`tarChangeApp`, `a`.`timeRangeIsSet`, `a`.`urgent`, `a`.`year`, `a0`.`Id` AS `Id0`, `a0`.`blackoutGroup`, `a0`.`building`, `a0`.`districtname`, `a0`.`equipmentAccess`, `a0`.`streetName`
    FROM `ScheduledApplicationModel` AS `s`
    INNER JOIN `applications` AS `a` ON `s`.`applicationId` = `a`.`id`
    LEFT JOIN `addresses` AS `a0` ON `a`.`addressId` = `a0`.`Id`
) AS `s0` ON `b`.`id` = `s0`.`brigadeId`
ORDER BY `b`.`id`, `s0`.`brigadeId`, `s0`.`scheduledTime`, `s0`.`id`
2025-06-08T06:30:43.3168114+03:00	INFO	[ZAK.DA.BrigadeRepository]	[0]	Retrieved 1 brigades
2025-06-08T06:30:43.6238660+03:00	INFO	[ZAK.Components.Pages.SchedulePage.SchedulePage]	[0]	Initializing SchedulePage component
2025-06-08T06:30:43.6240820+03:00	INFO	[ZAK.DA.AddressRepository]	[0]	Getting all addresses
2025-06-08T06:30:43.6278865+03:00	INFO	[ZAK.Components.Pages.SchedulePage.BrigadeList]	[0]	Getting all brigades...
2025-06-08T06:30:43.6279235+03:00	INFO	[ZAK.DA.BrigadeRepository]	[0]	Getting all brigades
2025-06-08T06:30:43.6388087+03:00	INFO	[Microsoft.EntityFrameworkCore.Database.Command]	[Microsoft.EntityFrameworkCore.Database.Command.CommandExecuted]	Executed DbCommand (7ms) [Parameters=[], CommandType='Text', CommandTimeout='30']
SELECT `b`.`id`, `b`.`brigadeNumber`, `b`.`brigadeSlotsCount`, `s0`.`brigadeId`, `s0`.`scheduledTime`, `s0`.`applicationId`, `s0`.`id`, `s0`.`addresWasUpdated`, `s0`.`addressId`, `s0`.`day`, `s0`.`endHour`, `s0`.`firstPart`, `s0`.`freeCable`, `s0`.`ignored`, `s0`.`important`, `s0`.`inSchedule`, `s0`.`masterComment`, `s0`.`masterCommentWasUpdated`, `s0`.`maxDaysForConnection`, `s0`.`month`, `s0`.`operatorComment`, `s0`.`operatorCommentWasUpdated`, `s0`.`secondPart`, `s0`.`startHour`, `s0`.`statusWasChecked`, `s0`.`statusWasUpdated`, `s0`.`stretchingStatus`, `s0`.`tarChangeApp`, `s0`.`timeRangeIsSet`, `s0`.`urgent`, `s0`.`year`, `s0`.`Id0`, `s0`.`blackoutGroup`, `s0`.`building`, `s0`.`districtname`, `s0`.`equipmentAccess`, `s0`.`streetName`
FROM `brigades` AS `b`
LEFT JOIN (
    SELECT `s`.`brigadeId`, `s`.`scheduledTime`, `s`.`applicationId`, `a`.`id`, `a`.`addresWasUpdated`, `a`.`addressId`, `a`.`day`, `a`.`endHour`, `a`.`firstPart`, `a`.`freeCable`, `a`.`ignored`, `a`.`important`, `a`.`inSchedule`, `a`.`masterComment`, `a`.`masterCommentWasUpdated`, `a`.`maxDaysForConnection`, `a`.`month`, `a`.`operatorComment`, `a`.`operatorCommentWasUpdated`, `a`.`secondPart`, `a`.`startHour`, `a`.`statusWasChecked`, `a`.`statusWasUpdated`, `a`.`stretchingStatus`, `a`.`tarChangeApp`, `a`.`timeRangeIsSet`, `a`.`urgent`, `a`.`year`, `a0`.`Id` AS `Id0`, `a0`.`blackoutGroup`, `a0`.`building`, `a0`.`districtname`, `a0`.`equipmentAccess`, `a0`.`streetName`
    FROM `ScheduledApplicationModel` AS `s`
    INNER JOIN `applications` AS `a` ON `s`.`applicationId` = `a`.`id`
    LEFT JOIN `addresses` AS `a0` ON `a`.`addressId` = `a0`.`Id`
) AS `s0` ON `b`.`id` = `s0`.`brigadeId`
ORDER BY `b`.`id`, `s0`.`brigadeId`, `s0`.`scheduledTime`, `s0`.`id`
2025-06-08T06:30:43.6471185+03:00	INFO	[Microsoft.EntityFrameworkCore.Database.Command]	[Microsoft.EntityFrameworkCore.Database.Command.CommandExecuted]	Executed DbCommand (18ms) [Parameters=[], CommandType='Text', CommandTimeout='30']
SELECT `a`.`Id`, `a`.`blackoutGroup`, `a`.`building`, `a`.`districtname`, `a`.`equipmentAccess`, `a`.`streetName`, `a0`.`addressId`, `a0`.`buildingAlias`, `a0`.`streetAlias`, `a1`.`addressId`, `a1`.`priority`, `c`.`addressId`, `c`.`lat`, `c`.`lon`
FROM `addresses` AS `a`
LEFT JOIN `addressAliases` AS `a0` ON `a`.`Id` = `a0`.`addressId`
LEFT JOIN `addressPriorities` AS `a1` ON `a`.`Id` = `a1`.`addressId`
LEFT JOIN `coordinates` AS `c` ON `a`.`Id` = `c`.`addressId`
2025-06-08T06:30:43.6489558+03:00	INFO	[ZAK.DA.BrigadeRepository]	[0]	Retrieved 1 brigades
2025-06-08T06:30:43.6938462+03:00	INFO	[ZAK.DA.AddressRepository]	[0]	Retrieved 126 addresses
2025-06-08T06:30:44.0831153+03:00	INFO	[ZAK.DA.AddressRepository]	[0]	Getting all addresses
2025-06-08T06:30:44.1014870+03:00	INFO	[Microsoft.EntityFrameworkCore.Database.Command]	[Microsoft.EntityFrameworkCore.Database.Command.CommandExecuted]	Executed DbCommand (8ms) [Parameters=[], CommandType='Text', CommandTimeout='30']
SELECT `a`.`Id`, `a`.`blackoutGroup`, `a`.`building`, `a`.`districtname`, `a`.`equipmentAccess`, `a`.`streetName`, `a0`.`addressId`, `a0`.`buildingAlias`, `a0`.`streetAlias`, `a1`.`addressId`, `a1`.`priority`, `c`.`addressId`, `c`.`lat`, `c`.`lon`
FROM `addresses` AS `a`
LEFT JOIN `addressAliases` AS `a0` ON `a`.`Id` = `a0`.`addressId`
LEFT JOIN `addressPriorities` AS `a1` ON `a`.`Id` = `a1`.`addressId`
LEFT JOIN `coordinates` AS `c` ON `a`.`Id` = `c`.`addressId`
2025-06-08T06:30:44.1179823+03:00	INFO	[ZAK.DA.AddressRepository]	[0]	Retrieved 126 addresses
2025-06-08T06:30:44.6400287+03:00	INFO	[ZAK.Components.Pages.SchedulePage.BrigadeList]	[0]	Getting all brigades...
2025-06-08T06:30:44.6400763+03:00	INFO	[ZAK.DA.BrigadeRepository]	[0]	Getting all brigades
2025-06-08T06:30:44.6604214+03:00	INFO	[Microsoft.EntityFrameworkCore.Database.Command]	[Microsoft.EntityFrameworkCore.Database.Command.CommandExecuted]	Executed DbCommand (4ms) [Parameters=[], CommandType='Text', CommandTimeout='30']
SELECT `b`.`id`, `b`.`brigadeNumber`, `b`.`brigadeSlotsCount`, `s0`.`brigadeId`, `s0`.`scheduledTime`, `s0`.`applicationId`, `s0`.`id`, `s0`.`addresWasUpdated`, `s0`.`addressId`, `s0`.`day`, `s0`.`endHour`, `s0`.`firstPart`, `s0`.`freeCable`, `s0`.`ignored`, `s0`.`important`, `s0`.`inSchedule`, `s0`.`masterComment`, `s0`.`masterCommentWasUpdated`, `s0`.`maxDaysForConnection`, `s0`.`month`, `s0`.`operatorComment`, `s0`.`operatorCommentWasUpdated`, `s0`.`secondPart`, `s0`.`startHour`, `s0`.`statusWasChecked`, `s0`.`statusWasUpdated`, `s0`.`stretchingStatus`, `s0`.`tarChangeApp`, `s0`.`timeRangeIsSet`, `s0`.`urgent`, `s0`.`year`, `s0`.`Id0`, `s0`.`blackoutGroup`, `s0`.`building`, `s0`.`districtname`, `s0`.`equipmentAccess`, `s0`.`streetName`
FROM `brigades` AS `b`
LEFT JOIN (
    SELECT `s`.`brigadeId`, `s`.`scheduledTime`, `s`.`applicationId`, `a`.`id`, `a`.`addresWasUpdated`, `a`.`addressId`, `a`.`day`, `a`.`endHour`, `a`.`firstPart`, `a`.`freeCable`, `a`.`ignored`, `a`.`important`, `a`.`inSchedule`, `a`.`masterComment`, `a`.`masterCommentWasUpdated`, `a`.`maxDaysForConnection`, `a`.`month`, `a`.`operatorComment`, `a`.`operatorCommentWasUpdated`, `a`.`secondPart`, `a`.`startHour`, `a`.`statusWasChecked`, `a`.`statusWasUpdated`, `a`.`stretchingStatus`, `a`.`tarChangeApp`, `a`.`timeRangeIsSet`, `a`.`urgent`, `a`.`year`, `a0`.`Id` AS `Id0`, `a0`.`blackoutGroup`, `a0`.`building`, `a0`.`districtname`, `a0`.`equipmentAccess`, `a0`.`streetName`
    FROM `ScheduledApplicationModel` AS `s`
    INNER JOIN `applications` AS `a` ON `s`.`applicationId` = `a`.`id`
    LEFT JOIN `addresses` AS `a0` ON `a`.`addressId` = `a0`.`Id`
) AS `s0` ON `b`.`id` = `s0`.`brigadeId`
ORDER BY `b`.`id`, `s0`.`brigadeId`, `s0`.`scheduledTime`, `s0`.`id`
2025-06-08T06:30:44.6612712+03:00	INFO	[ZAK.DA.BrigadeRepository]	[0]	Retrieved 1 brigades
2025-06-08T06:30:44.6781638+03:00	INFO	[ZAK.DA.ApplicationRepository]	[0]	Getting all applications
2025-06-08T06:30:44.7107840+03:00	INFO	[Microsoft.EntityFrameworkCore.Database.Command]	[Microsoft.EntityFrameworkCore.Database.Command.CommandExecuted]	Executed DbCommand (5ms) [Parameters=[], CommandType='Text', CommandTimeout='30']
SELECT `a`.`id`, `a`.`addresWasUpdated`, `a`.`addressId`, `a`.`day`, `a`.`endHour`, `a`.`firstPart`, `a`.`freeCable`, `a`.`ignored`, `a`.`important`, `a`.`inSchedule`, `a`.`masterComment`, `a`.`masterCommentWasUpdated`, `a`.`maxDaysForConnection`, `a`.`month`, `a`.`operatorComment`, `a`.`operatorCommentWasUpdated`, `a`.`secondPart`, `a`.`startHour`, `a`.`statusWasChecked`, `a`.`statusWasUpdated`, `a`.`stretchingStatus`, `a`.`tarChangeApp`, `a`.`timeRangeIsSet`, `a`.`urgent`, `a`.`year`, `a0`.`Id`, `a0`.`blackoutGroup`, `a0`.`building`, `a0`.`districtname`, `a0`.`equipmentAccess`, `a0`.`streetName`, `d`.`name`, `d`.`color`, `c`.`addressId`, `c`.`lat`, `c`.`lon`
FROM `applications` AS `a`
LEFT JOIN `addresses` AS `a0` ON `a`.`addressId` = `a0`.`Id`
LEFT JOIN `districts` AS `d` ON `a0`.`districtname` = `d`.`name`
LEFT JOIN `coordinates` AS `c` ON `a0`.`Id` = `c`.`addressId`
2025-06-08T06:30:44.7225243+03:00	INFO	[ZAK.DA.ApplicationRepository]	[0]	Retrieved 105 applications
2025-06-08T06:30:49.3917230+03:00	INFO	[ZAK.DA.ApplicationRepository]	[0]	Updating application: ZAK.DA.Application
2025-06-08T06:30:49.5361393+03:00	INFO	[Microsoft.EntityFrameworkCore.Database.Command]	[Microsoft.EntityFrameworkCore.Database.Command.CommandExecuted]	Executed DbCommand (53ms) [Parameters=[@__entity_id_0='187085'], CommandType='Text', CommandTimeout='30']
SELECT `a`.`id`, `a`.`addresWasUpdated`, `a`.`addressId`, `a`.`day`, `a`.`endHour`, `a`.`firstPart`, `a`.`freeCable`, `a`.`ignored`, `a`.`important`, `a`.`inSchedule`, `a`.`masterComment`, `a`.`masterCommentWasUpdated`, `a`.`maxDaysForConnection`, `a`.`month`, `a`.`operatorComment`, `a`.`operatorCommentWasUpdated`, `a`.`secondPart`, `a`.`startHour`, `a`.`statusWasChecked`, `a`.`statusWasUpdated`, `a`.`stretchingStatus`, `a`.`tarChangeApp`, `a`.`timeRangeIsSet`, `a`.`urgent`, `a`.`year`, `a0`.`Id`, `a0`.`blackoutGroup`, `a0`.`building`, `a0`.`districtname`, `a0`.`equipmentAccess`, `a0`.`streetName`
FROM `applications` AS `a`
LEFT JOIN `addresses` AS `a0` ON `a`.`addressId` = `a0`.`Id`
WHERE `a`.`id` = @__entity_id_0
LIMIT 1
2025-06-08T06:30:49.7374924+03:00	INFO	[Microsoft.EntityFrameworkCore.Database.Command]	[Microsoft.EntityFrameworkCore.Database.Command.CommandExecuted]	Executed DbCommand (18ms) [Parameters=[@p1='187085', @p0='False'], CommandType='Text', CommandTimeout='30']
SET AUTOCOMMIT = 1;
UPDATE `applications` SET `statusWasChecked` = @p0
WHERE `id` = @p1;
SELECT ROW_COUNT();
2025-06-08T06:30:49.7528626+03:00	INFO	[ZAK.DA.ApplicationRepository]	[0]	Application updated successfully: ZAK.DA.Application
2025-06-08T06:30:55.0991743+03:00	INFO	[ZAK.Components.Pages.SchedulePage.SchedulePage]	[0]	Initializing SchedulePage component
2025-06-08T06:30:55.0992623+03:00	INFO	[ZAK.DA.AddressRepository]	[0]	Getting all addresses
2025-06-08T06:30:55.1043939+03:00	INFO	[ZAK.Components.Pages.SchedulePage.BrigadeList]	[0]	Getting all brigades...
2025-06-08T06:30:55.1044368+03:00	INFO	[ZAK.DA.BrigadeRepository]	[0]	Getting all brigades
2025-06-08T06:30:55.1192290+03:00	INFO	[Microsoft.EntityFrameworkCore.Database.Command]	[Microsoft.EntityFrameworkCore.Database.Command.CommandExecuted]	Executed DbCommand (14ms) [Parameters=[], CommandType='Text', CommandTimeout='30']
SELECT `a`.`Id`, `a`.`blackoutGroup`, `a`.`building`, `a`.`districtname`, `a`.`equipmentAccess`, `a`.`streetName`, `a0`.`addressId`, `a0`.`buildingAlias`, `a0`.`streetAlias`, `a1`.`addressId`, `a1`.`priority`, `c`.`addressId`, `c`.`lat`, `c`.`lon`
FROM `addresses` AS `a`
LEFT JOIN `addressAliases` AS `a0` ON `a`.`Id` = `a0`.`addressId`
LEFT JOIN `addressPriorities` AS `a1` ON `a`.`Id` = `a1`.`addressId`
LEFT JOIN `coordinates` AS `c` ON `a`.`Id` = `c`.`addressId`
2025-06-08T06:30:55.1229003+03:00	INFO	[Microsoft.EntityFrameworkCore.Database.Command]	[Microsoft.EntityFrameworkCore.Database.Command.CommandExecuted]	Executed DbCommand (5ms) [Parameters=[], CommandType='Text', CommandTimeout='30']
SELECT `b`.`id`, `b`.`brigadeNumber`, `b`.`brigadeSlotsCount`, `s0`.`brigadeId`, `s0`.`scheduledTime`, `s0`.`applicationId`, `s0`.`id`, `s0`.`addresWasUpdated`, `s0`.`addressId`, `s0`.`day`, `s0`.`endHour`, `s0`.`firstPart`, `s0`.`freeCable`, `s0`.`ignored`, `s0`.`important`, `s0`.`inSchedule`, `s0`.`masterComment`, `s0`.`masterCommentWasUpdated`, `s0`.`maxDaysForConnection`, `s0`.`month`, `s0`.`operatorComment`, `s0`.`operatorCommentWasUpdated`, `s0`.`secondPart`, `s0`.`startHour`, `s0`.`statusWasChecked`, `s0`.`statusWasUpdated`, `s0`.`stretchingStatus`, `s0`.`tarChangeApp`, `s0`.`timeRangeIsSet`, `s0`.`urgent`, `s0`.`year`, `s0`.`Id0`, `s0`.`blackoutGroup`, `s0`.`building`, `s0`.`districtname`, `s0`.`equipmentAccess`, `s0`.`streetName`
FROM `brigades` AS `b`
LEFT JOIN (
    SELECT `s`.`brigadeId`, `s`.`scheduledTime`, `s`.`applicationId`, `a`.`id`, `a`.`addresWasUpdated`, `a`.`addressId`, `a`.`day`, `a`.`endHour`, `a`.`firstPart`, `a`.`freeCable`, `a`.`ignored`, `a`.`important`, `a`.`inSchedule`, `a`.`masterComment`, `a`.`masterCommentWasUpdated`, `a`.`maxDaysForConnection`, `a`.`month`, `a`.`operatorComment`, `a`.`operatorCommentWasUpdated`, `a`.`secondPart`, `a`.`startHour`, `a`.`statusWasChecked`, `a`.`statusWasUpdated`, `a`.`stretchingStatus`, `a`.`tarChangeApp`, `a`.`timeRangeIsSet`, `a`.`urgent`, `a`.`year`, `a0`.`Id` AS `Id0`, `a0`.`blackoutGroup`, `a0`.`building`, `a0`.`districtname`, `a0`.`equipmentAccess`, `a0`.`streetName`
    FROM `ScheduledApplicationModel` AS `s`
    INNER JOIN `applications` AS `a` ON `s`.`applicationId` = `a`.`id`
    LEFT JOIN `addresses` AS `a0` ON `a`.`addressId` = `a0`.`Id`
) AS `s0` ON `b`.`id` = `s0`.`brigadeId`
ORDER BY `b`.`id`, `s0`.`brigadeId`, `s0`.`scheduledTime`, `s0`.`id`
2025-06-08T06:30:55.1236572+03:00	INFO	[ZAK.DA.BrigadeRepository]	[0]	Retrieved 1 brigades
2025-06-08T06:30:55.1415080+03:00	INFO	[ZAK.DA.AddressRepository]	[0]	Retrieved 126 addresses
2025-06-08T06:30:55.5805865+03:00	INFO	[ZAK.DA.AddressRepository]	[0]	Getting all addresses
2025-06-08T06:30:55.5901336+03:00	INFO	[Microsoft.EntityFrameworkCore.Database.Command]	[Microsoft.EntityFrameworkCore.Database.Command.CommandExecuted]	Executed DbCommand (6ms) [Parameters=[], CommandType='Text', CommandTimeout='30']
SELECT `a`.`Id`, `a`.`blackoutGroup`, `a`.`building`, `a`.`districtname`, `a`.`equipmentAccess`, `a`.`streetName`, `a0`.`addressId`, `a0`.`buildingAlias`, `a0`.`streetAlias`, `a1`.`addressId`, `a1`.`priority`, `c`.`addressId`, `c`.`lat`, `c`.`lon`
FROM `addresses` AS `a`
LEFT JOIN `addressAliases` AS `a0` ON `a`.`Id` = `a0`.`addressId`
LEFT JOIN `addressPriorities` AS `a1` ON `a`.`Id` = `a1`.`addressId`
LEFT JOIN `coordinates` AS `c` ON `a`.`Id` = `c`.`addressId`
2025-06-08T06:30:55.6049352+03:00	INFO	[ZAK.DA.AddressRepository]	[0]	Retrieved 126 addresses
2025-06-08T06:30:55.9834378+03:00	INFO	[ZAK.Components.Pages.SchedulePage.BrigadeList]	[0]	Getting all brigades...
2025-06-08T06:30:55.9834682+03:00	INFO	[ZAK.DA.BrigadeRepository]	[0]	Getting all brigades
2025-06-08T06:30:55.9947628+03:00	INFO	[Microsoft.EntityFrameworkCore.Database.Command]	[Microsoft.EntityFrameworkCore.Database.Command.CommandExecuted]	Executed DbCommand (4ms) [Parameters=[], CommandType='Text', CommandTimeout='30']
SELECT `b`.`id`, `b`.`brigadeNumber`, `b`.`brigadeSlotsCount`, `s0`.`brigadeId`, `s0`.`scheduledTime`, `s0`.`applicationId`, `s0`.`id`, `s0`.`addresWasUpdated`, `s0`.`addressId`, `s0`.`day`, `s0`.`endHour`, `s0`.`firstPart`, `s0`.`freeCable`, `s0`.`ignored`, `s0`.`important`, `s0`.`inSchedule`, `s0`.`masterComment`, `s0`.`masterCommentWasUpdated`, `s0`.`maxDaysForConnection`, `s0`.`month`, `s0`.`operatorComment`, `s0`.`operatorCommentWasUpdated`, `s0`.`secondPart`, `s0`.`startHour`, `s0`.`statusWasChecked`, `s0`.`statusWasUpdated`, `s0`.`stretchingStatus`, `s0`.`tarChangeApp`, `s0`.`timeRangeIsSet`, `s0`.`urgent`, `s0`.`year`, `s0`.`Id0`, `s0`.`blackoutGroup`, `s0`.`building`, `s0`.`districtname`, `s0`.`equipmentAccess`, `s0`.`streetName`
FROM `brigades` AS `b`
LEFT JOIN (
    SELECT `s`.`brigadeId`, `s`.`scheduledTime`, `s`.`applicationId`, `a`.`id`, `a`.`addresWasUpdated`, `a`.`addressId`, `a`.`day`, `a`.`endHour`, `a`.`firstPart`, `a`.`freeCable`, `a`.`ignored`, `a`.`important`, `a`.`inSchedule`, `a`.`masterComment`, `a`.`masterCommentWasUpdated`, `a`.`maxDaysForConnection`, `a`.`month`, `a`.`operatorComment`, `a`.`operatorCommentWasUpdated`, `a`.`secondPart`, `a`.`startHour`, `a`.`statusWasChecked`, `a`.`statusWasUpdated`, `a`.`stretchingStatus`, `a`.`tarChangeApp`, `a`.`timeRangeIsSet`, `a`.`urgent`, `a`.`year`, `a0`.`Id` AS `Id0`, `a0`.`blackoutGroup`, `a0`.`building`, `a0`.`districtname`, `a0`.`equipmentAccess`, `a0`.`streetName`
    FROM `ScheduledApplicationModel` AS `s`
    INNER JOIN `applications` AS `a` ON `s`.`applicationId` = `a`.`id`
    LEFT JOIN `addresses` AS `a0` ON `a`.`addressId` = `a0`.`Id`
) AS `s0` ON `b`.`id` = `s0`.`brigadeId`
ORDER BY `b`.`id`, `s0`.`brigadeId`, `s0`.`scheduledTime`, `s0`.`id`
2025-06-08T06:30:55.9951150+03:00	INFO	[ZAK.DA.BrigadeRepository]	[0]	Retrieved 1 brigades
2025-06-08T06:30:56.0042935+03:00	INFO	[ZAK.Components.Pages.SchedulePage.SchedulePage]	[0]	Initializing SchedulePage component
2025-06-08T06:30:56.0043274+03:00	INFO	[ZAK.DA.AddressRepository]	[0]	Getting all addresses
2025-06-08T06:30:56.0057603+03:00	INFO	[ZAK.Components.Pages.SchedulePage.BrigadeList]	[0]	Getting all brigades...
2025-06-08T06:30:56.0057975+03:00	INFO	[ZAK.DA.BrigadeRepository]	[0]	Getting all brigades
2025-06-08T06:30:56.0120404+03:00	INFO	[Microsoft.EntityFrameworkCore.Database.Command]	[Microsoft.EntityFrameworkCore.Database.Command.CommandExecuted]	Executed DbCommand (3ms) [Parameters=[], CommandType='Text', CommandTimeout='30']
SELECT `b`.`id`, `b`.`brigadeNumber`, `b`.`brigadeSlotsCount`, `s0`.`brigadeId`, `s0`.`scheduledTime`, `s0`.`applicationId`, `s0`.`id`, `s0`.`addresWasUpdated`, `s0`.`addressId`, `s0`.`day`, `s0`.`endHour`, `s0`.`firstPart`, `s0`.`freeCable`, `s0`.`ignored`, `s0`.`important`, `s0`.`inSchedule`, `s0`.`masterComment`, `s0`.`masterCommentWasUpdated`, `s0`.`maxDaysForConnection`, `s0`.`month`, `s0`.`operatorComment`, `s0`.`operatorCommentWasUpdated`, `s0`.`secondPart`, `s0`.`startHour`, `s0`.`statusWasChecked`, `s0`.`statusWasUpdated`, `s0`.`stretchingStatus`, `s0`.`tarChangeApp`, `s0`.`timeRangeIsSet`, `s0`.`urgent`, `s0`.`year`, `s0`.`Id0`, `s0`.`blackoutGroup`, `s0`.`building`, `s0`.`districtname`, `s0`.`equipmentAccess`, `s0`.`streetName`
FROM `brigades` AS `b`
LEFT JOIN (
    SELECT `s`.`brigadeId`, `s`.`scheduledTime`, `s`.`applicationId`, `a`.`id`, `a`.`addresWasUpdated`, `a`.`addressId`, `a`.`day`, `a`.`endHour`, `a`.`firstPart`, `a`.`freeCable`, `a`.`ignored`, `a`.`important`, `a`.`inSchedule`, `a`.`masterComment`, `a`.`masterCommentWasUpdated`, `a`.`maxDaysForConnection`, `a`.`month`, `a`.`operatorComment`, `a`.`operatorCommentWasUpdated`, `a`.`secondPart`, `a`.`startHour`, `a`.`statusWasChecked`, `a`.`statusWasUpdated`, `a`.`stretchingStatus`, `a`.`tarChangeApp`, `a`.`timeRangeIsSet`, `a`.`urgent`, `a`.`year`, `a0`.`Id` AS `Id0`, `a0`.`blackoutGroup`, `a0`.`building`, `a0`.`districtname`, `a0`.`equipmentAccess`, `a0`.`streetName`
    FROM `ScheduledApplicationModel` AS `s`
    INNER JOIN `applications` AS `a` ON `s`.`applicationId` = `a`.`id`
    LEFT JOIN `addresses` AS `a0` ON `a`.`addressId` = `a0`.`Id`
) AS `s0` ON `b`.`id` = `s0`.`brigadeId`
ORDER BY `b`.`id`, `s0`.`brigadeId`, `s0`.`scheduledTime`, `s0`.`id`
2025-06-08T06:30:56.0125421+03:00	INFO	[ZAK.DA.BrigadeRepository]	[0]	Retrieved 1 brigades
2025-06-08T06:30:56.0162449+03:00	INFO	[Microsoft.EntityFrameworkCore.Database.Command]	[Microsoft.EntityFrameworkCore.Database.Command.CommandExecuted]	Executed DbCommand (9ms) [Parameters=[], CommandType='Text', CommandTimeout='30']
SELECT `a`.`Id`, `a`.`blackoutGroup`, `a`.`building`, `a`.`districtname`, `a`.`equipmentAccess`, `a`.`streetName`, `a0`.`addressId`, `a0`.`buildingAlias`, `a0`.`streetAlias`, `a1`.`addressId`, `a1`.`priority`, `c`.`addressId`, `c`.`lat`, `c`.`lon`
FROM `addresses` AS `a`
LEFT JOIN `addressAliases` AS `a0` ON `a`.`Id` = `a0`.`addressId`
LEFT JOIN `addressPriorities` AS `a1` ON `a`.`Id` = `a1`.`addressId`
LEFT JOIN `coordinates` AS `c` ON `a`.`Id` = `c`.`addressId`
2025-06-08T06:30:56.0229962+03:00	INFO	[ZAK.DA.AddressRepository]	[0]	Retrieved 126 addresses
2025-06-08T06:30:56.3098582+03:00	INFO	[ZAK.DA.AddressRepository]	[0]	Getting all addresses
2025-06-08T06:30:56.3244911+03:00	INFO	[Microsoft.EntityFrameworkCore.Database.Command]	[Microsoft.EntityFrameworkCore.Database.Command.CommandExecuted]	Executed DbCommand (8ms) [Parameters=[], CommandType='Text', CommandTimeout='30']
SELECT `a`.`Id`, `a`.`blackoutGroup`, `a`.`building`, `a`.`districtname`, `a`.`equipmentAccess`, `a`.`streetName`, `a0`.`addressId`, `a0`.`buildingAlias`, `a0`.`streetAlias`, `a1`.`addressId`, `a1`.`priority`, `c`.`addressId`, `c`.`lat`, `c`.`lon`
FROM `addresses` AS `a`
LEFT JOIN `addressAliases` AS `a0` ON `a`.`Id` = `a0`.`addressId`
LEFT JOIN `addressPriorities` AS `a1` ON `a`.`Id` = `a1`.`addressId`
LEFT JOIN `coordinates` AS `c` ON `a`.`Id` = `c`.`addressId`
2025-06-08T06:30:56.3299332+03:00	INFO	[ZAK.DA.AddressRepository]	[0]	Retrieved 126 addresses
2025-06-08T06:30:56.6398684+03:00	INFO	[ZAK.Components.Pages.SchedulePage.BrigadeList]	[0]	Getting all brigades...
2025-06-08T06:30:56.6398934+03:00	INFO	[ZAK.DA.BrigadeRepository]	[0]	Getting all brigades
2025-06-08T06:30:56.6458610+03:00	INFO	[ZAK.Components.Pages.SchedulePage.MapComponentLeaflet]	[0]	MapComponentLeaflet is rendered for the first time
2025-06-08T06:30:56.6505058+03:00	INFO	[Microsoft.EntityFrameworkCore.Database.Command]	[Microsoft.EntityFrameworkCore.Database.Command.CommandExecuted]	Executed DbCommand (5ms) [Parameters=[], CommandType='Text', CommandTimeout='30']
SELECT `b`.`id`, `b`.`brigadeNumber`, `b`.`brigadeSlotsCount`, `s0`.`brigadeId`, `s0`.`scheduledTime`, `s0`.`applicationId`, `s0`.`id`, `s0`.`addresWasUpdated`, `s0`.`addressId`, `s0`.`day`, `s0`.`endHour`, `s0`.`firstPart`, `s0`.`freeCable`, `s0`.`ignored`, `s0`.`important`, `s0`.`inSchedule`, `s0`.`masterComment`, `s0`.`masterCommentWasUpdated`, `s0`.`maxDaysForConnection`, `s0`.`month`, `s0`.`operatorComment`, `s0`.`operatorCommentWasUpdated`, `s0`.`secondPart`, `s0`.`startHour`, `s0`.`statusWasChecked`, `s0`.`statusWasUpdated`, `s0`.`stretchingStatus`, `s0`.`tarChangeApp`, `s0`.`timeRangeIsSet`, `s0`.`urgent`, `s0`.`year`, `s0`.`Id0`, `s0`.`blackoutGroup`, `s0`.`building`, `s0`.`districtname`, `s0`.`equipmentAccess`, `s0`.`streetName`
FROM `brigades` AS `b`
LEFT JOIN (
    SELECT `s`.`brigadeId`, `s`.`scheduledTime`, `s`.`applicationId`, `a`.`id`, `a`.`addresWasUpdated`, `a`.`addressId`, `a`.`day`, `a`.`endHour`, `a`.`firstPart`, `a`.`freeCable`, `a`.`ignored`, `a`.`important`, `a`.`inSchedule`, `a`.`masterComment`, `a`.`masterCommentWasUpdated`, `a`.`maxDaysForConnection`, `a`.`month`, `a`.`operatorComment`, `a`.`operatorCommentWasUpdated`, `a`.`secondPart`, `a`.`startHour`, `a`.`statusWasChecked`, `a`.`statusWasUpdated`, `a`.`stretchingStatus`, `a`.`tarChangeApp`, `a`.`timeRangeIsSet`, `a`.`urgent`, `a`.`year`, `a0`.`Id` AS `Id0`, `a0`.`blackoutGroup`, `a0`.`building`, `a0`.`districtname`, `a0`.`equipmentAccess`, `a0`.`streetName`
    FROM `ScheduledApplicationModel` AS `s`
    INNER JOIN `applications` AS `a` ON `s`.`applicationId` = `a`.`id`
    LEFT JOIN `addresses` AS `a0` ON `a`.`addressId` = `a0`.`Id`
) AS `s0` ON `b`.`id` = `s0`.`brigadeId`
ORDER BY `b`.`id`, `s0`.`brigadeId`, `s0`.`scheduledTime`, `s0`.`id`
2025-06-08T06:30:56.6509848+03:00	INFO	[ZAK.DA.BrigadeRepository]	[0]	Retrieved 1 brigades
2025-06-08T06:30:56.6932885+03:00	INFO	[ZAK.Components.Pages.SchedulePage.MapComponentLeaflet]	[0]	MapComponentLeaflet is drawing paths
2025-06-08T06:30:56.7725205+03:00	INFO	[ZAK.MapRoutesManager.MapRoutesManager]	[0]	Populationg brigades with applications
2025-06-08T06:30:56.7759161+03:00	INFO	[ZAK.DA.BrigadeRepository]	[0]	Getting all brigades with scheduled application info
2025-06-08T06:30:56.8549683+03:00	INFO	[Microsoft.EntityFrameworkCore.Database.Command]	[Microsoft.EntityFrameworkCore.Database.Command.CommandExecuted]	Executed DbCommand (4ms) [Parameters=[], CommandType='Text', CommandTimeout='30']
SELECT `b`.`id`, `b`.`brigadeNumber`, `b`.`brigadeSlotsCount`, `s0`.`brigadeId`, `s0`.`scheduledTime`, `s0`.`applicationId`, `s0`.`id`, `s0`.`addresWasUpdated`, `s0`.`addressId`, `s0`.`day`, `s0`.`endHour`, `s0`.`firstPart`, `s0`.`freeCable`, `s0`.`ignored`, `s0`.`important`, `s0`.`inSchedule`, `s0`.`masterComment`, `s0`.`masterCommentWasUpdated`, `s0`.`maxDaysForConnection`, `s0`.`month`, `s0`.`operatorComment`, `s0`.`operatorCommentWasUpdated`, `s0`.`secondPart`, `s0`.`startHour`, `s0`.`statusWasChecked`, `s0`.`statusWasUpdated`, `s0`.`stretchingStatus`, `s0`.`tarChangeApp`, `s0`.`timeRangeIsSet`, `s0`.`urgent`, `s0`.`year`, `s0`.`Id0`, `s0`.`blackoutGroup`, `s0`.`building`, `s0`.`districtname`, `s0`.`equipmentAccess`, `s0`.`streetName`, `s0`.`addressId0`, `s0`.`lat`, `s0`.`lon`
FROM `brigades` AS `b`
LEFT JOIN (
    SELECT `s`.`brigadeId`, `s`.`scheduledTime`, `s`.`applicationId`, `a`.`id`, `a`.`addresWasUpdated`, `a`.`addressId`, `a`.`day`, `a`.`endHour`, `a`.`firstPart`, `a`.`freeCable`, `a`.`ignored`, `a`.`important`, `a`.`inSchedule`, `a`.`masterComment`, `a`.`masterCommentWasUpdated`, `a`.`maxDaysForConnection`, `a`.`month`, `a`.`operatorComment`, `a`.`operatorCommentWasUpdated`, `a`.`secondPart`, `a`.`startHour`, `a`.`statusWasChecked`, `a`.`statusWasUpdated`, `a`.`stretchingStatus`, `a`.`tarChangeApp`, `a`.`timeRangeIsSet`, `a`.`urgent`, `a`.`year`, `a0`.`Id` AS `Id0`, `a0`.`blackoutGroup`, `a0`.`building`, `a0`.`districtname`, `a0`.`equipmentAccess`, `a0`.`streetName`, `c`.`addressId` AS `addressId0`, `c`.`lat`, `c`.`lon`
    FROM `ScheduledApplicationModel` AS `s`
    INNER JOIN `applications` AS `a` ON `s`.`applicationId` = `a`.`id`
    LEFT JOIN `addresses` AS `a0` ON `a`.`addressId` = `a0`.`Id`
    LEFT JOIN `coordinates` AS `c` ON `a0`.`Id` = `c`.`addressId`
) AS `s0` ON `b`.`id` = `s0`.`brigadeId`
ORDER BY `b`.`id`, `s0`.`brigadeId`, `s0`.`scheduledTime`, `s0`.`id`, `s0`.`Id0`
2025-06-08T06:30:56.8723542+03:00	INFO	[ZAK.DA.BrigadeRepository]	[0]	Retrieved 1 brigades with scheduled application info
2025-06-08T06:30:56.8726105+03:00	INFO	[ZAK.MapRoutesManager.MapRoutesManager]	[0]	Calculating routes...
2025-06-08T06:30:58.1932902+03:00	INFO	[ZAK.Components.Pages.SchedulePage.MapComponentLeaflet]	[0]	MapComponentLeaflet is drawing paths
2025-06-08T06:30:58.4318002+03:00	INFO	[ZAK.Components.Pages.SchedulePage.MapComponentLeaflet]	[0]	MapComponentLeaflet is drawing markers
2025-06-08T06:30:58.4345217+03:00	INFO	[ZAK.DA.ApplicationRepository]	[0]	Getting all applications with ignoring
2025-06-08T06:30:58.4392144+03:00	INFO	[ZAK.DA.ApplicationRepository]	[0]	Getting all applications
2025-06-08T06:30:58.4446126+03:00	INFO	[Microsoft.EntityFrameworkCore.Database.Command]	[Microsoft.EntityFrameworkCore.Database.Command.CommandExecuted]	Executed DbCommand (5ms) [Parameters=[], CommandType='Text', CommandTimeout='30']
SELECT `a`.`id`, `a`.`addresWasUpdated`, `a`.`addressId`, `a`.`day`, `a`.`endHour`, `a`.`firstPart`, `a`.`freeCable`, `a`.`ignored`, `a`.`important`, `a`.`inSchedule`, `a`.`masterComment`, `a`.`masterCommentWasUpdated`, `a`.`maxDaysForConnection`, `a`.`month`, `a`.`operatorComment`, `a`.`operatorCommentWasUpdated`, `a`.`secondPart`, `a`.`startHour`, `a`.`statusWasChecked`, `a`.`statusWasUpdated`, `a`.`stretchingStatus`, `a`.`tarChangeApp`, `a`.`timeRangeIsSet`, `a`.`urgent`, `a`.`year`, `a0`.`Id`, `a0`.`blackoutGroup`, `a0`.`building`, `a0`.`districtname`, `a0`.`equipmentAccess`, `a0`.`streetName`, `d`.`name`, `d`.`color`, `c`.`addressId`, `c`.`lat`, `c`.`lon`
FROM `applications` AS `a`
LEFT JOIN `addresses` AS `a0` ON `a`.`addressId` = `a0`.`Id`
LEFT JOIN `districts` AS `d` ON `a0`.`districtname` = `d`.`name`
LEFT JOIN `coordinates` AS `c` ON `a0`.`Id` = `c`.`addressId`
2025-06-08T06:30:58.4571329+03:00	INFO	[Microsoft.EntityFrameworkCore.Database.Command]	[Microsoft.EntityFrameworkCore.Database.Command.CommandExecuted]	Executed DbCommand (11ms) [Parameters=[], CommandType='Text', CommandTimeout='30']
SELECT `a`.`id`, `a`.`addresWasUpdated`, `a`.`addressId`, `a`.`day`, `a`.`endHour`, `a`.`firstPart`, `a`.`freeCable`, `a`.`ignored`, `a`.`important`, `a`.`inSchedule`, `a`.`masterComment`, `a`.`masterCommentWasUpdated`, `a`.`maxDaysForConnection`, `a`.`month`, `a`.`operatorComment`, `a`.`operatorCommentWasUpdated`, `a`.`secondPart`, `a`.`startHour`, `a`.`statusWasChecked`, `a`.`statusWasUpdated`, `a`.`stretchingStatus`, `a`.`tarChangeApp`, `a`.`timeRangeIsSet`, `a`.`urgent`, `a`.`year`, `a0`.`Id`, `a0`.`blackoutGroup`, `a0`.`building`, `a0`.`districtname`, `a0`.`equipmentAccess`, `a0`.`streetName`, `d`.`name`, `d`.`color`, `c`.`addressId`, `c`.`lat`, `c`.`lon`
FROM `applications` AS `a`
LEFT JOIN `addresses` AS `a0` ON `a`.`addressId` = `a0`.`Id`
LEFT JOIN `districts` AS `d` ON `a0`.`districtname` = `d`.`name`
LEFT JOIN `coordinates` AS `c` ON `a0`.`Id` = `c`.`addressId`
2025-06-08T06:30:58.4640480+03:00	INFO	[ZAK.DA.ApplicationRepository]	[0]	Retrieved 89 applications (not ignored)
2025-06-08T06:30:58.4791920+03:00	INFO	[ZAK.DA.ApplicationRepository]	[0]	Retrieved 105 applications
2025-06-08T06:31:01.8320898+03:00	INFO	[ZAK.DA.ApplicationRepository]	[0]	Updating application: ZAK.DA.Application
2025-06-08T06:31:01.8416326+03:00	INFO	[Microsoft.EntityFrameworkCore.Database.Command]	[Microsoft.EntityFrameworkCore.Database.Command.CommandExecuted]	Executed DbCommand (4ms) [Parameters=[@__entity_id_0='187085'], CommandType='Text', CommandTimeout='30']
SELECT `a`.`id`, `a`.`addresWasUpdated`, `a`.`addressId`, `a`.`day`, `a`.`endHour`, `a`.`firstPart`, `a`.`freeCable`, `a`.`ignored`, `a`.`important`, `a`.`inSchedule`, `a`.`masterComment`, `a`.`masterCommentWasUpdated`, `a`.`maxDaysForConnection`, `a`.`month`, `a`.`operatorComment`, `a`.`operatorCommentWasUpdated`, `a`.`secondPart`, `a`.`startHour`, `a`.`statusWasChecked`, `a`.`statusWasUpdated`, `a`.`stretchingStatus`, `a`.`tarChangeApp`, `a`.`timeRangeIsSet`, `a`.`urgent`, `a`.`year`, `a0`.`Id`, `a0`.`blackoutGroup`, `a0`.`building`, `a0`.`districtname`, `a0`.`equipmentAccess`, `a0`.`streetName`
FROM `applications` AS `a`
LEFT JOIN `addresses` AS `a0` ON `a`.`addressId` = `a0`.`Id`
WHERE `a`.`id` = @__entity_id_0
LIMIT 1
2025-06-08T06:31:01.8682778+03:00	INFO	[Microsoft.EntityFrameworkCore.Database.Command]	[Microsoft.EntityFrameworkCore.Database.Command.CommandExecuted]	Executed DbCommand (20ms) [Parameters=[@p1='187085', @p0='True'], CommandType='Text', CommandTimeout='30']
SET AUTOCOMMIT = 1;
UPDATE `applications` SET `statusWasChecked` = @p0
WHERE `id` = @p1;
SELECT ROW_COUNT();
2025-06-08T06:31:01.8691087+03:00	INFO	[ZAK.DA.ApplicationRepository]	[0]	Application updated successfully: ZAK.DA.Application
2025-06-08T06:31:02.8928588+03:00	INFO	[ZAK.Components.Pages.SchedulePage.SchedulePage]	[0]	Initializing SchedulePage component
2025-06-08T06:31:02.8929525+03:00	INFO	[ZAK.DA.AddressRepository]	[0]	Getting all addresses
2025-06-08T06:31:02.8950444+03:00	INFO	[ZAK.Components.Pages.SchedulePage.BrigadeList]	[0]	Getting all brigades...
2025-06-08T06:31:02.8950771+03:00	INFO	[ZAK.DA.BrigadeRepository]	[0]	Getting all brigades
2025-06-08T06:31:02.9193356+03:00	INFO	[Microsoft.EntityFrameworkCore.Database.Command]	[Microsoft.EntityFrameworkCore.Database.Command.CommandExecuted]	Executed DbCommand (20ms) [Parameters=[], CommandType='Text', CommandTimeout='30']
SELECT `a`.`Id`, `a`.`blackoutGroup`, `a`.`building`, `a`.`districtname`, `a`.`equipmentAccess`, `a`.`streetName`, `a0`.`addressId`, `a0`.`buildingAlias`, `a0`.`streetAlias`, `a1`.`addressId`, `a1`.`priority`, `c`.`addressId`, `c`.`lat`, `c`.`lon`
FROM `addresses` AS `a`
LEFT JOIN `addressAliases` AS `a0` ON `a`.`Id` = `a0`.`addressId`
LEFT JOIN `addressPriorities` AS `a1` ON `a`.`Id` = `a1`.`addressId`
LEFT JOIN `coordinates` AS `c` ON `a`.`Id` = `c`.`addressId`
2025-06-08T06:31:02.9207697+03:00	INFO	[Microsoft.EntityFrameworkCore.Database.Command]	[Microsoft.EntityFrameworkCore.Database.Command.CommandExecuted]	Executed DbCommand (20ms) [Parameters=[], CommandType='Text', CommandTimeout='30']
SELECT `b`.`id`, `b`.`brigadeNumber`, `b`.`brigadeSlotsCount`, `s0`.`brigadeId`, `s0`.`scheduledTime`, `s0`.`applicationId`, `s0`.`id`, `s0`.`addresWasUpdated`, `s0`.`addressId`, `s0`.`day`, `s0`.`endHour`, `s0`.`firstPart`, `s0`.`freeCable`, `s0`.`ignored`, `s0`.`important`, `s0`.`inSchedule`, `s0`.`masterComment`, `s0`.`masterCommentWasUpdated`, `s0`.`maxDaysForConnection`, `s0`.`month`, `s0`.`operatorComment`, `s0`.`operatorCommentWasUpdated`, `s0`.`secondPart`, `s0`.`startHour`, `s0`.`statusWasChecked`, `s0`.`statusWasUpdated`, `s0`.`stretchingStatus`, `s0`.`tarChangeApp`, `s0`.`timeRangeIsSet`, `s0`.`urgent`, `s0`.`year`, `s0`.`Id0`, `s0`.`blackoutGroup`, `s0`.`building`, `s0`.`districtname`, `s0`.`equipmentAccess`, `s0`.`streetName`
FROM `brigades` AS `b`
LEFT JOIN (
    SELECT `s`.`brigadeId`, `s`.`scheduledTime`, `s`.`applicationId`, `a`.`id`, `a`.`addresWasUpdated`, `a`.`addressId`, `a`.`day`, `a`.`endHour`, `a`.`firstPart`, `a`.`freeCable`, `a`.`ignored`, `a`.`important`, `a`.`inSchedule`, `a`.`masterComment`, `a`.`masterCommentWasUpdated`, `a`.`maxDaysForConnection`, `a`.`month`, `a`.`operatorComment`, `a`.`operatorCommentWasUpdated`, `a`.`secondPart`, `a`.`startHour`, `a`.`statusWasChecked`, `a`.`statusWasUpdated`, `a`.`stretchingStatus`, `a`.`tarChangeApp`, `a`.`timeRangeIsSet`, `a`.`urgent`, `a`.`year`, `a0`.`Id` AS `Id0`, `a0`.`blackoutGroup`, `a0`.`building`, `a0`.`districtname`, `a0`.`equipmentAccess`, `a0`.`streetName`
    FROM `ScheduledApplicationModel` AS `s`
    INNER JOIN `applications` AS `a` ON `s`.`applicationId` = `a`.`id`
    LEFT JOIN `addresses` AS `a0` ON `a`.`addressId` = `a0`.`Id`
) AS `s0` ON `b`.`id` = `s0`.`brigadeId`
ORDER BY `b`.`id`, `s0`.`brigadeId`, `s0`.`scheduledTime`, `s0`.`id`
2025-06-08T06:31:02.9220235+03:00	INFO	[ZAK.DA.BrigadeRepository]	[0]	Retrieved 1 brigades
2025-06-08T06:31:02.9324113+03:00	INFO	[ZAK.DA.AddressRepository]	[0]	Retrieved 126 addresses
2025-06-08T06:31:03.2633123+03:00	INFO	[ZAK.DA.AddressRepository]	[0]	Getting all addresses
2025-06-08T06:31:03.2761117+03:00	INFO	[Microsoft.EntityFrameworkCore.Database.Command]	[Microsoft.EntityFrameworkCore.Database.Command.CommandExecuted]	Executed DbCommand (9ms) [Parameters=[], CommandType='Text', CommandTimeout='30']
SELECT `a`.`Id`, `a`.`blackoutGroup`, `a`.`building`, `a`.`districtname`, `a`.`equipmentAccess`, `a`.`streetName`, `a0`.`addressId`, `a0`.`buildingAlias`, `a0`.`streetAlias`, `a1`.`addressId`, `a1`.`priority`, `c`.`addressId`, `c`.`lat`, `c`.`lon`
FROM `addresses` AS `a`
LEFT JOIN `addressAliases` AS `a0` ON `a`.`Id` = `a0`.`addressId`
LEFT JOIN `addressPriorities` AS `a1` ON `a`.`Id` = `a1`.`addressId`
LEFT JOIN `coordinates` AS `c` ON `a`.`Id` = `c`.`addressId`
2025-06-08T06:31:03.2816034+03:00	INFO	[ZAK.DA.AddressRepository]	[0]	Retrieved 126 addresses
2025-06-08T06:31:03.5939528+03:00	INFO	[ZAK.Components.Pages.SchedulePage.BrigadeList]	[0]	Getting all brigades...
2025-06-08T06:31:03.5939733+03:00	INFO	[ZAK.DA.BrigadeRepository]	[0]	Getting all brigades
2025-06-08T06:31:03.6009121+03:00	INFO	[Microsoft.EntityFrameworkCore.Database.Command]	[Microsoft.EntityFrameworkCore.Database.Command.CommandExecuted]	Executed DbCommand (4ms) [Parameters=[], CommandType='Text', CommandTimeout='30']
SELECT `b`.`id`, `b`.`brigadeNumber`, `b`.`brigadeSlotsCount`, `s0`.`brigadeId`, `s0`.`scheduledTime`, `s0`.`applicationId`, `s0`.`id`, `s0`.`addresWasUpdated`, `s0`.`addressId`, `s0`.`day`, `s0`.`endHour`, `s0`.`firstPart`, `s0`.`freeCable`, `s0`.`ignored`, `s0`.`important`, `s0`.`inSchedule`, `s0`.`masterComment`, `s0`.`masterCommentWasUpdated`, `s0`.`maxDaysForConnection`, `s0`.`month`, `s0`.`operatorComment`, `s0`.`operatorCommentWasUpdated`, `s0`.`secondPart`, `s0`.`startHour`, `s0`.`statusWasChecked`, `s0`.`statusWasUpdated`, `s0`.`stretchingStatus`, `s0`.`tarChangeApp`, `s0`.`timeRangeIsSet`, `s0`.`urgent`, `s0`.`year`, `s0`.`Id0`, `s0`.`blackoutGroup`, `s0`.`building`, `s0`.`districtname`, `s0`.`equipmentAccess`, `s0`.`streetName`
FROM `brigades` AS `b`
LEFT JOIN (
    SELECT `s`.`brigadeId`, `s`.`scheduledTime`, `s`.`applicationId`, `a`.`id`, `a`.`addresWasUpdated`, `a`.`addressId`, `a`.`day`, `a`.`endHour`, `a`.`firstPart`, `a`.`freeCable`, `a`.`ignored`, `a`.`important`, `a`.`inSchedule`, `a`.`masterComment`, `a`.`masterCommentWasUpdated`, `a`.`maxDaysForConnection`, `a`.`month`, `a`.`operatorComment`, `a`.`operatorCommentWasUpdated`, `a`.`secondPart`, `a`.`startHour`, `a`.`statusWasChecked`, `a`.`statusWasUpdated`, `a`.`stretchingStatus`, `a`.`tarChangeApp`, `a`.`timeRangeIsSet`, `a`.`urgent`, `a`.`year`, `a0`.`Id` AS `Id0`, `a0`.`blackoutGroup`, `a0`.`building`, `a0`.`districtname`, `a0`.`equipmentAccess`, `a0`.`streetName`
    FROM `ScheduledApplicationModel` AS `s`
    INNER JOIN `applications` AS `a` ON `s`.`applicationId` = `a`.`id`
    LEFT JOIN `addresses` AS `a0` ON `a`.`addressId` = `a0`.`Id`
) AS `s0` ON `b`.`id` = `s0`.`brigadeId`
ORDER BY `b`.`id`, `s0`.`brigadeId`, `s0`.`scheduledTime`, `s0`.`id`
2025-06-08T06:31:03.6013926+03:00	INFO	[ZAK.DA.BrigadeRepository]	[0]	Retrieved 1 brigades
2025-06-08T06:31:03.6087899+03:00	INFO	[ZAK.Components.Pages.SchedulePage.SchedulePage]	[0]	Initializing SchedulePage component
2025-06-08T06:31:03.6088198+03:00	INFO	[ZAK.DA.AddressRepository]	[0]	Getting all addresses
2025-06-08T06:31:03.6106976+03:00	INFO	[ZAK.Components.Pages.SchedulePage.BrigadeList]	[0]	Getting all brigades...
2025-06-08T06:31:03.6107234+03:00	INFO	[ZAK.DA.BrigadeRepository]	[0]	Getting all brigades
2025-06-08T06:31:03.6212204+03:00	INFO	[Microsoft.EntityFrameworkCore.Database.Command]	[Microsoft.EntityFrameworkCore.Database.Command.CommandExecuted]	Executed DbCommand (6ms) [Parameters=[], CommandType='Text', CommandTimeout='30']
SELECT `b`.`id`, `b`.`brigadeNumber`, `b`.`brigadeSlotsCount`, `s0`.`brigadeId`, `s0`.`scheduledTime`, `s0`.`applicationId`, `s0`.`id`, `s0`.`addresWasUpdated`, `s0`.`addressId`, `s0`.`day`, `s0`.`endHour`, `s0`.`firstPart`, `s0`.`freeCable`, `s0`.`ignored`, `s0`.`important`, `s0`.`inSchedule`, `s0`.`masterComment`, `s0`.`masterCommentWasUpdated`, `s0`.`maxDaysForConnection`, `s0`.`month`, `s0`.`operatorComment`, `s0`.`operatorCommentWasUpdated`, `s0`.`secondPart`, `s0`.`startHour`, `s0`.`statusWasChecked`, `s0`.`statusWasUpdated`, `s0`.`stretchingStatus`, `s0`.`tarChangeApp`, `s0`.`timeRangeIsSet`, `s0`.`urgent`, `s0`.`year`, `s0`.`Id0`, `s0`.`blackoutGroup`, `s0`.`building`, `s0`.`districtname`, `s0`.`equipmentAccess`, `s0`.`streetName`
FROM `brigades` AS `b`
LEFT JOIN (
    SELECT `s`.`brigadeId`, `s`.`scheduledTime`, `s`.`applicationId`, `a`.`id`, `a`.`addresWasUpdated`, `a`.`addressId`, `a`.`day`, `a`.`endHour`, `a`.`firstPart`, `a`.`freeCable`, `a`.`ignored`, `a`.`important`, `a`.`inSchedule`, `a`.`masterComment`, `a`.`masterCommentWasUpdated`, `a`.`maxDaysForConnection`, `a`.`month`, `a`.`operatorComment`, `a`.`operatorCommentWasUpdated`, `a`.`secondPart`, `a`.`startHour`, `a`.`statusWasChecked`, `a`.`statusWasUpdated`, `a`.`stretchingStatus`, `a`.`tarChangeApp`, `a`.`timeRangeIsSet`, `a`.`urgent`, `a`.`year`, `a0`.`Id` AS `Id0`, `a0`.`blackoutGroup`, `a0`.`building`, `a0`.`districtname`, `a0`.`equipmentAccess`, `a0`.`streetName`
    FROM `ScheduledApplicationModel` AS `s`
    INNER JOIN `applications` AS `a` ON `s`.`applicationId` = `a`.`id`
    LEFT JOIN `addresses` AS `a0` ON `a`.`addressId` = `a0`.`Id`
) AS `s0` ON `b`.`id` = `s0`.`brigadeId`
ORDER BY `b`.`id`, `s0`.`brigadeId`, `s0`.`scheduledTime`, `s0`.`id`
2025-06-08T06:31:03.6217769+03:00	INFO	[ZAK.DA.BrigadeRepository]	[0]	Retrieved 1 brigades
2025-06-08T06:31:03.6236642+03:00	INFO	[Microsoft.EntityFrameworkCore.Database.Command]	[Microsoft.EntityFrameworkCore.Database.Command.CommandExecuted]	Executed DbCommand (8ms) [Parameters=[], CommandType='Text', CommandTimeout='30']
SELECT `a`.`Id`, `a`.`blackoutGroup`, `a`.`building`, `a`.`districtname`, `a`.`equipmentAccess`, `a`.`streetName`, `a0`.`addressId`, `a0`.`buildingAlias`, `a0`.`streetAlias`, `a1`.`addressId`, `a1`.`priority`, `c`.`addressId`, `c`.`lat`, `c`.`lon`
FROM `addresses` AS `a`
LEFT JOIN `addressAliases` AS `a0` ON `a`.`Id` = `a0`.`addressId`
LEFT JOIN `addressPriorities` AS `a1` ON `a`.`Id` = `a1`.`addressId`
LEFT JOIN `coordinates` AS `c` ON `a`.`Id` = `c`.`addressId`
2025-06-08T06:31:03.6312276+03:00	INFO	[ZAK.DA.AddressRepository]	[0]	Retrieved 126 addresses
2025-06-08T06:31:03.9177355+03:00	INFO	[ZAK.DA.AddressRepository]	[0]	Getting all addresses
2025-06-08T06:31:03.9264579+03:00	INFO	[Microsoft.EntityFrameworkCore.Database.Command]	[Microsoft.EntityFrameworkCore.Database.Command.CommandExecuted]	Executed DbCommand (5ms) [Parameters=[], CommandType='Text', CommandTimeout='30']
SELECT `a`.`Id`, `a`.`blackoutGroup`, `a`.`building`, `a`.`districtname`, `a`.`equipmentAccess`, `a`.`streetName`, `a0`.`addressId`, `a0`.`buildingAlias`, `a0`.`streetAlias`, `a1`.`addressId`, `a1`.`priority`, `c`.`addressId`, `c`.`lat`, `c`.`lon`
FROM `addresses` AS `a`
LEFT JOIN `addressAliases` AS `a0` ON `a`.`Id` = `a0`.`addressId`
LEFT JOIN `addressPriorities` AS `a1` ON `a`.`Id` = `a1`.`addressId`
LEFT JOIN `coordinates` AS `c` ON `a`.`Id` = `c`.`addressId`
2025-06-08T06:31:03.9307592+03:00	INFO	[ZAK.DA.AddressRepository]	[0]	Retrieved 126 addresses
2025-06-08T06:31:04.2041203+03:00	INFO	[ZAK.Components.Pages.SchedulePage.BrigadeList]	[0]	Getting all brigades...
2025-06-08T06:31:04.2041567+03:00	INFO	[ZAK.DA.BrigadeRepository]	[0]	Getting all brigades
2025-06-08T06:31:04.2086800+03:00	INFO	[ZAK.Components.Pages.SchedulePage.MapComponentLeaflet]	[0]	MapComponentLeaflet is rendered for the first time
2025-06-08T06:31:04.2112234+03:00	INFO	[Microsoft.EntityFrameworkCore.Database.Command]	[Microsoft.EntityFrameworkCore.Database.Command.CommandExecuted]	Executed DbCommand (4ms) [Parameters=[], CommandType='Text', CommandTimeout='30']
SELECT `b`.`id`, `b`.`brigadeNumber`, `b`.`brigadeSlotsCount`, `s0`.`brigadeId`, `s0`.`scheduledTime`, `s0`.`applicationId`, `s0`.`id`, `s0`.`addresWasUpdated`, `s0`.`addressId`, `s0`.`day`, `s0`.`endHour`, `s0`.`firstPart`, `s0`.`freeCable`, `s0`.`ignored`, `s0`.`important`, `s0`.`inSchedule`, `s0`.`masterComment`, `s0`.`masterCommentWasUpdated`, `s0`.`maxDaysForConnection`, `s0`.`month`, `s0`.`operatorComment`, `s0`.`operatorCommentWasUpdated`, `s0`.`secondPart`, `s0`.`startHour`, `s0`.`statusWasChecked`, `s0`.`statusWasUpdated`, `s0`.`stretchingStatus`, `s0`.`tarChangeApp`, `s0`.`timeRangeIsSet`, `s0`.`urgent`, `s0`.`year`, `s0`.`Id0`, `s0`.`blackoutGroup`, `s0`.`building`, `s0`.`districtname`, `s0`.`equipmentAccess`, `s0`.`streetName`
FROM `brigades` AS `b`
LEFT JOIN (
    SELECT `s`.`brigadeId`, `s`.`scheduledTime`, `s`.`applicationId`, `a`.`id`, `a`.`addresWasUpdated`, `a`.`addressId`, `a`.`day`, `a`.`endHour`, `a`.`firstPart`, `a`.`freeCable`, `a`.`ignored`, `a`.`important`, `a`.`inSchedule`, `a`.`masterComment`, `a`.`masterCommentWasUpdated`, `a`.`maxDaysForConnection`, `a`.`month`, `a`.`operatorComment`, `a`.`operatorCommentWasUpdated`, `a`.`secondPart`, `a`.`startHour`, `a`.`statusWasChecked`, `a`.`statusWasUpdated`, `a`.`stretchingStatus`, `a`.`tarChangeApp`, `a`.`timeRangeIsSet`, `a`.`urgent`, `a`.`year`, `a0`.`Id` AS `Id0`, `a0`.`blackoutGroup`, `a0`.`building`, `a0`.`districtname`, `a0`.`equipmentAccess`, `a0`.`streetName`
    FROM `ScheduledApplicationModel` AS `s`
    INNER JOIN `applications` AS `a` ON `s`.`applicationId` = `a`.`id`
    LEFT JOIN `addresses` AS `a0` ON `a`.`addressId` = `a0`.`Id`
) AS `s0` ON `b`.`id` = `s0`.`brigadeId`
ORDER BY `b`.`id`, `s0`.`brigadeId`, `s0`.`scheduledTime`, `s0`.`id`
2025-06-08T06:31:04.2118507+03:00	INFO	[ZAK.DA.BrigadeRepository]	[0]	Retrieved 1 brigades
2025-06-08T06:31:04.2214823+03:00	INFO	[ZAK.Components.Pages.SchedulePage.MapComponentLeaflet]	[0]	MapComponentLeaflet is drawing paths
2025-06-08T06:31:04.2219113+03:00	INFO	[ZAK.MapRoutesManager.MapRoutesManager]	[0]	Populationg brigades with applications
2025-06-08T06:31:04.2220796+03:00	INFO	[ZAK.DA.BrigadeRepository]	[0]	Getting all brigades with scheduled application info
2025-06-08T06:31:04.2319335+03:00	INFO	[Microsoft.EntityFrameworkCore.Database.Command]	[Microsoft.EntityFrameworkCore.Database.Command.CommandExecuted]	Executed DbCommand (5ms) [Parameters=[], CommandType='Text', CommandTimeout='30']
SELECT `b`.`id`, `b`.`brigadeNumber`, `b`.`brigadeSlotsCount`, `s0`.`brigadeId`, `s0`.`scheduledTime`, `s0`.`applicationId`, `s0`.`id`, `s0`.`addresWasUpdated`, `s0`.`addressId`, `s0`.`day`, `s0`.`endHour`, `s0`.`firstPart`, `s0`.`freeCable`, `s0`.`ignored`, `s0`.`important`, `s0`.`inSchedule`, `s0`.`masterComment`, `s0`.`masterCommentWasUpdated`, `s0`.`maxDaysForConnection`, `s0`.`month`, `s0`.`operatorComment`, `s0`.`operatorCommentWasUpdated`, `s0`.`secondPart`, `s0`.`startHour`, `s0`.`statusWasChecked`, `s0`.`statusWasUpdated`, `s0`.`stretchingStatus`, `s0`.`tarChangeApp`, `s0`.`timeRangeIsSet`, `s0`.`urgent`, `s0`.`year`, `s0`.`Id0`, `s0`.`blackoutGroup`, `s0`.`building`, `s0`.`districtname`, `s0`.`equipmentAccess`, `s0`.`streetName`, `s0`.`addressId0`, `s0`.`lat`, `s0`.`lon`
FROM `brigades` AS `b`
LEFT JOIN (
    SELECT `s`.`brigadeId`, `s`.`scheduledTime`, `s`.`applicationId`, `a`.`id`, `a`.`addresWasUpdated`, `a`.`addressId`, `a`.`day`, `a`.`endHour`, `a`.`firstPart`, `a`.`freeCable`, `a`.`ignored`, `a`.`important`, `a`.`inSchedule`, `a`.`masterComment`, `a`.`masterCommentWasUpdated`, `a`.`maxDaysForConnection`, `a`.`month`, `a`.`operatorComment`, `a`.`operatorCommentWasUpdated`, `a`.`secondPart`, `a`.`startHour`, `a`.`statusWasChecked`, `a`.`statusWasUpdated`, `a`.`stretchingStatus`, `a`.`tarChangeApp`, `a`.`timeRangeIsSet`, `a`.`urgent`, `a`.`year`, `a0`.`Id` AS `Id0`, `a0`.`blackoutGroup`, `a0`.`building`, `a0`.`districtname`, `a0`.`equipmentAccess`, `a0`.`streetName`, `c`.`addressId` AS `addressId0`, `c`.`lat`, `c`.`lon`
    FROM `ScheduledApplicationModel` AS `s`
    INNER JOIN `applications` AS `a` ON `s`.`applicationId` = `a`.`id`
    LEFT JOIN `addresses` AS `a0` ON `a`.`addressId` = `a0`.`Id`
    LEFT JOIN `coordinates` AS `c` ON `a0`.`Id` = `c`.`addressId`
) AS `s0` ON `b`.`id` = `s0`.`brigadeId`
ORDER BY `b`.`id`, `s0`.`brigadeId`, `s0`.`scheduledTime`, `s0`.`id`, `s0`.`Id0`
2025-06-08T06:31:04.2327993+03:00	INFO	[ZAK.DA.BrigadeRepository]	[0]	Retrieved 1 brigades with scheduled application info
2025-06-08T06:31:04.2328843+03:00	INFO	[ZAK.MapRoutesManager.MapRoutesManager]	[0]	Calculating routes...
2025-06-08T06:31:04.6692743+03:00	INFO	[ZAK.Components.Pages.SchedulePage.MapComponentLeaflet]	[0]	MapComponentLeaflet is drawing paths
2025-06-08T06:31:04.8454510+03:00	INFO	[ZAK.Components.Pages.SchedulePage.MapComponentLeaflet]	[0]	MapComponentLeaflet is drawing markers
2025-06-08T06:31:04.8457547+03:00	INFO	[ZAK.DA.ApplicationRepository]	[0]	Getting all applications with ignoring
2025-06-08T06:31:04.8587553+03:00	INFO	[Microsoft.EntityFrameworkCore.Database.Command]	[Microsoft.EntityFrameworkCore.Database.Command.CommandExecuted]	Executed DbCommand (8ms) [Parameters=[], CommandType='Text', CommandTimeout='30']
SELECT `a`.`id`, `a`.`addresWasUpdated`, `a`.`addressId`, `a`.`day`, `a`.`endHour`, `a`.`firstPart`, `a`.`freeCable`, `a`.`ignored`, `a`.`important`, `a`.`inSchedule`, `a`.`masterComment`, `a`.`masterCommentWasUpdated`, `a`.`maxDaysForConnection`, `a`.`month`, `a`.`operatorComment`, `a`.`operatorCommentWasUpdated`, `a`.`secondPart`, `a`.`startHour`, `a`.`statusWasChecked`, `a`.`statusWasUpdated`, `a`.`stretchingStatus`, `a`.`tarChangeApp`, `a`.`timeRangeIsSet`, `a`.`urgent`, `a`.`year`, `a0`.`Id`, `a0`.`blackoutGroup`, `a0`.`building`, `a0`.`districtname`, `a0`.`equipmentAccess`, `a0`.`streetName`, `d`.`name`, `d`.`color`, `c`.`addressId`, `c`.`lat`, `c`.`lon`
FROM `applications` AS `a`
LEFT JOIN `addresses` AS `a0` ON `a`.`addressId` = `a0`.`Id`
LEFT JOIN `districts` AS `d` ON `a0`.`districtname` = `d`.`name`
LEFT JOIN `coordinates` AS `c` ON `a0`.`Id` = `c`.`addressId`
2025-06-08T06:31:04.8683208+03:00	INFO	[ZAK.DA.ApplicationRepository]	[0]	Retrieved 89 applications (not ignored)
2025-06-08T06:31:04.9900390+03:00	INFO	[ZAK.DA.ApplicationRepository]	[0]	Getting all applications
2025-06-08T06:31:05.0008564+03:00	INFO	[Microsoft.EntityFrameworkCore.Database.Command]	[Microsoft.EntityFrameworkCore.Database.Command.CommandExecuted]	Executed DbCommand (7ms) [Parameters=[], CommandType='Text', CommandTimeout='30']
SELECT `a`.`id`, `a`.`addresWasUpdated`, `a`.`addressId`, `a`.`day`, `a`.`endHour`, `a`.`firstPart`, `a`.`freeCable`, `a`.`ignored`, `a`.`important`, `a`.`inSchedule`, `a`.`masterComment`, `a`.`masterCommentWasUpdated`, `a`.`maxDaysForConnection`, `a`.`month`, `a`.`operatorComment`, `a`.`operatorCommentWasUpdated`, `a`.`secondPart`, `a`.`startHour`, `a`.`statusWasChecked`, `a`.`statusWasUpdated`, `a`.`stretchingStatus`, `a`.`tarChangeApp`, `a`.`timeRangeIsSet`, `a`.`urgent`, `a`.`year`, `a0`.`Id`, `a0`.`blackoutGroup`, `a0`.`building`, `a0`.`districtname`, `a0`.`equipmentAccess`, `a0`.`streetName`, `d`.`name`, `d`.`color`, `c`.`addressId`, `c`.`lat`, `c`.`lon`
FROM `applications` AS `a`
LEFT JOIN `addresses` AS `a0` ON `a`.`addressId` = `a0`.`Id`
LEFT JOIN `districts` AS `d` ON `a0`.`districtname` = `d`.`name`
LEFT JOIN `coordinates` AS `c` ON `a0`.`Id` = `c`.`addressId`
2025-06-08T06:31:05.0102515+03:00	INFO	[ZAK.DA.ApplicationRepository]	[0]	Retrieved 105 applications
2025-06-08T06:35:09.7641380+03:00	INFO	[Microsoft.Hosting.Lifetime]	[ListeningOnAddress]	Now listening on: http://localhost:5205
2025-06-08T06:35:09.7753195+03:00	INFO	[Microsoft.Hosting.Lifetime]	[0]	Application started. Press Ctrl+C to shut down.
2025-06-08T06:35:09.7767620+03:00	INFO	[Microsoft.Hosting.Lifetime]	[0]	Hosting environment: Development
2025-06-08T06:35:09.7768465+03:00	INFO	[Microsoft.Hosting.Lifetime]	[0]	Content root path: D:\C#_Projects\ZAK\ZAK3\ZAK\ZAK
2025-06-08T06:35:13.1078363+03:00	WARN	[Microsoft.AspNetCore.HttpsPolicy.HttpsRedirectionMiddleware]	[FailedToDeterminePort]	Failed to determine the https port for redirect.
2025-06-08T06:35:13.5999341+03:00	INFO	[ZAK.MapRoutesManager.MapRoutesManager]	[0]	Loading OSM data...
2025-06-08T06:35:23.1187942+03:00	INFO	[ZAK.Components.Pages.SchedulePage.SchedulePage]	[0]	Initializing SchedulePage component
2025-06-08T06:35:23.1432413+03:00	INFO	[ZAK.DA.AddressRepository]	[0]	Getting all addresses
2025-06-08T06:35:24.0541868+03:00	WARN	[Microsoft.EntityFrameworkCore.Model.Validation]	[Microsoft.EntityFrameworkCore.Infrastructure.SensitiveDataLoggingEnabledWarning]	Sensitive data logging is enabled. Log entries and exception messages may include sensitive application data; this mode should only be enabled during development.
2025-06-08T06:35:24.9200936+03:00	INFO	[ZAK.Components.Pages.SchedulePage.BrigadeList]	[0]	Getting all brigades...
2025-06-08T06:35:24.9223084+03:00	INFO	[ZAK.DA.BrigadeRepository]	[0]	Getting all brigades
2025-06-08T06:35:25.1432965+03:00	INFO	[Microsoft.EntityFrameworkCore.Database.Command]	[Microsoft.EntityFrameworkCore.Database.Command.CommandExecuted]	Executed DbCommand (35ms) [Parameters=[], CommandType='Text', CommandTimeout='30']
SELECT `a`.`Id`, `a`.`blackoutGroup`, `a`.`building`, `a`.`districtname`, `a`.`equipmentAccess`, `a`.`streetName`, `a0`.`addressId`, `a0`.`buildingAlias`, `a0`.`streetAlias`, `a1`.`addressId`, `a1`.`priority`, `c`.`addressId`, `c`.`lat`, `c`.`lon`
FROM `addresses` AS `a`
LEFT JOIN `addressAliases` AS `a0` ON `a`.`Id` = `a0`.`addressId`
LEFT JOIN `addressPriorities` AS `a1` ON `a`.`Id` = `a1`.`addressId`
LEFT JOIN `coordinates` AS `c` ON `a`.`Id` = `c`.`addressId`
2025-06-08T06:35:25.1432994+03:00	INFO	[Microsoft.EntityFrameworkCore.Database.Command]	[Microsoft.EntityFrameworkCore.Database.Command.CommandExecuted]	Executed DbCommand (25ms) [Parameters=[], CommandType='Text', CommandTimeout='30']
SELECT `b`.`id`, `b`.`brigadeNumber`, `b`.`brigadeSlotsCount`, `s0`.`brigadeId`, `s0`.`scheduledTime`, `s0`.`applicationId`, `s0`.`id`, `s0`.`addresWasUpdated`, `s0`.`addressId`, `s0`.`day`, `s0`.`endHour`, `s0`.`firstPart`, `s0`.`freeCable`, `s0`.`ignored`, `s0`.`important`, `s0`.`inSchedule`, `s0`.`masterComment`, `s0`.`masterCommentWasUpdated`, `s0`.`maxDaysForConnection`, `s0`.`month`, `s0`.`operatorComment`, `s0`.`operatorCommentWasUpdated`, `s0`.`secondPart`, `s0`.`startHour`, `s0`.`statusWasChecked`, `s0`.`statusWasUpdated`, `s0`.`stretchingStatus`, `s0`.`tarChangeApp`, `s0`.`timeRangeIsSet`, `s0`.`urgent`, `s0`.`year`, `s0`.`Id0`, `s0`.`blackoutGroup`, `s0`.`building`, `s0`.`districtname`, `s0`.`equipmentAccess`, `s0`.`streetName`
FROM `brigades` AS `b`
LEFT JOIN (
    SELECT `s`.`brigadeId`, `s`.`scheduledTime`, `s`.`applicationId`, `a`.`id`, `a`.`addresWasUpdated`, `a`.`addressId`, `a`.`day`, `a`.`endHour`, `a`.`firstPart`, `a`.`freeCable`, `a`.`ignored`, `a`.`important`, `a`.`inSchedule`, `a`.`masterComment`, `a`.`masterCommentWasUpdated`, `a`.`maxDaysForConnection`, `a`.`month`, `a`.`operatorComment`, `a`.`operatorCommentWasUpdated`, `a`.`secondPart`, `a`.`startHour`, `a`.`statusWasChecked`, `a`.`statusWasUpdated`, `a`.`stretchingStatus`, `a`.`tarChangeApp`, `a`.`timeRangeIsSet`, `a`.`urgent`, `a`.`year`, `a0`.`Id` AS `Id0`, `a0`.`blackoutGroup`, `a0`.`building`, `a0`.`districtname`, `a0`.`equipmentAccess`, `a0`.`streetName`
    FROM `ScheduledApplicationModel` AS `s`
    INNER JOIN `applications` AS `a` ON `s`.`applicationId` = `a`.`id`
    LEFT JOIN `addresses` AS `a0` ON `a`.`addressId` = `a0`.`Id`
) AS `s0` ON `b`.`id` = `s0`.`brigadeId`
ORDER BY `b`.`id`, `s0`.`brigadeId`, `s0`.`scheduledTime`, `s0`.`id`
2025-06-08T06:35:25.3069538+03:00	INFO	[ZAK.DA.BrigadeRepository]	[0]	Retrieved 1 brigades
2025-06-08T06:35:25.5267732+03:00	INFO	[ZAK.DA.AddressRepository]	[0]	Retrieved 126 addresses
2025-06-08T06:35:26.1569978+03:00	INFO	[ZAK.DA.AddressRepository]	[0]	Getting all addresses
2025-06-08T06:35:26.2556266+03:00	INFO	[Microsoft.EntityFrameworkCore.Database.Command]	[Microsoft.EntityFrameworkCore.Database.Command.CommandExecuted]	Executed DbCommand (6ms) [Parameters=[], CommandType='Text', CommandTimeout='30']
SELECT `a`.`Id`, `a`.`blackoutGroup`, `a`.`building`, `a`.`districtname`, `a`.`equipmentAccess`, `a`.`streetName`, `a0`.`addressId`, `a0`.`buildingAlias`, `a0`.`streetAlias`, `a1`.`addressId`, `a1`.`priority`, `c`.`addressId`, `c`.`lat`, `c`.`lon`
FROM `addresses` AS `a`
LEFT JOIN `addressAliases` AS `a0` ON `a`.`Id` = `a0`.`addressId`
LEFT JOIN `addressPriorities` AS `a1` ON `a`.`Id` = `a1`.`addressId`
LEFT JOIN `coordinates` AS `c` ON `a`.`Id` = `c`.`addressId`
2025-06-08T06:35:26.2738868+03:00	INFO	[ZAK.DA.AddressRepository]	[0]	Retrieved 126 addresses
2025-06-08T06:35:27.4222920+03:00	INFO	[ZAK.Components.Pages.SchedulePage.BrigadeList]	[0]	Getting all brigades...
2025-06-08T06:35:27.4224225+03:00	INFO	[ZAK.DA.BrigadeRepository]	[0]	Getting all brigades
2025-06-08T06:35:27.4327405+03:00	INFO	[Microsoft.EntityFrameworkCore.Database.Command]	[Microsoft.EntityFrameworkCore.Database.Command.CommandExecuted]	Executed DbCommand (5ms) [Parameters=[], CommandType='Text', CommandTimeout='30']
SELECT `b`.`id`, `b`.`brigadeNumber`, `b`.`brigadeSlotsCount`, `s0`.`brigadeId`, `s0`.`scheduledTime`, `s0`.`applicationId`, `s0`.`id`, `s0`.`addresWasUpdated`, `s0`.`addressId`, `s0`.`day`, `s0`.`endHour`, `s0`.`firstPart`, `s0`.`freeCable`, `s0`.`ignored`, `s0`.`important`, `s0`.`inSchedule`, `s0`.`masterComment`, `s0`.`masterCommentWasUpdated`, `s0`.`maxDaysForConnection`, `s0`.`month`, `s0`.`operatorComment`, `s0`.`operatorCommentWasUpdated`, `s0`.`secondPart`, `s0`.`startHour`, `s0`.`statusWasChecked`, `s0`.`statusWasUpdated`, `s0`.`stretchingStatus`, `s0`.`tarChangeApp`, `s0`.`timeRangeIsSet`, `s0`.`urgent`, `s0`.`year`, `s0`.`Id0`, `s0`.`blackoutGroup`, `s0`.`building`, `s0`.`districtname`, `s0`.`equipmentAccess`, `s0`.`streetName`
FROM `brigades` AS `b`
LEFT JOIN (
    SELECT `s`.`brigadeId`, `s`.`scheduledTime`, `s`.`applicationId`, `a`.`id`, `a`.`addresWasUpdated`, `a`.`addressId`, `a`.`day`, `a`.`endHour`, `a`.`firstPart`, `a`.`freeCable`, `a`.`ignored`, `a`.`important`, `a`.`inSchedule`, `a`.`masterComment`, `a`.`masterCommentWasUpdated`, `a`.`maxDaysForConnection`, `a`.`month`, `a`.`operatorComment`, `a`.`operatorCommentWasUpdated`, `a`.`secondPart`, `a`.`startHour`, `a`.`statusWasChecked`, `a`.`statusWasUpdated`, `a`.`stretchingStatus`, `a`.`tarChangeApp`, `a`.`timeRangeIsSet`, `a`.`urgent`, `a`.`year`, `a0`.`Id` AS `Id0`, `a0`.`blackoutGroup`, `a0`.`building`, `a0`.`districtname`, `a0`.`equipmentAccess`, `a0`.`streetName`
    FROM `ScheduledApplicationModel` AS `s`
    INNER JOIN `applications` AS `a` ON `s`.`applicationId` = `a`.`id`
    LEFT JOIN `addresses` AS `a0` ON `a`.`addressId` = `a0`.`Id`
) AS `s0` ON `b`.`id` = `s0`.`brigadeId`
ORDER BY `b`.`id`, `s0`.`brigadeId`, `s0`.`scheduledTime`, `s0`.`id`
2025-06-08T06:35:27.4467175+03:00	INFO	[ZAK.DA.BrigadeRepository]	[0]	Retrieved 1 brigades
2025-06-08T06:35:28.1351165+03:00	INFO	[ZAK.Components.Pages.SchedulePage.SchedulePage]	[0]	Initializing SchedulePage component
2025-06-08T06:35:28.1355935+03:00	INFO	[ZAK.DA.AddressRepository]	[0]	Getting all addresses
2025-06-08T06:35:28.1440031+03:00	INFO	[ZAK.Components.Pages.SchedulePage.BrigadeList]	[0]	Getting all brigades...
2025-06-08T06:35:28.1440999+03:00	INFO	[ZAK.DA.BrigadeRepository]	[0]	Getting all brigades
2025-06-08T06:35:28.1552545+03:00	INFO	[Microsoft.EntityFrameworkCore.Database.Command]	[Microsoft.EntityFrameworkCore.Database.Command.CommandExecuted]	Executed DbCommand (7ms) [Parameters=[], CommandType='Text', CommandTimeout='30']
SELECT `a`.`Id`, `a`.`blackoutGroup`, `a`.`building`, `a`.`districtname`, `a`.`equipmentAccess`, `a`.`streetName`, `a0`.`addressId`, `a0`.`buildingAlias`, `a0`.`streetAlias`, `a1`.`addressId`, `a1`.`priority`, `c`.`addressId`, `c`.`lat`, `c`.`lon`
FROM `addresses` AS `a`
LEFT JOIN `addressAliases` AS `a0` ON `a`.`Id` = `a0`.`addressId`
LEFT JOIN `addressPriorities` AS `a1` ON `a`.`Id` = `a1`.`addressId`
LEFT JOIN `coordinates` AS `c` ON `a`.`Id` = `c`.`addressId`
2025-06-08T06:35:28.1667059+03:00	INFO	[Microsoft.EntityFrameworkCore.Database.Command]	[Microsoft.EntityFrameworkCore.Database.Command.CommandExecuted]	Executed DbCommand (13ms) [Parameters=[], CommandType='Text', CommandTimeout='30']
SELECT `b`.`id`, `b`.`brigadeNumber`, `b`.`brigadeSlotsCount`, `s0`.`brigadeId`, `s0`.`scheduledTime`, `s0`.`applicationId`, `s0`.`id`, `s0`.`addresWasUpdated`, `s0`.`addressId`, `s0`.`day`, `s0`.`endHour`, `s0`.`firstPart`, `s0`.`freeCable`, `s0`.`ignored`, `s0`.`important`, `s0`.`inSchedule`, `s0`.`masterComment`, `s0`.`masterCommentWasUpdated`, `s0`.`maxDaysForConnection`, `s0`.`month`, `s0`.`operatorComment`, `s0`.`operatorCommentWasUpdated`, `s0`.`secondPart`, `s0`.`startHour`, `s0`.`statusWasChecked`, `s0`.`statusWasUpdated`, `s0`.`stretchingStatus`, `s0`.`tarChangeApp`, `s0`.`timeRangeIsSet`, `s0`.`urgent`, `s0`.`year`, `s0`.`Id0`, `s0`.`blackoutGroup`, `s0`.`building`, `s0`.`districtname`, `s0`.`equipmentAccess`, `s0`.`streetName`
FROM `brigades` AS `b`
LEFT JOIN (
    SELECT `s`.`brigadeId`, `s`.`scheduledTime`, `s`.`applicationId`, `a`.`id`, `a`.`addresWasUpdated`, `a`.`addressId`, `a`.`day`, `a`.`endHour`, `a`.`firstPart`, `a`.`freeCable`, `a`.`ignored`, `a`.`important`, `a`.`inSchedule`, `a`.`masterComment`, `a`.`masterCommentWasUpdated`, `a`.`maxDaysForConnection`, `a`.`month`, `a`.`operatorComment`, `a`.`operatorCommentWasUpdated`, `a`.`secondPart`, `a`.`startHour`, `a`.`statusWasChecked`, `a`.`statusWasUpdated`, `a`.`stretchingStatus`, `a`.`tarChangeApp`, `a`.`timeRangeIsSet`, `a`.`urgent`, `a`.`year`, `a0`.`Id` AS `Id0`, `a0`.`blackoutGroup`, `a0`.`building`, `a0`.`districtname`, `a0`.`equipmentAccess`, `a0`.`streetName`
    FROM `ScheduledApplicationModel` AS `s`
    INNER JOIN `applications` AS `a` ON `s`.`applicationId` = `a`.`id`
    LEFT JOIN `addresses` AS `a0` ON `a`.`addressId` = `a0`.`Id`
) AS `s0` ON `b`.`id` = `s0`.`brigadeId`
ORDER BY `b`.`id`, `s0`.`brigadeId`, `s0`.`scheduledTime`, `s0`.`id`
2025-06-08T06:35:28.1835883+03:00	INFO	[ZAK.DA.BrigadeRepository]	[0]	Retrieved 1 brigades
2025-06-08T06:35:28.2336847+03:00	INFO	[ZAK.DA.AddressRepository]	[0]	Retrieved 126 addresses
2025-06-08T06:35:28.9709097+03:00	INFO	[ZAK.DA.AddressRepository]	[0]	Getting all addresses
2025-06-08T06:35:28.9819499+03:00	INFO	[Microsoft.EntityFrameworkCore.Database.Command]	[Microsoft.EntityFrameworkCore.Database.Command.CommandExecuted]	Executed DbCommand (6ms) [Parameters=[], CommandType='Text', CommandTimeout='30']
SELECT `a`.`Id`, `a`.`blackoutGroup`, `a`.`building`, `a`.`districtname`, `a`.`equipmentAccess`, `a`.`streetName`, `a0`.`addressId`, `a0`.`buildingAlias`, `a0`.`streetAlias`, `a1`.`addressId`, `a1`.`priority`, `c`.`addressId`, `c`.`lat`, `c`.`lon`
FROM `addresses` AS `a`
LEFT JOIN `addressAliases` AS `a0` ON `a`.`Id` = `a0`.`addressId`
LEFT JOIN `addressPriorities` AS `a1` ON `a`.`Id` = `a1`.`addressId`
LEFT JOIN `coordinates` AS `c` ON `a`.`Id` = `c`.`addressId`
2025-06-08T06:35:29.0052215+03:00	INFO	[ZAK.DA.AddressRepository]	[0]	Retrieved 126 addresses
2025-06-08T06:35:29.6139675+03:00	INFO	[ZAK.Components.Pages.SchedulePage.BrigadeList]	[0]	Getting all brigades...
2025-06-08T06:35:29.6141116+03:00	INFO	[ZAK.DA.BrigadeRepository]	[0]	Getting all brigades
2025-06-08T06:35:29.6233026+03:00	INFO	[Microsoft.EntityFrameworkCore.Database.Command]	[Microsoft.EntityFrameworkCore.Database.Command.CommandExecuted]	Executed DbCommand (4ms) [Parameters=[], CommandType='Text', CommandTimeout='30']
SELECT `b`.`id`, `b`.`brigadeNumber`, `b`.`brigadeSlotsCount`, `s0`.`brigadeId`, `s0`.`scheduledTime`, `s0`.`applicationId`, `s0`.`id`, `s0`.`addresWasUpdated`, `s0`.`addressId`, `s0`.`day`, `s0`.`endHour`, `s0`.`firstPart`, `s0`.`freeCable`, `s0`.`ignored`, `s0`.`important`, `s0`.`inSchedule`, `s0`.`masterComment`, `s0`.`masterCommentWasUpdated`, `s0`.`maxDaysForConnection`, `s0`.`month`, `s0`.`operatorComment`, `s0`.`operatorCommentWasUpdated`, `s0`.`secondPart`, `s0`.`startHour`, `s0`.`statusWasChecked`, `s0`.`statusWasUpdated`, `s0`.`stretchingStatus`, `s0`.`tarChangeApp`, `s0`.`timeRangeIsSet`, `s0`.`urgent`, `s0`.`year`, `s0`.`Id0`, `s0`.`blackoutGroup`, `s0`.`building`, `s0`.`districtname`, `s0`.`equipmentAccess`, `s0`.`streetName`
FROM `brigades` AS `b`
LEFT JOIN (
    SELECT `s`.`brigadeId`, `s`.`scheduledTime`, `s`.`applicationId`, `a`.`id`, `a`.`addresWasUpdated`, `a`.`addressId`, `a`.`day`, `a`.`endHour`, `a`.`firstPart`, `a`.`freeCable`, `a`.`ignored`, `a`.`important`, `a`.`inSchedule`, `a`.`masterComment`, `a`.`masterCommentWasUpdated`, `a`.`maxDaysForConnection`, `a`.`month`, `a`.`operatorComment`, `a`.`operatorCommentWasUpdated`, `a`.`secondPart`, `a`.`startHour`, `a`.`statusWasChecked`, `a`.`statusWasUpdated`, `a`.`stretchingStatus`, `a`.`tarChangeApp`, `a`.`timeRangeIsSet`, `a`.`urgent`, `a`.`year`, `a0`.`Id` AS `Id0`, `a0`.`blackoutGroup`, `a0`.`building`, `a0`.`districtname`, `a0`.`equipmentAccess`, `a0`.`streetName`
    FROM `ScheduledApplicationModel` AS `s`
    INNER JOIN `applications` AS `a` ON `s`.`applicationId` = `a`.`id`
    LEFT JOIN `addresses` AS `a0` ON `a`.`addressId` = `a0`.`Id`
) AS `s0` ON `b`.`id` = `s0`.`brigadeId`
ORDER BY `b`.`id`, `s0`.`brigadeId`, `s0`.`scheduledTime`, `s0`.`id`
2025-06-08T06:35:29.6243056+03:00	INFO	[ZAK.Components.Pages.SchedulePage.MapComponentLeaflet]	[0]	MapComponentLeaflet is rendered for the first time
2025-06-08T06:35:29.6280439+03:00	INFO	[ZAK.DA.BrigadeRepository]	[0]	Retrieved 1 brigades
2025-06-08T06:35:29.6750715+03:00	INFO	[ZAK.Components.Pages.SchedulePage.MapComponentLeaflet]	[0]	MapComponentLeaflet is drawing paths
2025-06-08T06:35:29.6798535+03:00	INFO	[ZAK.MapRoutesManager.MapRoutesManager]	[0]	Populationg brigades with applications
2025-06-08T06:35:29.7076478+03:00	INFO	[ZAK.DA.BrigadeRepository]	[0]	Getting all brigades with scheduled application info
2025-06-08T06:35:29.8021003+03:00	INFO	[Microsoft.EntityFrameworkCore.Database.Command]	[Microsoft.EntityFrameworkCore.Database.Command.CommandExecuted]	Executed DbCommand (4ms) [Parameters=[], CommandType='Text', CommandTimeout='30']
SELECT `b`.`id`, `b`.`brigadeNumber`, `b`.`brigadeSlotsCount`, `s0`.`brigadeId`, `s0`.`scheduledTime`, `s0`.`applicationId`, `s0`.`id`, `s0`.`addresWasUpdated`, `s0`.`addressId`, `s0`.`day`, `s0`.`endHour`, `s0`.`firstPart`, `s0`.`freeCable`, `s0`.`ignored`, `s0`.`important`, `s0`.`inSchedule`, `s0`.`masterComment`, `s0`.`masterCommentWasUpdated`, `s0`.`maxDaysForConnection`, `s0`.`month`, `s0`.`operatorComment`, `s0`.`operatorCommentWasUpdated`, `s0`.`secondPart`, `s0`.`startHour`, `s0`.`statusWasChecked`, `s0`.`statusWasUpdated`, `s0`.`stretchingStatus`, `s0`.`tarChangeApp`, `s0`.`timeRangeIsSet`, `s0`.`urgent`, `s0`.`year`, `s0`.`Id0`, `s0`.`blackoutGroup`, `s0`.`building`, `s0`.`districtname`, `s0`.`equipmentAccess`, `s0`.`streetName`, `s0`.`addressId0`, `s0`.`lat`, `s0`.`lon`
FROM `brigades` AS `b`
LEFT JOIN (
    SELECT `s`.`brigadeId`, `s`.`scheduledTime`, `s`.`applicationId`, `a`.`id`, `a`.`addresWasUpdated`, `a`.`addressId`, `a`.`day`, `a`.`endHour`, `a`.`firstPart`, `a`.`freeCable`, `a`.`ignored`, `a`.`important`, `a`.`inSchedule`, `a`.`masterComment`, `a`.`masterCommentWasUpdated`, `a`.`maxDaysForConnection`, `a`.`month`, `a`.`operatorComment`, `a`.`operatorCommentWasUpdated`, `a`.`secondPart`, `a`.`startHour`, `a`.`statusWasChecked`, `a`.`statusWasUpdated`, `a`.`stretchingStatus`, `a`.`tarChangeApp`, `a`.`timeRangeIsSet`, `a`.`urgent`, `a`.`year`, `a0`.`Id` AS `Id0`, `a0`.`blackoutGroup`, `a0`.`building`, `a0`.`districtname`, `a0`.`equipmentAccess`, `a0`.`streetName`, `c`.`addressId` AS `addressId0`, `c`.`lat`, `c`.`lon`
    FROM `ScheduledApplicationModel` AS `s`
    INNER JOIN `applications` AS `a` ON `s`.`applicationId` = `a`.`id`
    LEFT JOIN `addresses` AS `a0` ON `a`.`addressId` = `a0`.`Id`
    LEFT JOIN `coordinates` AS `c` ON `a0`.`Id` = `c`.`addressId`
) AS `s0` ON `b`.`id` = `s0`.`brigadeId`
ORDER BY `b`.`id`, `s0`.`brigadeId`, `s0`.`scheduledTime`, `s0`.`id`, `s0`.`Id0`
2025-06-08T06:35:29.8084477+03:00	INFO	[ZAK.DA.BrigadeRepository]	[0]	Retrieved 1 brigades with scheduled application info
2025-06-08T06:35:29.8086215+03:00	INFO	[ZAK.MapRoutesManager.MapRoutesManager]	[0]	Calculating routes...
2025-06-08T06:35:30.6961342+03:00	INFO	[ZAK.Components.Pages.SchedulePage.MapComponentLeaflet]	[0]	MapComponentLeaflet is drawing paths
2025-06-08T06:35:30.9136369+03:00	INFO	[ZAK.Components.Pages.SchedulePage.MapComponentLeaflet]	[0]	MapComponentLeaflet is drawing markers
2025-06-08T06:35:30.9170637+03:00	INFO	[ZAK.DA.ApplicationRepository]	[0]	Getting all applications with ignoring
2025-06-08T06:35:30.9542131+03:00	INFO	[Microsoft.EntityFrameworkCore.Database.Command]	[Microsoft.EntityFrameworkCore.Database.Command.CommandExecuted]	Executed DbCommand (5ms) [Parameters=[], CommandType='Text', CommandTimeout='30']
SELECT `a`.`id`, `a`.`addresWasUpdated`, `a`.`addressId`, `a`.`day`, `a`.`endHour`, `a`.`firstPart`, `a`.`freeCable`, `a`.`ignored`, `a`.`important`, `a`.`inSchedule`, `a`.`masterComment`, `a`.`masterCommentWasUpdated`, `a`.`maxDaysForConnection`, `a`.`month`, `a`.`operatorComment`, `a`.`operatorCommentWasUpdated`, `a`.`secondPart`, `a`.`startHour`, `a`.`statusWasChecked`, `a`.`statusWasUpdated`, `a`.`stretchingStatus`, `a`.`tarChangeApp`, `a`.`timeRangeIsSet`, `a`.`urgent`, `a`.`year`, `a0`.`Id`, `a0`.`blackoutGroup`, `a0`.`building`, `a0`.`districtname`, `a0`.`equipmentAccess`, `a0`.`streetName`, `d`.`name`, `d`.`color`, `c`.`addressId`, `c`.`lat`, `c`.`lon`
FROM `applications` AS `a`
LEFT JOIN `addresses` AS `a0` ON `a`.`addressId` = `a0`.`Id`
LEFT JOIN `districts` AS `d` ON `a0`.`districtname` = `d`.`name`
LEFT JOIN `coordinates` AS `c` ON `a0`.`Id` = `c`.`addressId`
2025-06-08T06:35:30.9689483+03:00	INFO	[ZAK.DA.ApplicationRepository]	[0]	Retrieved 89 applications (not ignored)
2025-06-08T06:35:31.5047331+03:00	INFO	[ZAK.DA.ApplicationRepository]	[0]	Getting all applications
2025-06-08T06:35:31.5135672+03:00	INFO	[Microsoft.EntityFrameworkCore.Database.Command]	[Microsoft.EntityFrameworkCore.Database.Command.CommandExecuted]	Executed DbCommand (5ms) [Parameters=[], CommandType='Text', CommandTimeout='30']
SELECT `a`.`id`, `a`.`addresWasUpdated`, `a`.`addressId`, `a`.`day`, `a`.`endHour`, `a`.`firstPart`, `a`.`freeCable`, `a`.`ignored`, `a`.`important`, `a`.`inSchedule`, `a`.`masterComment`, `a`.`masterCommentWasUpdated`, `a`.`maxDaysForConnection`, `a`.`month`, `a`.`operatorComment`, `a`.`operatorCommentWasUpdated`, `a`.`secondPart`, `a`.`startHour`, `a`.`statusWasChecked`, `a`.`statusWasUpdated`, `a`.`stretchingStatus`, `a`.`tarChangeApp`, `a`.`timeRangeIsSet`, `a`.`urgent`, `a`.`year`, `a0`.`Id`, `a0`.`blackoutGroup`, `a0`.`building`, `a0`.`districtname`, `a0`.`equipmentAccess`, `a0`.`streetName`, `d`.`name`, `d`.`color`, `c`.`addressId`, `c`.`lat`, `c`.`lon`
FROM `applications` AS `a`
LEFT JOIN `addresses` AS `a0` ON `a`.`addressId` = `a0`.`Id`
LEFT JOIN `districts` AS `d` ON `a0`.`districtname` = `d`.`name`
LEFT JOIN `coordinates` AS `c` ON `a0`.`Id` = `c`.`addressId`
2025-06-08T06:35:31.5283649+03:00	INFO	[ZAK.DA.ApplicationRepository]	[0]	Retrieved 105 applications
2025-06-08T06:38:02.3662622+03:00	INFO	[Microsoft.Hosting.Lifetime]	[ListeningOnAddress]	Now listening on: http://localhost:5205
2025-06-08T06:38:02.3728368+03:00	INFO	[Microsoft.Hosting.Lifetime]	[0]	Application started. Press Ctrl+C to shut down.
2025-06-08T06:38:02.3735060+03:00	INFO	[Microsoft.Hosting.Lifetime]	[0]	Hosting environment: Development
2025-06-08T06:38:02.3735494+03:00	INFO	[Microsoft.Hosting.Lifetime]	[0]	Content root path: D:\C#_Projects\ZAK\ZAK3\ZAK\ZAK
2025-06-08T06:38:04.2929066+03:00	WARN	[Microsoft.AspNetCore.HttpsPolicy.HttpsRedirectionMiddleware]	[FailedToDeterminePort]	Failed to determine the https port for redirect.
2025-06-08T06:38:04.6855150+03:00	INFO	[ZAK.MapRoutesManager.MapRoutesManager]	[0]	Loading OSM data...
2025-06-08T06:38:13.2238104+03:00	INFO	[ZAK.Components.Pages.SchedulePage.SchedulePage]	[0]	Initializing SchedulePage component
2025-06-08T06:38:13.2455865+03:00	INFO	[ZAK.DA.AddressRepository]	[0]	Getting all addresses
2025-06-08T06:38:13.9943251+03:00	WARN	[Microsoft.EntityFrameworkCore.Model.Validation]	[Microsoft.EntityFrameworkCore.Infrastructure.SensitiveDataLoggingEnabledWarning]	Sensitive data logging is enabled. Log entries and exception messages may include sensitive application data; this mode should only be enabled during development.
2025-06-08T06:38:14.9384840+03:00	INFO	[ZAK.Components.Pages.SchedulePage.BrigadeList]	[0]	Getting all brigades...
2025-06-08T06:38:14.9408064+03:00	INFO	[ZAK.DA.BrigadeRepository]	[0]	Getting all brigades
2025-06-08T06:38:15.1931421+03:00	INFO	[Microsoft.EntityFrameworkCore.Database.Command]	[Microsoft.EntityFrameworkCore.Database.Command.CommandExecuted]	Executed DbCommand (41ms) [Parameters=[], CommandType='Text', CommandTimeout='30']
SELECT `a`.`Id`, `a`.`blackoutGroup`, `a`.`building`, `a`.`districtname`, `a`.`equipmentAccess`, `a`.`streetName`, `a0`.`addressId`, `a0`.`buildingAlias`, `a0`.`streetAlias`, `a1`.`addressId`, `a1`.`priority`, `c`.`addressId`, `c`.`lat`, `c`.`lon`
FROM `addresses` AS `a`
LEFT JOIN `addressAliases` AS `a0` ON `a`.`Id` = `a0`.`addressId`
LEFT JOIN `addressPriorities` AS `a1` ON `a`.`Id` = `a1`.`addressId`
LEFT JOIN `coordinates` AS `c` ON `a`.`Id` = `c`.`addressId`
2025-06-08T06:38:15.1931426+03:00	INFO	[Microsoft.EntityFrameworkCore.Database.Command]	[Microsoft.EntityFrameworkCore.Database.Command.CommandExecuted]	Executed DbCommand (41ms) [Parameters=[], CommandType='Text', CommandTimeout='30']
SELECT `b`.`id`, `b`.`brigadeNumber`, `b`.`brigadeSlotsCount`, `s0`.`brigadeId`, `s0`.`scheduledTime`, `s0`.`applicationId`, `s0`.`id`, `s0`.`addresWasUpdated`, `s0`.`addressId`, `s0`.`day`, `s0`.`endHour`, `s0`.`firstPart`, `s0`.`freeCable`, `s0`.`ignored`, `s0`.`important`, `s0`.`inSchedule`, `s0`.`masterComment`, `s0`.`masterCommentWasUpdated`, `s0`.`maxDaysForConnection`, `s0`.`month`, `s0`.`operatorComment`, `s0`.`operatorCommentWasUpdated`, `s0`.`secondPart`, `s0`.`startHour`, `s0`.`statusWasChecked`, `s0`.`statusWasUpdated`, `s0`.`stretchingStatus`, `s0`.`tarChangeApp`, `s0`.`timeRangeIsSet`, `s0`.`urgent`, `s0`.`year`, `s0`.`Id0`, `s0`.`blackoutGroup`, `s0`.`building`, `s0`.`districtname`, `s0`.`equipmentAccess`, `s0`.`streetName`
FROM `brigades` AS `b`
LEFT JOIN (
    SELECT `s`.`brigadeId`, `s`.`scheduledTime`, `s`.`applicationId`, `a`.`id`, `a`.`addresWasUpdated`, `a`.`addressId`, `a`.`day`, `a`.`endHour`, `a`.`firstPart`, `a`.`freeCable`, `a`.`ignored`, `a`.`important`, `a`.`inSchedule`, `a`.`masterComment`, `a`.`masterCommentWasUpdated`, `a`.`maxDaysForConnection`, `a`.`month`, `a`.`operatorComment`, `a`.`operatorCommentWasUpdated`, `a`.`secondPart`, `a`.`startHour`, `a`.`statusWasChecked`, `a`.`statusWasUpdated`, `a`.`stretchingStatus`, `a`.`tarChangeApp`, `a`.`timeRangeIsSet`, `a`.`urgent`, `a`.`year`, `a0`.`Id` AS `Id0`, `a0`.`blackoutGroup`, `a0`.`building`, `a0`.`districtname`, `a0`.`equipmentAccess`, `a0`.`streetName`
    FROM `ScheduledApplicationModel` AS `s`
    INNER JOIN `applications` AS `a` ON `s`.`applicationId` = `a`.`id`
    LEFT JOIN `addresses` AS `a0` ON `a`.`addressId` = `a0`.`Id`
) AS `s0` ON `b`.`id` = `s0`.`brigadeId`
ORDER BY `b`.`id`, `s0`.`brigadeId`, `s0`.`scheduledTime`, `s0`.`id`
2025-06-08T06:38:15.3080146+03:00	INFO	[ZAK.DA.BrigadeRepository]	[0]	Retrieved 1 brigades
2025-06-08T06:38:15.5333871+03:00	INFO	[ZAK.DA.AddressRepository]	[0]	Retrieved 126 addresses
2025-06-08T06:38:16.2017640+03:00	INFO	[ZAK.DA.AddressRepository]	[0]	Getting all addresses
2025-06-08T06:38:16.3250143+03:00	INFO	[Microsoft.EntityFrameworkCore.Database.Command]	[Microsoft.EntityFrameworkCore.Database.Command.CommandExecuted]	Executed DbCommand (8ms) [Parameters=[], CommandType='Text', CommandTimeout='30']
SELECT `a`.`Id`, `a`.`blackoutGroup`, `a`.`building`, `a`.`districtname`, `a`.`equipmentAccess`, `a`.`streetName`, `a0`.`addressId`, `a0`.`buildingAlias`, `a0`.`streetAlias`, `a1`.`addressId`, `a1`.`priority`, `c`.`addressId`, `c`.`lat`, `c`.`lon`
FROM `addresses` AS `a`
LEFT JOIN `addressAliases` AS `a0` ON `a`.`Id` = `a0`.`addressId`
LEFT JOIN `addressPriorities` AS `a1` ON `a`.`Id` = `a1`.`addressId`
LEFT JOIN `coordinates` AS `c` ON `a`.`Id` = `c`.`addressId`
2025-06-08T06:38:16.3439322+03:00	INFO	[ZAK.DA.AddressRepository]	[0]	Retrieved 126 addresses
2025-06-08T06:38:16.8301666+03:00	INFO	[ZAK.Components.Pages.SchedulePage.BrigadeList]	[0]	Getting all brigades...
2025-06-08T06:38:16.8302255+03:00	INFO	[ZAK.DA.BrigadeRepository]	[0]	Getting all brigades
2025-06-08T06:38:16.8400789+03:00	INFO	[Microsoft.EntityFrameworkCore.Database.Command]	[Microsoft.EntityFrameworkCore.Database.Command.CommandExecuted]	Executed DbCommand (4ms) [Parameters=[], CommandType='Text', CommandTimeout='30']
SELECT `b`.`id`, `b`.`brigadeNumber`, `b`.`brigadeSlotsCount`, `s0`.`brigadeId`, `s0`.`scheduledTime`, `s0`.`applicationId`, `s0`.`id`, `s0`.`addresWasUpdated`, `s0`.`addressId`, `s0`.`day`, `s0`.`endHour`, `s0`.`firstPart`, `s0`.`freeCable`, `s0`.`ignored`, `s0`.`important`, `s0`.`inSchedule`, `s0`.`masterComment`, `s0`.`masterCommentWasUpdated`, `s0`.`maxDaysForConnection`, `s0`.`month`, `s0`.`operatorComment`, `s0`.`operatorCommentWasUpdated`, `s0`.`secondPart`, `s0`.`startHour`, `s0`.`statusWasChecked`, `s0`.`statusWasUpdated`, `s0`.`stretchingStatus`, `s0`.`tarChangeApp`, `s0`.`timeRangeIsSet`, `s0`.`urgent`, `s0`.`year`, `s0`.`Id0`, `s0`.`blackoutGroup`, `s0`.`building`, `s0`.`districtname`, `s0`.`equipmentAccess`, `s0`.`streetName`
FROM `brigades` AS `b`
LEFT JOIN (
    SELECT `s`.`brigadeId`, `s`.`scheduledTime`, `s`.`applicationId`, `a`.`id`, `a`.`addresWasUpdated`, `a`.`addressId`, `a`.`day`, `a`.`endHour`, `a`.`firstPart`, `a`.`freeCable`, `a`.`ignored`, `a`.`important`, `a`.`inSchedule`, `a`.`masterComment`, `a`.`masterCommentWasUpdated`, `a`.`maxDaysForConnection`, `a`.`month`, `a`.`operatorComment`, `a`.`operatorCommentWasUpdated`, `a`.`secondPart`, `a`.`startHour`, `a`.`statusWasChecked`, `a`.`statusWasUpdated`, `a`.`stretchingStatus`, `a`.`tarChangeApp`, `a`.`timeRangeIsSet`, `a`.`urgent`, `a`.`year`, `a0`.`Id` AS `Id0`, `a0`.`blackoutGroup`, `a0`.`building`, `a0`.`districtname`, `a0`.`equipmentAccess`, `a0`.`streetName`
    FROM `ScheduledApplicationModel` AS `s`
    INNER JOIN `applications` AS `a` ON `s`.`applicationId` = `a`.`id`
    LEFT JOIN `addresses` AS `a0` ON `a`.`addressId` = `a0`.`Id`
) AS `s0` ON `b`.`id` = `s0`.`brigadeId`
ORDER BY `b`.`id`, `s0`.`brigadeId`, `s0`.`scheduledTime`, `s0`.`id`
2025-06-08T06:38:16.8470177+03:00	INFO	[ZAK.DA.BrigadeRepository]	[0]	Retrieved 1 brigades
2025-06-08T06:38:17.1507688+03:00	INFO	[ZAK.Components.Pages.SchedulePage.SchedulePage]	[0]	Initializing SchedulePage component
2025-06-08T06:38:17.1508981+03:00	INFO	[ZAK.DA.AddressRepository]	[0]	Getting all addresses
2025-06-08T06:38:17.1547072+03:00	INFO	[ZAK.Components.Pages.SchedulePage.BrigadeList]	[0]	Getting all brigades...
2025-06-08T06:38:17.1547585+03:00	INFO	[ZAK.DA.BrigadeRepository]	[0]	Getting all brigades
2025-06-08T06:38:17.1625508+03:00	INFO	[Microsoft.EntityFrameworkCore.Database.Command]	[Microsoft.EntityFrameworkCore.Database.Command.CommandExecuted]	Executed DbCommand (4ms) [Parameters=[], CommandType='Text', CommandTimeout='30']
SELECT `b`.`id`, `b`.`brigadeNumber`, `b`.`brigadeSlotsCount`, `s0`.`brigadeId`, `s0`.`scheduledTime`, `s0`.`applicationId`, `s0`.`id`, `s0`.`addresWasUpdated`, `s0`.`addressId`, `s0`.`day`, `s0`.`endHour`, `s0`.`firstPart`, `s0`.`freeCable`, `s0`.`ignored`, `s0`.`important`, `s0`.`inSchedule`, `s0`.`masterComment`, `s0`.`masterCommentWasUpdated`, `s0`.`maxDaysForConnection`, `s0`.`month`, `s0`.`operatorComment`, `s0`.`operatorCommentWasUpdated`, `s0`.`secondPart`, `s0`.`startHour`, `s0`.`statusWasChecked`, `s0`.`statusWasUpdated`, `s0`.`stretchingStatus`, `s0`.`tarChangeApp`, `s0`.`timeRangeIsSet`, `s0`.`urgent`, `s0`.`year`, `s0`.`Id0`, `s0`.`blackoutGroup`, `s0`.`building`, `s0`.`districtname`, `s0`.`equipmentAccess`, `s0`.`streetName`
FROM `brigades` AS `b`
LEFT JOIN (
    SELECT `s`.`brigadeId`, `s`.`scheduledTime`, `s`.`applicationId`, `a`.`id`, `a`.`addresWasUpdated`, `a`.`addressId`, `a`.`day`, `a`.`endHour`, `a`.`firstPart`, `a`.`freeCable`, `a`.`ignored`, `a`.`important`, `a`.`inSchedule`, `a`.`masterComment`, `a`.`masterCommentWasUpdated`, `a`.`maxDaysForConnection`, `a`.`month`, `a`.`operatorComment`, `a`.`operatorCommentWasUpdated`, `a`.`secondPart`, `a`.`startHour`, `a`.`statusWasChecked`, `a`.`statusWasUpdated`, `a`.`stretchingStatus`, `a`.`tarChangeApp`, `a`.`timeRangeIsSet`, `a`.`urgent`, `a`.`year`, `a0`.`Id` AS `Id0`, `a0`.`blackoutGroup`, `a0`.`building`, `a0`.`districtname`, `a0`.`equipmentAccess`, `a0`.`streetName`
    FROM `ScheduledApplicationModel` AS `s`
    INNER JOIN `applications` AS `a` ON `s`.`applicationId` = `a`.`id`
    LEFT JOIN `addresses` AS `a0` ON `a`.`addressId` = `a0`.`Id`
) AS `s0` ON `b`.`id` = `s0`.`brigadeId`
ORDER BY `b`.`id`, `s0`.`brigadeId`, `s0`.`scheduledTime`, `s0`.`id`
2025-06-08T06:38:17.1737870+03:00	INFO	[ZAK.DA.BrigadeRepository]	[0]	Retrieved 1 brigades
2025-06-08T06:38:17.1772009+03:00	INFO	[Microsoft.EntityFrameworkCore.Database.Command]	[Microsoft.EntityFrameworkCore.Database.Command.CommandExecuted]	Executed DbCommand (15ms) [Parameters=[], CommandType='Text', CommandTimeout='30']
SELECT `a`.`Id`, `a`.`blackoutGroup`, `a`.`building`, `a`.`districtname`, `a`.`equipmentAccess`, `a`.`streetName`, `a0`.`addressId`, `a0`.`buildingAlias`, `a0`.`streetAlias`, `a1`.`addressId`, `a1`.`priority`, `c`.`addressId`, `c`.`lat`, `c`.`lon`
FROM `addresses` AS `a`
LEFT JOIN `addressAliases` AS `a0` ON `a`.`Id` = `a0`.`addressId`
LEFT JOIN `addressPriorities` AS `a1` ON `a`.`Id` = `a1`.`addressId`
LEFT JOIN `coordinates` AS `c` ON `a`.`Id` = `c`.`addressId`
2025-06-08T06:38:17.2120211+03:00	INFO	[ZAK.DA.AddressRepository]	[0]	Retrieved 126 addresses
2025-06-08T06:38:17.7750288+03:00	INFO	[ZAK.DA.AddressRepository]	[0]	Getting all addresses
2025-06-08T06:38:17.7864132+03:00	INFO	[Microsoft.EntityFrameworkCore.Database.Command]	[Microsoft.EntityFrameworkCore.Database.Command.CommandExecuted]	Executed DbCommand (7ms) [Parameters=[], CommandType='Text', CommandTimeout='30']
SELECT `a`.`Id`, `a`.`blackoutGroup`, `a`.`building`, `a`.`districtname`, `a`.`equipmentAccess`, `a`.`streetName`, `a0`.`addressId`, `a0`.`buildingAlias`, `a0`.`streetAlias`, `a1`.`addressId`, `a1`.`priority`, `c`.`addressId`, `c`.`lat`, `c`.`lon`
FROM `addresses` AS `a`
LEFT JOIN `addressAliases` AS `a0` ON `a`.`Id` = `a0`.`addressId`
LEFT JOIN `addressPriorities` AS `a1` ON `a`.`Id` = `a1`.`addressId`
LEFT JOIN `coordinates` AS `c` ON `a`.`Id` = `c`.`addressId`
2025-06-08T06:38:17.8157653+03:00	INFO	[ZAK.DA.AddressRepository]	[0]	Retrieved 126 addresses
2025-06-08T06:38:19.0415322+03:00	INFO	[ZAK.Components.Pages.SchedulePage.BrigadeList]	[0]	Getting all brigades...
2025-06-08T06:38:19.0415716+03:00	INFO	[ZAK.DA.BrigadeRepository]	[0]	Getting all brigades
2025-06-08T06:38:19.0490083+03:00	INFO	[ZAK.Components.Pages.SchedulePage.MapComponentLeaflet]	[0]	MapComponentLeaflet is rendered for the first time
2025-06-08T06:38:19.0565572+03:00	INFO	[Microsoft.EntityFrameworkCore.Database.Command]	[Microsoft.EntityFrameworkCore.Database.Command.CommandExecuted]	Executed DbCommand (10ms) [Parameters=[], CommandType='Text', CommandTimeout='30']
SELECT `b`.`id`, `b`.`brigadeNumber`, `b`.`brigadeSlotsCount`, `s0`.`brigadeId`, `s0`.`scheduledTime`, `s0`.`applicationId`, `s0`.`id`, `s0`.`addresWasUpdated`, `s0`.`addressId`, `s0`.`day`, `s0`.`endHour`, `s0`.`firstPart`, `s0`.`freeCable`, `s0`.`ignored`, `s0`.`important`, `s0`.`inSchedule`, `s0`.`masterComment`, `s0`.`masterCommentWasUpdated`, `s0`.`maxDaysForConnection`, `s0`.`month`, `s0`.`operatorComment`, `s0`.`operatorCommentWasUpdated`, `s0`.`secondPart`, `s0`.`startHour`, `s0`.`statusWasChecked`, `s0`.`statusWasUpdated`, `s0`.`stretchingStatus`, `s0`.`tarChangeApp`, `s0`.`timeRangeIsSet`, `s0`.`urgent`, `s0`.`year`, `s0`.`Id0`, `s0`.`blackoutGroup`, `s0`.`building`, `s0`.`districtname`, `s0`.`equipmentAccess`, `s0`.`streetName`
FROM `brigades` AS `b`
LEFT JOIN (
    SELECT `s`.`brigadeId`, `s`.`scheduledTime`, `s`.`applicationId`, `a`.`id`, `a`.`addresWasUpdated`, `a`.`addressId`, `a`.`day`, `a`.`endHour`, `a`.`firstPart`, `a`.`freeCable`, `a`.`ignored`, `a`.`important`, `a`.`inSchedule`, `a`.`masterComment`, `a`.`masterCommentWasUpdated`, `a`.`maxDaysForConnection`, `a`.`month`, `a`.`operatorComment`, `a`.`operatorCommentWasUpdated`, `a`.`secondPart`, `a`.`startHour`, `a`.`statusWasChecked`, `a`.`statusWasUpdated`, `a`.`stretchingStatus`, `a`.`tarChangeApp`, `a`.`timeRangeIsSet`, `a`.`urgent`, `a`.`year`, `a0`.`Id` AS `Id0`, `a0`.`blackoutGroup`, `a0`.`building`, `a0`.`districtname`, `a0`.`equipmentAccess`, `a0`.`streetName`
    FROM `ScheduledApplicationModel` AS `s`
    INNER JOIN `applications` AS `a` ON `s`.`applicationId` = `a`.`id`
    LEFT JOIN `addresses` AS `a0` ON `a`.`addressId` = `a0`.`Id`
) AS `s0` ON `b`.`id` = `s0`.`brigadeId`
ORDER BY `b`.`id`, `s0`.`brigadeId`, `s0`.`scheduledTime`, `s0`.`id`
2025-06-08T06:38:19.0588704+03:00	INFO	[ZAK.DA.BrigadeRepository]	[0]	Retrieved 1 brigades
2025-06-08T06:38:19.1233203+03:00	INFO	[ZAK.Components.Pages.SchedulePage.MapComponentLeaflet]	[0]	MapComponentLeaflet is drawing paths
2025-06-08T06:38:19.1393457+03:00	INFO	[ZAK.MapRoutesManager.MapRoutesManager]	[0]	Populationg brigades with applications
2025-06-08T06:38:19.1445996+03:00	INFO	[ZAK.DA.BrigadeRepository]	[0]	Getting all brigades with scheduled application info
2025-06-08T06:38:19.3160567+03:00	INFO	[Microsoft.EntityFrameworkCore.Database.Command]	[Microsoft.EntityFrameworkCore.Database.Command.CommandExecuted]	Executed DbCommand (23ms) [Parameters=[], CommandType='Text', CommandTimeout='30']
SELECT `b`.`id`, `b`.`brigadeNumber`, `b`.`brigadeSlotsCount`, `s0`.`brigadeId`, `s0`.`scheduledTime`, `s0`.`applicationId`, `s0`.`id`, `s0`.`addresWasUpdated`, `s0`.`addressId`, `s0`.`day`, `s0`.`endHour`, `s0`.`firstPart`, `s0`.`freeCable`, `s0`.`ignored`, `s0`.`important`, `s0`.`inSchedule`, `s0`.`masterComment`, `s0`.`masterCommentWasUpdated`, `s0`.`maxDaysForConnection`, `s0`.`month`, `s0`.`operatorComment`, `s0`.`operatorCommentWasUpdated`, `s0`.`secondPart`, `s0`.`startHour`, `s0`.`statusWasChecked`, `s0`.`statusWasUpdated`, `s0`.`stretchingStatus`, `s0`.`tarChangeApp`, `s0`.`timeRangeIsSet`, `s0`.`urgent`, `s0`.`year`, `s0`.`Id0`, `s0`.`blackoutGroup`, `s0`.`building`, `s0`.`districtname`, `s0`.`equipmentAccess`, `s0`.`streetName`, `s0`.`addressId0`, `s0`.`lat`, `s0`.`lon`
FROM `brigades` AS `b`
LEFT JOIN (
    SELECT `s`.`brigadeId`, `s`.`scheduledTime`, `s`.`applicationId`, `a`.`id`, `a`.`addresWasUpdated`, `a`.`addressId`, `a`.`day`, `a`.`endHour`, `a`.`firstPart`, `a`.`freeCable`, `a`.`ignored`, `a`.`important`, `a`.`inSchedule`, `a`.`masterComment`, `a`.`masterCommentWasUpdated`, `a`.`maxDaysForConnection`, `a`.`month`, `a`.`operatorComment`, `a`.`operatorCommentWasUpdated`, `a`.`secondPart`, `a`.`startHour`, `a`.`statusWasChecked`, `a`.`statusWasUpdated`, `a`.`stretchingStatus`, `a`.`tarChangeApp`, `a`.`timeRangeIsSet`, `a`.`urgent`, `a`.`year`, `a0`.`Id` AS `Id0`, `a0`.`blackoutGroup`, `a0`.`building`, `a0`.`districtname`, `a0`.`equipmentAccess`, `a0`.`streetName`, `c`.`addressId` AS `addressId0`, `c`.`lat`, `c`.`lon`
    FROM `ScheduledApplicationModel` AS `s`
    INNER JOIN `applications` AS `a` ON `s`.`applicationId` = `a`.`id`
    LEFT JOIN `addresses` AS `a0` ON `a`.`addressId` = `a0`.`Id`
    LEFT JOIN `coordinates` AS `c` ON `a0`.`Id` = `c`.`addressId`
) AS `s0` ON `b`.`id` = `s0`.`brigadeId`
ORDER BY `b`.`id`, `s0`.`brigadeId`, `s0`.`scheduledTime`, `s0`.`id`, `s0`.`Id0`
2025-06-08T06:38:19.3304794+03:00	INFO	[ZAK.DA.BrigadeRepository]	[0]	Retrieved 1 brigades with scheduled application info
2025-06-08T06:38:19.3312852+03:00	INFO	[ZAK.MapRoutesManager.MapRoutesManager]	[0]	Calculating routes...
2025-06-08T06:38:20.7589031+03:00	INFO	[ZAK.Components.Pages.SchedulePage.MapComponentLeaflet]	[0]	MapComponentLeaflet is drawing paths
2025-06-08T06:38:20.9653372+03:00	INFO	[ZAK.Components.Pages.SchedulePage.MapComponentLeaflet]	[0]	MapComponentLeaflet is drawing markers
2025-06-08T06:38:20.9690044+03:00	INFO	[ZAK.DA.ApplicationRepository]	[0]	Getting all applications with ignoring
2025-06-08T06:38:21.0106592+03:00	INFO	[Microsoft.EntityFrameworkCore.Database.Command]	[Microsoft.EntityFrameworkCore.Database.Command.CommandExecuted]	Executed DbCommand (5ms) [Parameters=[], CommandType='Text', CommandTimeout='30']
SELECT `a`.`id`, `a`.`addresWasUpdated`, `a`.`addressId`, `a`.`day`, `a`.`endHour`, `a`.`firstPart`, `a`.`freeCable`, `a`.`ignored`, `a`.`important`, `a`.`inSchedule`, `a`.`masterComment`, `a`.`masterCommentWasUpdated`, `a`.`maxDaysForConnection`, `a`.`month`, `a`.`operatorComment`, `a`.`operatorCommentWasUpdated`, `a`.`secondPart`, `a`.`startHour`, `a`.`statusWasChecked`, `a`.`statusWasUpdated`, `a`.`stretchingStatus`, `a`.`tarChangeApp`, `a`.`timeRangeIsSet`, `a`.`urgent`, `a`.`year`, `a0`.`Id`, `a0`.`blackoutGroup`, `a0`.`building`, `a0`.`districtname`, `a0`.`equipmentAccess`, `a0`.`streetName`, `d`.`name`, `d`.`color`, `c`.`addressId`, `c`.`lat`, `c`.`lon`
FROM `applications` AS `a`
LEFT JOIN `addresses` AS `a0` ON `a`.`addressId` = `a0`.`Id`
LEFT JOIN `districts` AS `d` ON `a0`.`districtname` = `d`.`name`
LEFT JOIN `coordinates` AS `c` ON `a0`.`Id` = `c`.`addressId`
2025-06-08T06:38:21.0213004+03:00	INFO	[ZAK.DA.ApplicationRepository]	[0]	Getting all applications
2025-06-08T06:38:21.0289042+03:00	INFO	[Microsoft.EntityFrameworkCore.Database.Command]	[Microsoft.EntityFrameworkCore.Database.Command.CommandExecuted]	Executed DbCommand (4ms) [Parameters=[], CommandType='Text', CommandTimeout='30']
SELECT `a`.`id`, `a`.`addresWasUpdated`, `a`.`addressId`, `a`.`day`, `a`.`endHour`, `a`.`firstPart`, `a`.`freeCable`, `a`.`ignored`, `a`.`important`, `a`.`inSchedule`, `a`.`masterComment`, `a`.`masterCommentWasUpdated`, `a`.`maxDaysForConnection`, `a`.`month`, `a`.`operatorComment`, `a`.`operatorCommentWasUpdated`, `a`.`secondPart`, `a`.`startHour`, `a`.`statusWasChecked`, `a`.`statusWasUpdated`, `a`.`stretchingStatus`, `a`.`tarChangeApp`, `a`.`timeRangeIsSet`, `a`.`urgent`, `a`.`year`, `a0`.`Id`, `a0`.`blackoutGroup`, `a0`.`building`, `a0`.`districtname`, `a0`.`equipmentAccess`, `a0`.`streetName`, `d`.`name`, `d`.`color`, `c`.`addressId`, `c`.`lat`, `c`.`lon`
FROM `applications` AS `a`
LEFT JOIN `addresses` AS `a0` ON `a`.`addressId` = `a0`.`Id`
LEFT JOIN `districts` AS `d` ON `a0`.`districtname` = `d`.`name`
LEFT JOIN `coordinates` AS `c` ON `a0`.`Id` = `c`.`addressId`
2025-06-08T06:38:21.0356962+03:00	INFO	[ZAK.DA.ApplicationRepository]	[0]	Retrieved 89 applications (not ignored)
2025-06-08T06:38:21.0945706+03:00	INFO	[ZAK.DA.ApplicationRepository]	[0]	Retrieved 105 applications
2025-06-08T06:38:31.4508414+03:00	INFO	[ZAK.DA.ApplicationRepository]	[0]	Updating application: ZAK.DA.Application
2025-06-08T06:38:31.6045633+03:00	INFO	[Microsoft.EntityFrameworkCore.Database.Command]	[Microsoft.EntityFrameworkCore.Database.Command.CommandExecuted]	Executed DbCommand (52ms) [Parameters=[@__entity_id_0='187085'], CommandType='Text', CommandTimeout='30']
SELECT `a`.`id`, `a`.`addresWasUpdated`, `a`.`addressId`, `a`.`day`, `a`.`endHour`, `a`.`firstPart`, `a`.`freeCable`, `a`.`ignored`, `a`.`important`, `a`.`inSchedule`, `a`.`masterComment`, `a`.`masterCommentWasUpdated`, `a`.`maxDaysForConnection`, `a`.`month`, `a`.`operatorComment`, `a`.`operatorCommentWasUpdated`, `a`.`secondPart`, `a`.`startHour`, `a`.`statusWasChecked`, `a`.`statusWasUpdated`, `a`.`stretchingStatus`, `a`.`tarChangeApp`, `a`.`timeRangeIsSet`, `a`.`urgent`, `a`.`year`, `a0`.`Id`, `a0`.`blackoutGroup`, `a0`.`building`, `a0`.`districtname`, `a0`.`equipmentAccess`, `a0`.`streetName`
FROM `applications` AS `a`
LEFT JOIN `addresses` AS `a0` ON `a`.`addressId` = `a0`.`Id`
WHERE `a`.`id` = @__entity_id_0
LIMIT 1
2025-06-08T06:38:31.7949686+03:00	INFO	[Microsoft.EntityFrameworkCore.Database.Command]	[Microsoft.EntityFrameworkCore.Database.Command.CommandExecuted]	Executed DbCommand (9ms) [Parameters=[@p1='187085', @p0='True'], CommandType='Text', CommandTimeout='30']
SET AUTOCOMMIT = 1;
UPDATE `applications` SET `urgent` = @p0
WHERE `id` = @p1;
SELECT ROW_COUNT();
2025-06-08T06:38:31.8114461+03:00	INFO	[ZAK.DA.ApplicationRepository]	[0]	Application updated successfully: ZAK.DA.Application
2025-06-08T06:38:32.6201366+03:00	INFO	[ZAK.Components.Pages.SchedulePage.SchedulePage]	[0]	Initializing SchedulePage component
2025-06-08T06:38:32.6201730+03:00	INFO	[ZAK.DA.AddressRepository]	[0]	Getting all addresses
2025-06-08T06:38:32.6235031+03:00	INFO	[ZAK.Components.Pages.SchedulePage.BrigadeList]	[0]	Getting all brigades...
2025-06-08T06:38:32.6235387+03:00	INFO	[ZAK.DA.BrigadeRepository]	[0]	Getting all brigades
2025-06-08T06:38:32.6327066+03:00	INFO	[Microsoft.EntityFrameworkCore.Database.Command]	[Microsoft.EntityFrameworkCore.Database.Command.CommandExecuted]	Executed DbCommand (8ms) [Parameters=[], CommandType='Text', CommandTimeout='30']
SELECT `a`.`Id`, `a`.`blackoutGroup`, `a`.`building`, `a`.`districtname`, `a`.`equipmentAccess`, `a`.`streetName`, `a0`.`addressId`, `a0`.`buildingAlias`, `a0`.`streetAlias`, `a1`.`addressId`, `a1`.`priority`, `c`.`addressId`, `c`.`lat`, `c`.`lon`
FROM `addresses` AS `a`
LEFT JOIN `addressAliases` AS `a0` ON `a`.`Id` = `a0`.`addressId`
LEFT JOIN `addressPriorities` AS `a1` ON `a`.`Id` = `a1`.`addressId`
LEFT JOIN `coordinates` AS `c` ON `a`.`Id` = `c`.`addressId`
2025-06-08T06:38:32.6390209+03:00	INFO	[Microsoft.EntityFrameworkCore.Database.Command]	[Microsoft.EntityFrameworkCore.Database.Command.CommandExecuted]	Executed DbCommand (5ms) [Parameters=[], CommandType='Text', CommandTimeout='30']
SELECT `b`.`id`, `b`.`brigadeNumber`, `b`.`brigadeSlotsCount`, `s0`.`brigadeId`, `s0`.`scheduledTime`, `s0`.`applicationId`, `s0`.`id`, `s0`.`addresWasUpdated`, `s0`.`addressId`, `s0`.`day`, `s0`.`endHour`, `s0`.`firstPart`, `s0`.`freeCable`, `s0`.`ignored`, `s0`.`important`, `s0`.`inSchedule`, `s0`.`masterComment`, `s0`.`masterCommentWasUpdated`, `s0`.`maxDaysForConnection`, `s0`.`month`, `s0`.`operatorComment`, `s0`.`operatorCommentWasUpdated`, `s0`.`secondPart`, `s0`.`startHour`, `s0`.`statusWasChecked`, `s0`.`statusWasUpdated`, `s0`.`stretchingStatus`, `s0`.`tarChangeApp`, `s0`.`timeRangeIsSet`, `s0`.`urgent`, `s0`.`year`, `s0`.`Id0`, `s0`.`blackoutGroup`, `s0`.`building`, `s0`.`districtname`, `s0`.`equipmentAccess`, `s0`.`streetName`
FROM `brigades` AS `b`
LEFT JOIN (
    SELECT `s`.`brigadeId`, `s`.`scheduledTime`, `s`.`applicationId`, `a`.`id`, `a`.`addresWasUpdated`, `a`.`addressId`, `a`.`day`, `a`.`endHour`, `a`.`firstPart`, `a`.`freeCable`, `a`.`ignored`, `a`.`important`, `a`.`inSchedule`, `a`.`masterComment`, `a`.`masterCommentWasUpdated`, `a`.`maxDaysForConnection`, `a`.`month`, `a`.`operatorComment`, `a`.`operatorCommentWasUpdated`, `a`.`secondPart`, `a`.`startHour`, `a`.`statusWasChecked`, `a`.`statusWasUpdated`, `a`.`stretchingStatus`, `a`.`tarChangeApp`, `a`.`timeRangeIsSet`, `a`.`urgent`, `a`.`year`, `a0`.`Id` AS `Id0`, `a0`.`blackoutGroup`, `a0`.`building`, `a0`.`districtname`, `a0`.`equipmentAccess`, `a0`.`streetName`
    FROM `ScheduledApplicationModel` AS `s`
    INNER JOIN `applications` AS `a` ON `s`.`applicationId` = `a`.`id`
    LEFT JOIN `addresses` AS `a0` ON `a`.`addressId` = `a0`.`Id`
) AS `s0` ON `b`.`id` = `s0`.`brigadeId`
ORDER BY `b`.`id`, `s0`.`brigadeId`, `s0`.`scheduledTime`, `s0`.`id`
2025-06-08T06:38:32.6397697+03:00	INFO	[ZAK.DA.BrigadeRepository]	[0]	Retrieved 1 brigades
2025-06-08T06:38:32.6536846+03:00	INFO	[ZAK.DA.AddressRepository]	[0]	Retrieved 126 addresses
2025-06-08T06:38:33.0655388+03:00	INFO	[ZAK.DA.AddressRepository]	[0]	Getting all addresses
2025-06-08T06:38:33.0744288+03:00	INFO	[Microsoft.EntityFrameworkCore.Database.Command]	[Microsoft.EntityFrameworkCore.Database.Command.CommandExecuted]	Executed DbCommand (6ms) [Parameters=[], CommandType='Text', CommandTimeout='30']
SELECT `a`.`Id`, `a`.`blackoutGroup`, `a`.`building`, `a`.`districtname`, `a`.`equipmentAccess`, `a`.`streetName`, `a0`.`addressId`, `a0`.`buildingAlias`, `a0`.`streetAlias`, `a1`.`addressId`, `a1`.`priority`, `c`.`addressId`, `c`.`lat`, `c`.`lon`
FROM `addresses` AS `a`
LEFT JOIN `addressAliases` AS `a0` ON `a`.`Id` = `a0`.`addressId`
LEFT JOIN `addressPriorities` AS `a1` ON `a`.`Id` = `a1`.`addressId`
LEFT JOIN `coordinates` AS `c` ON `a`.`Id` = `c`.`addressId`
2025-06-08T06:38:33.0866121+03:00	INFO	[ZAK.DA.AddressRepository]	[0]	Retrieved 126 addresses
2025-06-08T06:38:33.4373811+03:00	INFO	[ZAK.Components.Pages.SchedulePage.BrigadeList]	[0]	Getting all brigades...
2025-06-08T06:38:33.4374164+03:00	INFO	[ZAK.DA.BrigadeRepository]	[0]	Getting all brigades
2025-06-08T06:38:33.4452382+03:00	INFO	[Microsoft.EntityFrameworkCore.Database.Command]	[Microsoft.EntityFrameworkCore.Database.Command.CommandExecuted]	Executed DbCommand (4ms) [Parameters=[], CommandType='Text', CommandTimeout='30']
SELECT `b`.`id`, `b`.`brigadeNumber`, `b`.`brigadeSlotsCount`, `s0`.`brigadeId`, `s0`.`scheduledTime`, `s0`.`applicationId`, `s0`.`id`, `s0`.`addresWasUpdated`, `s0`.`addressId`, `s0`.`day`, `s0`.`endHour`, `s0`.`firstPart`, `s0`.`freeCable`, `s0`.`ignored`, `s0`.`important`, `s0`.`inSchedule`, `s0`.`masterComment`, `s0`.`masterCommentWasUpdated`, `s0`.`maxDaysForConnection`, `s0`.`month`, `s0`.`operatorComment`, `s0`.`operatorCommentWasUpdated`, `s0`.`secondPart`, `s0`.`startHour`, `s0`.`statusWasChecked`, `s0`.`statusWasUpdated`, `s0`.`stretchingStatus`, `s0`.`tarChangeApp`, `s0`.`timeRangeIsSet`, `s0`.`urgent`, `s0`.`year`, `s0`.`Id0`, `s0`.`blackoutGroup`, `s0`.`building`, `s0`.`districtname`, `s0`.`equipmentAccess`, `s0`.`streetName`
FROM `brigades` AS `b`
LEFT JOIN (
    SELECT `s`.`brigadeId`, `s`.`scheduledTime`, `s`.`applicationId`, `a`.`id`, `a`.`addresWasUpdated`, `a`.`addressId`, `a`.`day`, `a`.`endHour`, `a`.`firstPart`, `a`.`freeCable`, `a`.`ignored`, `a`.`important`, `a`.`inSchedule`, `a`.`masterComment`, `a`.`masterCommentWasUpdated`, `a`.`maxDaysForConnection`, `a`.`month`, `a`.`operatorComment`, `a`.`operatorCommentWasUpdated`, `a`.`secondPart`, `a`.`startHour`, `a`.`statusWasChecked`, `a`.`statusWasUpdated`, `a`.`stretchingStatus`, `a`.`tarChangeApp`, `a`.`timeRangeIsSet`, `a`.`urgent`, `a`.`year`, `a0`.`Id` AS `Id0`, `a0`.`blackoutGroup`, `a0`.`building`, `a0`.`districtname`, `a0`.`equipmentAccess`, `a0`.`streetName`
    FROM `ScheduledApplicationModel` AS `s`
    INNER JOIN `applications` AS `a` ON `s`.`applicationId` = `a`.`id`
    LEFT JOIN `addresses` AS `a0` ON `a`.`addressId` = `a0`.`Id`
) AS `s0` ON `b`.`id` = `s0`.`brigadeId`
ORDER BY `b`.`id`, `s0`.`brigadeId`, `s0`.`scheduledTime`, `s0`.`id`
2025-06-08T06:38:33.4457522+03:00	INFO	[ZAK.DA.BrigadeRepository]	[0]	Retrieved 1 brigades
2025-06-08T06:38:33.4540739+03:00	INFO	[ZAK.Components.Pages.SchedulePage.SchedulePage]	[0]	Initializing SchedulePage component
2025-06-08T06:38:33.4541114+03:00	INFO	[ZAK.DA.AddressRepository]	[0]	Getting all addresses
2025-06-08T06:38:33.4557907+03:00	INFO	[ZAK.Components.Pages.SchedulePage.BrigadeList]	[0]	Getting all brigades...
2025-06-08T06:38:33.4558244+03:00	INFO	[ZAK.DA.BrigadeRepository]	[0]	Getting all brigades
2025-06-08T06:38:33.4628175+03:00	INFO	[Microsoft.EntityFrameworkCore.Database.Command]	[Microsoft.EntityFrameworkCore.Database.Command.CommandExecuted]	Executed DbCommand (5ms) [Parameters=[], CommandType='Text', CommandTimeout='30']
SELECT `a`.`Id`, `a`.`blackoutGroup`, `a`.`building`, `a`.`districtname`, `a`.`equipmentAccess`, `a`.`streetName`, `a0`.`addressId`, `a0`.`buildingAlias`, `a0`.`streetAlias`, `a1`.`addressId`, `a1`.`priority`, `c`.`addressId`, `c`.`lat`, `c`.`lon`
FROM `addresses` AS `a`
LEFT JOIN `addressAliases` AS `a0` ON `a`.`Id` = `a0`.`addressId`
LEFT JOIN `addressPriorities` AS `a1` ON `a`.`Id` = `a1`.`addressId`
LEFT JOIN `coordinates` AS `c` ON `a`.`Id` = `c`.`addressId`
2025-06-08T06:38:33.4674926+03:00	INFO	[ZAK.DA.AddressRepository]	[0]	Retrieved 126 addresses
2025-06-08T06:38:33.4678823+03:00	INFO	[Microsoft.EntityFrameworkCore.Database.Command]	[Microsoft.EntityFrameworkCore.Database.Command.CommandExecuted]	Executed DbCommand (8ms) [Parameters=[], CommandType='Text', CommandTimeout='30']
SELECT `b`.`id`, `b`.`brigadeNumber`, `b`.`brigadeSlotsCount`, `s0`.`brigadeId`, `s0`.`scheduledTime`, `s0`.`applicationId`, `s0`.`id`, `s0`.`addresWasUpdated`, `s0`.`addressId`, `s0`.`day`, `s0`.`endHour`, `s0`.`firstPart`, `s0`.`freeCable`, `s0`.`ignored`, `s0`.`important`, `s0`.`inSchedule`, `s0`.`masterComment`, `s0`.`masterCommentWasUpdated`, `s0`.`maxDaysForConnection`, `s0`.`month`, `s0`.`operatorComment`, `s0`.`operatorCommentWasUpdated`, `s0`.`secondPart`, `s0`.`startHour`, `s0`.`statusWasChecked`, `s0`.`statusWasUpdated`, `s0`.`stretchingStatus`, `s0`.`tarChangeApp`, `s0`.`timeRangeIsSet`, `s0`.`urgent`, `s0`.`year`, `s0`.`Id0`, `s0`.`blackoutGroup`, `s0`.`building`, `s0`.`districtname`, `s0`.`equipmentAccess`, `s0`.`streetName`
FROM `brigades` AS `b`
LEFT JOIN (
    SELECT `s`.`brigadeId`, `s`.`scheduledTime`, `s`.`applicationId`, `a`.`id`, `a`.`addresWasUpdated`, `a`.`addressId`, `a`.`day`, `a`.`endHour`, `a`.`firstPart`, `a`.`freeCable`, `a`.`ignored`, `a`.`important`, `a`.`inSchedule`, `a`.`masterComment`, `a`.`masterCommentWasUpdated`, `a`.`maxDaysForConnection`, `a`.`month`, `a`.`operatorComment`, `a`.`operatorCommentWasUpdated`, `a`.`secondPart`, `a`.`startHour`, `a`.`statusWasChecked`, `a`.`statusWasUpdated`, `a`.`stretchingStatus`, `a`.`tarChangeApp`, `a`.`timeRangeIsSet`, `a`.`urgent`, `a`.`year`, `a0`.`Id` AS `Id0`, `a0`.`blackoutGroup`, `a0`.`building`, `a0`.`districtname`, `a0`.`equipmentAccess`, `a0`.`streetName`
    FROM `ScheduledApplicationModel` AS `s`
    INNER JOIN `applications` AS `a` ON `s`.`applicationId` = `a`.`id`
    LEFT JOIN `addresses` AS `a0` ON `a`.`addressId` = `a0`.`Id`
) AS `s0` ON `b`.`id` = `s0`.`brigadeId`
ORDER BY `b`.`id`, `s0`.`brigadeId`, `s0`.`scheduledTime`, `s0`.`id`
2025-06-08T06:38:33.7823603+03:00	INFO	[ZAK.DA.AddressRepository]	[0]	Getting all addresses
2025-06-08T06:38:33.7835180+03:00	INFO	[ZAK.DA.BrigadeRepository]	[0]	Retrieved 1 brigades
2025-06-08T06:38:33.7932898+03:00	INFO	[Microsoft.EntityFrameworkCore.Database.Command]	[Microsoft.EntityFrameworkCore.Database.Command.CommandExecuted]	Executed DbCommand (8ms) [Parameters=[], CommandType='Text', CommandTimeout='30']
SELECT `a`.`Id`, `a`.`blackoutGroup`, `a`.`building`, `a`.`districtname`, `a`.`equipmentAccess`, `a`.`streetName`, `a0`.`addressId`, `a0`.`buildingAlias`, `a0`.`streetAlias`, `a1`.`addressId`, `a1`.`priority`, `c`.`addressId`, `c`.`lat`, `c`.`lon`
FROM `addresses` AS `a`
LEFT JOIN `addressAliases` AS `a0` ON `a`.`Id` = `a0`.`addressId`
LEFT JOIN `addressPriorities` AS `a1` ON `a`.`Id` = `a1`.`addressId`
LEFT JOIN `coordinates` AS `c` ON `a`.`Id` = `c`.`addressId`
2025-06-08T06:38:33.7988201+03:00	INFO	[ZAK.DA.AddressRepository]	[0]	Retrieved 126 addresses
2025-06-08T06:38:34.1175376+03:00	INFO	[ZAK.Components.Pages.SchedulePage.BrigadeList]	[0]	Getting all brigades...
2025-06-08T06:38:34.1175657+03:00	INFO	[ZAK.DA.BrigadeRepository]	[0]	Getting all brigades
2025-06-08T06:38:34.1214941+03:00	INFO	[ZAK.Components.Pages.SchedulePage.MapComponentLeaflet]	[0]	MapComponentLeaflet is rendered for the first time
2025-06-08T06:38:34.1273313+03:00	INFO	[Microsoft.EntityFrameworkCore.Database.Command]	[Microsoft.EntityFrameworkCore.Database.Command.CommandExecuted]	Executed DbCommand (4ms) [Parameters=[], CommandType='Text', CommandTimeout='30']
SELECT `b`.`id`, `b`.`brigadeNumber`, `b`.`brigadeSlotsCount`, `s0`.`brigadeId`, `s0`.`scheduledTime`, `s0`.`applicationId`, `s0`.`id`, `s0`.`addresWasUpdated`, `s0`.`addressId`, `s0`.`day`, `s0`.`endHour`, `s0`.`firstPart`, `s0`.`freeCable`, `s0`.`ignored`, `s0`.`important`, `s0`.`inSchedule`, `s0`.`masterComment`, `s0`.`masterCommentWasUpdated`, `s0`.`maxDaysForConnection`, `s0`.`month`, `s0`.`operatorComment`, `s0`.`operatorCommentWasUpdated`, `s0`.`secondPart`, `s0`.`startHour`, `s0`.`statusWasChecked`, `s0`.`statusWasUpdated`, `s0`.`stretchingStatus`, `s0`.`tarChangeApp`, `s0`.`timeRangeIsSet`, `s0`.`urgent`, `s0`.`year`, `s0`.`Id0`, `s0`.`blackoutGroup`, `s0`.`building`, `s0`.`districtname`, `s0`.`equipmentAccess`, `s0`.`streetName`
FROM `brigades` AS `b`
LEFT JOIN (
    SELECT `s`.`brigadeId`, `s`.`scheduledTime`, `s`.`applicationId`, `a`.`id`, `a`.`addresWasUpdated`, `a`.`addressId`, `a`.`day`, `a`.`endHour`, `a`.`firstPart`, `a`.`freeCable`, `a`.`ignored`, `a`.`important`, `a`.`inSchedule`, `a`.`masterComment`, `a`.`masterCommentWasUpdated`, `a`.`maxDaysForConnection`, `a`.`month`, `a`.`operatorComment`, `a`.`operatorCommentWasUpdated`, `a`.`secondPart`, `a`.`startHour`, `a`.`statusWasChecked`, `a`.`statusWasUpdated`, `a`.`stretchingStatus`, `a`.`tarChangeApp`, `a`.`timeRangeIsSet`, `a`.`urgent`, `a`.`year`, `a0`.`Id` AS `Id0`, `a0`.`blackoutGroup`, `a0`.`building`, `a0`.`districtname`, `a0`.`equipmentAccess`, `a0`.`streetName`
    FROM `ScheduledApplicationModel` AS `s`
    INNER JOIN `applications` AS `a` ON `s`.`applicationId` = `a`.`id`
    LEFT JOIN `addresses` AS `a0` ON `a`.`addressId` = `a0`.`Id`
) AS `s0` ON `b`.`id` = `s0`.`brigadeId`
ORDER BY `b`.`id`, `s0`.`brigadeId`, `s0`.`scheduledTime`, `s0`.`id`
2025-06-08T06:38:34.1277937+03:00	INFO	[ZAK.DA.BrigadeRepository]	[0]	Retrieved 1 brigades
2025-06-08T06:38:34.1354128+03:00	INFO	[ZAK.Components.Pages.SchedulePage.MapComponentLeaflet]	[0]	MapComponentLeaflet is drawing paths
2025-06-08T06:38:34.1358357+03:00	INFO	[ZAK.MapRoutesManager.MapRoutesManager]	[0]	Populationg brigades with applications
2025-06-08T06:38:34.1360014+03:00	INFO	[ZAK.DA.BrigadeRepository]	[0]	Getting all brigades with scheduled application info
2025-06-08T06:38:34.1592168+03:00	INFO	[Microsoft.EntityFrameworkCore.Database.Command]	[Microsoft.EntityFrameworkCore.Database.Command.CommandExecuted]	Executed DbCommand (16ms) [Parameters=[], CommandType='Text', CommandTimeout='30']
SELECT `b`.`id`, `b`.`brigadeNumber`, `b`.`brigadeSlotsCount`, `s0`.`brigadeId`, `s0`.`scheduledTime`, `s0`.`applicationId`, `s0`.`id`, `s0`.`addresWasUpdated`, `s0`.`addressId`, `s0`.`day`, `s0`.`endHour`, `s0`.`firstPart`, `s0`.`freeCable`, `s0`.`ignored`, `s0`.`important`, `s0`.`inSchedule`, `s0`.`masterComment`, `s0`.`masterCommentWasUpdated`, `s0`.`maxDaysForConnection`, `s0`.`month`, `s0`.`operatorComment`, `s0`.`operatorCommentWasUpdated`, `s0`.`secondPart`, `s0`.`startHour`, `s0`.`statusWasChecked`, `s0`.`statusWasUpdated`, `s0`.`stretchingStatus`, `s0`.`tarChangeApp`, `s0`.`timeRangeIsSet`, `s0`.`urgent`, `s0`.`year`, `s0`.`Id0`, `s0`.`blackoutGroup`, `s0`.`building`, `s0`.`districtname`, `s0`.`equipmentAccess`, `s0`.`streetName`, `s0`.`addressId0`, `s0`.`lat`, `s0`.`lon`
FROM `brigades` AS `b`
LEFT JOIN (
    SELECT `s`.`brigadeId`, `s`.`scheduledTime`, `s`.`applicationId`, `a`.`id`, `a`.`addresWasUpdated`, `a`.`addressId`, `a`.`day`, `a`.`endHour`, `a`.`firstPart`, `a`.`freeCable`, `a`.`ignored`, `a`.`important`, `a`.`inSchedule`, `a`.`masterComment`, `a`.`masterCommentWasUpdated`, `a`.`maxDaysForConnection`, `a`.`month`, `a`.`operatorComment`, `a`.`operatorCommentWasUpdated`, `a`.`secondPart`, `a`.`startHour`, `a`.`statusWasChecked`, `a`.`statusWasUpdated`, `a`.`stretchingStatus`, `a`.`tarChangeApp`, `a`.`timeRangeIsSet`, `a`.`urgent`, `a`.`year`, `a0`.`Id` AS `Id0`, `a0`.`blackoutGroup`, `a0`.`building`, `a0`.`districtname`, `a0`.`equipmentAccess`, `a0`.`streetName`, `c`.`addressId` AS `addressId0`, `c`.`lat`, `c`.`lon`
    FROM `ScheduledApplicationModel` AS `s`
    INNER JOIN `applications` AS `a` ON `s`.`applicationId` = `a`.`id`
    LEFT JOIN `addresses` AS `a0` ON `a`.`addressId` = `a0`.`Id`
    LEFT JOIN `coordinates` AS `c` ON `a0`.`Id` = `c`.`addressId`
) AS `s0` ON `b`.`id` = `s0`.`brigadeId`
ORDER BY `b`.`id`, `s0`.`brigadeId`, `s0`.`scheduledTime`, `s0`.`id`, `s0`.`Id0`
2025-06-08T06:38:34.1622355+03:00	INFO	[ZAK.DA.BrigadeRepository]	[0]	Retrieved 1 brigades with scheduled application info
2025-06-08T06:38:34.1623916+03:00	INFO	[ZAK.MapRoutesManager.MapRoutesManager]	[0]	Calculating routes...
2025-06-08T06:38:34.6463251+03:00	INFO	[ZAK.Components.Pages.SchedulePage.MapComponentLeaflet]	[0]	MapComponentLeaflet is drawing paths
2025-06-08T06:38:34.8078043+03:00	INFO	[ZAK.Components.Pages.SchedulePage.MapComponentLeaflet]	[0]	MapComponentLeaflet is drawing markers
2025-06-08T06:38:34.8080613+03:00	INFO	[ZAK.DA.ApplicationRepository]	[0]	Getting all applications with ignoring
2025-06-08T06:38:34.8317071+03:00	INFO	[Microsoft.EntityFrameworkCore.Database.Command]	[Microsoft.EntityFrameworkCore.Database.Command.CommandExecuted]	Executed DbCommand (6ms) [Parameters=[], CommandType='Text', CommandTimeout='30']
SELECT `a`.`id`, `a`.`addresWasUpdated`, `a`.`addressId`, `a`.`day`, `a`.`endHour`, `a`.`firstPart`, `a`.`freeCable`, `a`.`ignored`, `a`.`important`, `a`.`inSchedule`, `a`.`masterComment`, `a`.`masterCommentWasUpdated`, `a`.`maxDaysForConnection`, `a`.`month`, `a`.`operatorComment`, `a`.`operatorCommentWasUpdated`, `a`.`secondPart`, `a`.`startHour`, `a`.`statusWasChecked`, `a`.`statusWasUpdated`, `a`.`stretchingStatus`, `a`.`tarChangeApp`, `a`.`timeRangeIsSet`, `a`.`urgent`, `a`.`year`, `a0`.`Id`, `a0`.`blackoutGroup`, `a0`.`building`, `a0`.`districtname`, `a0`.`equipmentAccess`, `a0`.`streetName`, `d`.`name`, `d`.`color`, `c`.`addressId`, `c`.`lat`, `c`.`lon`
FROM `applications` AS `a`
LEFT JOIN `addresses` AS `a0` ON `a`.`addressId` = `a0`.`Id`
LEFT JOIN `districts` AS `d` ON `a0`.`districtname` = `d`.`name`
LEFT JOIN `coordinates` AS `c` ON `a0`.`Id` = `c`.`addressId`
2025-06-08T06:38:34.8580478+03:00	INFO	[ZAK.DA.ApplicationRepository]	[0]	Retrieved 89 applications (not ignored)
2025-06-08T06:38:37.7748554+03:00	INFO	[ZAK.DA.ApplicationRepository]	[0]	Getting all applications
2025-06-08T06:38:37.7908748+03:00	INFO	[Microsoft.EntityFrameworkCore.Database.Command]	[Microsoft.EntityFrameworkCore.Database.Command.CommandExecuted]	Executed DbCommand (5ms) [Parameters=[], CommandType='Text', CommandTimeout='30']
SELECT `a`.`id`, `a`.`addresWasUpdated`, `a`.`addressId`, `a`.`day`, `a`.`endHour`, `a`.`firstPart`, `a`.`freeCable`, `a`.`ignored`, `a`.`important`, `a`.`inSchedule`, `a`.`masterComment`, `a`.`masterCommentWasUpdated`, `a`.`maxDaysForConnection`, `a`.`month`, `a`.`operatorComment`, `a`.`operatorCommentWasUpdated`, `a`.`secondPart`, `a`.`startHour`, `a`.`statusWasChecked`, `a`.`statusWasUpdated`, `a`.`stretchingStatus`, `a`.`tarChangeApp`, `a`.`timeRangeIsSet`, `a`.`urgent`, `a`.`year`, `a0`.`Id`, `a0`.`blackoutGroup`, `a0`.`building`, `a0`.`districtname`, `a0`.`equipmentAccess`, `a0`.`streetName`, `d`.`name`, `d`.`color`, `c`.`addressId`, `c`.`lat`, `c`.`lon`
FROM `applications` AS `a`
LEFT JOIN `addresses` AS `a0` ON `a`.`addressId` = `a0`.`Id`
LEFT JOIN `districts` AS `d` ON `a0`.`districtname` = `d`.`name`
LEFT JOIN `coordinates` AS `c` ON `a0`.`Id` = `c`.`addressId`
2025-06-08T06:38:37.8001249+03:00	INFO	[ZAK.DA.ApplicationRepository]	[0]	Retrieved 105 applications
2025-06-08T06:38:41.5912341+03:00	INFO	[ZAK.DA.ApplicationRepository]	[0]	Updating application: ZAK.DA.Application
2025-06-08T06:38:41.5978146+03:00	INFO	[Microsoft.EntityFrameworkCore.Database.Command]	[Microsoft.EntityFrameworkCore.Database.Command.CommandExecuted]	Executed DbCommand (3ms) [Parameters=[@__entity_id_0='187085'], CommandType='Text', CommandTimeout='30']
SELECT `a`.`id`, `a`.`addresWasUpdated`, `a`.`addressId`, `a`.`day`, `a`.`endHour`, `a`.`firstPart`, `a`.`freeCable`, `a`.`ignored`, `a`.`important`, `a`.`inSchedule`, `a`.`masterComment`, `a`.`masterCommentWasUpdated`, `a`.`maxDaysForConnection`, `a`.`month`, `a`.`operatorComment`, `a`.`operatorCommentWasUpdated`, `a`.`secondPart`, `a`.`startHour`, `a`.`statusWasChecked`, `a`.`statusWasUpdated`, `a`.`stretchingStatus`, `a`.`tarChangeApp`, `a`.`timeRangeIsSet`, `a`.`urgent`, `a`.`year`, `a0`.`Id`, `a0`.`blackoutGroup`, `a0`.`building`, `a0`.`districtname`, `a0`.`equipmentAccess`, `a0`.`streetName`
FROM `applications` AS `a`
LEFT JOIN `addresses` AS `a0` ON `a`.`addressId` = `a0`.`Id`
WHERE `a`.`id` = @__entity_id_0
LIMIT 1
2025-06-08T06:38:41.6199887+03:00	INFO	[Microsoft.EntityFrameworkCore.Database.Command]	[Microsoft.EntityFrameworkCore.Database.Command.CommandExecuted]	Executed DbCommand (7ms) [Parameters=[@p1='187085', @p0='False'], CommandType='Text', CommandTimeout='30']
SET AUTOCOMMIT = 1;
UPDATE `applications` SET `urgent` = @p0
WHERE `id` = @p1;
SELECT ROW_COUNT();
2025-06-08T06:38:41.6206705+03:00	INFO	[ZAK.DA.ApplicationRepository]	[0]	Application updated successfully: ZAK.DA.Application
2025-06-08T06:38:45.8580154+03:00	INFO	[ZAK.DA.ApplicationRepository]	[0]	Updating application: ZAK.DA.Application
2025-06-08T06:38:45.8752059+03:00	INFO	[Microsoft.EntityFrameworkCore.Database.Command]	[Microsoft.EntityFrameworkCore.Database.Command.CommandExecuted]	Executed DbCommand (3ms) [Parameters=[@__entity_id_0='187085'], CommandType='Text', CommandTimeout='30']
SELECT `a`.`id`, `a`.`addresWasUpdated`, `a`.`addressId`, `a`.`day`, `a`.`endHour`, `a`.`firstPart`, `a`.`freeCable`, `a`.`ignored`, `a`.`important`, `a`.`inSchedule`, `a`.`masterComment`, `a`.`masterCommentWasUpdated`, `a`.`maxDaysForConnection`, `a`.`month`, `a`.`operatorComment`, `a`.`operatorCommentWasUpdated`, `a`.`secondPart`, `a`.`startHour`, `a`.`statusWasChecked`, `a`.`statusWasUpdated`, `a`.`stretchingStatus`, `a`.`tarChangeApp`, `a`.`timeRangeIsSet`, `a`.`urgent`, `a`.`year`, `a0`.`Id`, `a0`.`blackoutGroup`, `a0`.`building`, `a0`.`districtname`, `a0`.`equipmentAccess`, `a0`.`streetName`
FROM `applications` AS `a`
LEFT JOIN `addresses` AS `a0` ON `a`.`addressId` = `a0`.`Id`
WHERE `a`.`id` = @__entity_id_0
LIMIT 1
2025-06-08T06:38:45.8885395+03:00	INFO	[Microsoft.EntityFrameworkCore.Database.Command]	[Microsoft.EntityFrameworkCore.Database.Command.CommandExecuted]	Executed DbCommand (8ms) [Parameters=[@p1='187085', @p0='True'], CommandType='Text', CommandTimeout='30']
SET AUTOCOMMIT = 1;
UPDATE `applications` SET `tarChangeApp` = @p0
WHERE `id` = @p1;
SELECT ROW_COUNT();
2025-06-08T06:38:45.8889543+03:00	INFO	[ZAK.DA.ApplicationRepository]	[0]	Application updated successfully: ZAK.DA.Application
2025-06-08T06:38:49.9767531+03:00	INFO	[ZAK.DA.ApplicationRepository]	[0]	Updating application: ZAK.DA.Application
2025-06-08T06:38:49.9830758+03:00	INFO	[Microsoft.EntityFrameworkCore.Database.Command]	[Microsoft.EntityFrameworkCore.Database.Command.CommandExecuted]	Executed DbCommand (3ms) [Parameters=[@__entity_id_0='187085'], CommandType='Text', CommandTimeout='30']
SELECT `a`.`id`, `a`.`addresWasUpdated`, `a`.`addressId`, `a`.`day`, `a`.`endHour`, `a`.`firstPart`, `a`.`freeCable`, `a`.`ignored`, `a`.`important`, `a`.`inSchedule`, `a`.`masterComment`, `a`.`masterCommentWasUpdated`, `a`.`maxDaysForConnection`, `a`.`month`, `a`.`operatorComment`, `a`.`operatorCommentWasUpdated`, `a`.`secondPart`, `a`.`startHour`, `a`.`statusWasChecked`, `a`.`statusWasUpdated`, `a`.`stretchingStatus`, `a`.`tarChangeApp`, `a`.`timeRangeIsSet`, `a`.`urgent`, `a`.`year`, `a0`.`Id`, `a0`.`blackoutGroup`, `a0`.`building`, `a0`.`districtname`, `a0`.`equipmentAccess`, `a0`.`streetName`
FROM `applications` AS `a`
LEFT JOIN `addresses` AS `a0` ON `a`.`addressId` = `a0`.`Id`
WHERE `a`.`id` = @__entity_id_0
LIMIT 1
2025-06-08T06:38:50.0019182+03:00	INFO	[Microsoft.EntityFrameworkCore.Database.Command]	[Microsoft.EntityFrameworkCore.Database.Command.CommandExecuted]	Executed DbCommand (8ms) [Parameters=[@p1='187085', @p0='False'], CommandType='Text', CommandTimeout='30']
SET AUTOCOMMIT = 1;
UPDATE `applications` SET `tarChangeApp` = @p0
WHERE `id` = @p1;
SELECT ROW_COUNT();
2025-06-08T06:38:50.0022526+03:00	INFO	[ZAK.DA.ApplicationRepository]	[0]	Application updated successfully: ZAK.DA.Application
2025-06-08T06:41:12.8383958+03:00	INFO	[Microsoft.Hosting.Lifetime]	[ListeningOnAddress]	Now listening on: http://localhost:5205
2025-06-08T06:41:12.8519006+03:00	INFO	[Microsoft.Hosting.Lifetime]	[0]	Application started. Press Ctrl+C to shut down.
2025-06-08T06:41:12.8534590+03:00	INFO	[Microsoft.Hosting.Lifetime]	[0]	Hosting environment: Development
2025-06-08T06:41:12.8535916+03:00	INFO	[Microsoft.Hosting.Lifetime]	[0]	Content root path: D:\C#_Projects\ZAK\ZAK3\ZAK\ZAK
2025-06-08T06:41:15.9427708+03:00	WARN	[Microsoft.AspNetCore.HttpsPolicy.HttpsRedirectionMiddleware]	[FailedToDeterminePort]	Failed to determine the https port for redirect.
2025-06-08T06:41:16.5399828+03:00	INFO	[ZAK.MapRoutesManager.MapRoutesManager]	[0]	Loading OSM data...
2025-06-08T06:41:25.6097392+03:00	INFO	[ZAK.Components.Pages.SchedulePage.SchedulePage]	[0]	Initializing SchedulePage component
2025-06-08T06:41:25.6392318+03:00	INFO	[ZAK.DA.AddressRepository]	[0]	Getting all addresses
2025-06-08T06:41:26.6377007+03:00	WARN	[Microsoft.EntityFrameworkCore.Model.Validation]	[Microsoft.EntityFrameworkCore.Infrastructure.SensitiveDataLoggingEnabledWarning]	Sensitive data logging is enabled. Log entries and exception messages may include sensitive application data; this mode should only be enabled during development.
2025-06-08T06:41:27.5604882+03:00	INFO	[ZAK.Components.Pages.SchedulePage.BrigadeList]	[0]	Getting all brigades...
2025-06-08T06:41:27.5635479+03:00	INFO	[ZAK.DA.BrigadeRepository]	[0]	Getting all brigades
2025-06-08T06:41:27.8066416+03:00	INFO	[Microsoft.EntityFrameworkCore.Database.Command]	[Microsoft.EntityFrameworkCore.Database.Command.CommandExecuted]	Executed DbCommand (24ms) [Parameters=[], CommandType='Text', CommandTimeout='30']
SELECT `b`.`id`, `b`.`brigadeNumber`, `b`.`brigadeSlotsCount`, `s0`.`brigadeId`, `s0`.`scheduledTime`, `s0`.`applicationId`, `s0`.`id`, `s0`.`addresWasUpdated`, `s0`.`addressId`, `s0`.`day`, `s0`.`endHour`, `s0`.`firstPart`, `s0`.`freeCable`, `s0`.`ignored`, `s0`.`important`, `s0`.`inSchedule`, `s0`.`masterComment`, `s0`.`masterCommentWasUpdated`, `s0`.`maxDaysForConnection`, `s0`.`month`, `s0`.`operatorComment`, `s0`.`operatorCommentWasUpdated`, `s0`.`secondPart`, `s0`.`startHour`, `s0`.`statusWasChecked`, `s0`.`statusWasUpdated`, `s0`.`stretchingStatus`, `s0`.`tarChangeApp`, `s0`.`timeRangeIsSet`, `s0`.`urgent`, `s0`.`year`, `s0`.`Id0`, `s0`.`blackoutGroup`, `s0`.`building`, `s0`.`districtname`, `s0`.`equipmentAccess`, `s0`.`streetName`
FROM `brigades` AS `b`
LEFT JOIN (
    SELECT `s`.`brigadeId`, `s`.`scheduledTime`, `s`.`applicationId`, `a`.`id`, `a`.`addresWasUpdated`, `a`.`addressId`, `a`.`day`, `a`.`endHour`, `a`.`firstPart`, `a`.`freeCable`, `a`.`ignored`, `a`.`important`, `a`.`inSchedule`, `a`.`masterComment`, `a`.`masterCommentWasUpdated`, `a`.`maxDaysForConnection`, `a`.`month`, `a`.`operatorComment`, `a`.`operatorCommentWasUpdated`, `a`.`secondPart`, `a`.`startHour`, `a`.`statusWasChecked`, `a`.`statusWasUpdated`, `a`.`stretchingStatus`, `a`.`tarChangeApp`, `a`.`timeRangeIsSet`, `a`.`urgent`, `a`.`year`, `a0`.`Id` AS `Id0`, `a0`.`blackoutGroup`, `a0`.`building`, `a0`.`districtname`, `a0`.`equipmentAccess`, `a0`.`streetName`
    FROM `ScheduledApplicationModel` AS `s`
    INNER JOIN `applications` AS `a` ON `s`.`applicationId` = `a`.`id`
    LEFT JOIN `addresses` AS `a0` ON `a`.`addressId` = `a0`.`Id`
) AS `s0` ON `b`.`id` = `s0`.`brigadeId`
ORDER BY `b`.`id`, `s0`.`brigadeId`, `s0`.`scheduledTime`, `s0`.`id`
2025-06-08T06:41:27.8066412+03:00	INFO	[Microsoft.EntityFrameworkCore.Database.Command]	[Microsoft.EntityFrameworkCore.Database.Command.CommandExecuted]	Executed DbCommand (35ms) [Parameters=[], CommandType='Text', CommandTimeout='30']
SELECT `a`.`Id`, `a`.`blackoutGroup`, `a`.`building`, `a`.`districtname`, `a`.`equipmentAccess`, `a`.`streetName`, `a0`.`addressId`, `a0`.`buildingAlias`, `a0`.`streetAlias`, `a1`.`addressId`, `a1`.`priority`, `c`.`addressId`, `c`.`lat`, `c`.`lon`
FROM `addresses` AS `a`
LEFT JOIN `addressAliases` AS `a0` ON `a`.`Id` = `a0`.`addressId`
LEFT JOIN `addressPriorities` AS `a1` ON `a`.`Id` = `a1`.`addressId`
LEFT JOIN `coordinates` AS `c` ON `a`.`Id` = `c`.`addressId`
2025-06-08T06:41:27.9928065+03:00	INFO	[ZAK.DA.BrigadeRepository]	[0]	Retrieved 1 brigades
2025-06-08T06:41:28.2311535+03:00	INFO	[ZAK.DA.AddressRepository]	[0]	Retrieved 126 addresses
2025-06-08T06:41:28.9074558+03:00	INFO	[ZAK.DA.AddressRepository]	[0]	Getting all addresses
2025-06-08T06:41:29.1087261+03:00	INFO	[Microsoft.EntityFrameworkCore.Database.Command]	[Microsoft.EntityFrameworkCore.Database.Command.CommandExecuted]	Executed DbCommand (9ms) [Parameters=[], CommandType='Text', CommandTimeout='30']
SELECT `a`.`Id`, `a`.`blackoutGroup`, `a`.`building`, `a`.`districtname`, `a`.`equipmentAccess`, `a`.`streetName`, `a0`.`addressId`, `a0`.`buildingAlias`, `a0`.`streetAlias`, `a1`.`addressId`, `a1`.`priority`, `c`.`addressId`, `c`.`lat`, `c`.`lon`
FROM `addresses` AS `a`
LEFT JOIN `addressAliases` AS `a0` ON `a`.`Id` = `a0`.`addressId`
LEFT JOIN `addressPriorities` AS `a1` ON `a`.`Id` = `a1`.`addressId`
LEFT JOIN `coordinates` AS `c` ON `a`.`Id` = `c`.`addressId`
2025-06-08T06:41:29.2032754+03:00	INFO	[ZAK.DA.AddressRepository]	[0]	Retrieved 126 addresses
2025-06-08T06:41:29.8036417+03:00	INFO	[ZAK.Components.Pages.SchedulePage.BrigadeList]	[0]	Getting all brigades...
2025-06-08T06:41:29.8037664+03:00	INFO	[ZAK.DA.BrigadeRepository]	[0]	Getting all brigades
2025-06-08T06:41:29.8209639+03:00	INFO	[Microsoft.EntityFrameworkCore.Database.Command]	[Microsoft.EntityFrameworkCore.Database.Command.CommandExecuted]	Executed DbCommand (5ms) [Parameters=[], CommandType='Text', CommandTimeout='30']
SELECT `b`.`id`, `b`.`brigadeNumber`, `b`.`brigadeSlotsCount`, `s0`.`brigadeId`, `s0`.`scheduledTime`, `s0`.`applicationId`, `s0`.`id`, `s0`.`addresWasUpdated`, `s0`.`addressId`, `s0`.`day`, `s0`.`endHour`, `s0`.`firstPart`, `s0`.`freeCable`, `s0`.`ignored`, `s0`.`important`, `s0`.`inSchedule`, `s0`.`masterComment`, `s0`.`masterCommentWasUpdated`, `s0`.`maxDaysForConnection`, `s0`.`month`, `s0`.`operatorComment`, `s0`.`operatorCommentWasUpdated`, `s0`.`secondPart`, `s0`.`startHour`, `s0`.`statusWasChecked`, `s0`.`statusWasUpdated`, `s0`.`stretchingStatus`, `s0`.`tarChangeApp`, `s0`.`timeRangeIsSet`, `s0`.`urgent`, `s0`.`year`, `s0`.`Id0`, `s0`.`blackoutGroup`, `s0`.`building`, `s0`.`districtname`, `s0`.`equipmentAccess`, `s0`.`streetName`
FROM `brigades` AS `b`
LEFT JOIN (
    SELECT `s`.`brigadeId`, `s`.`scheduledTime`, `s`.`applicationId`, `a`.`id`, `a`.`addresWasUpdated`, `a`.`addressId`, `a`.`day`, `a`.`endHour`, `a`.`firstPart`, `a`.`freeCable`, `a`.`ignored`, `a`.`important`, `a`.`inSchedule`, `a`.`masterComment`, `a`.`masterCommentWasUpdated`, `a`.`maxDaysForConnection`, `a`.`month`, `a`.`operatorComment`, `a`.`operatorCommentWasUpdated`, `a`.`secondPart`, `a`.`startHour`, `a`.`statusWasChecked`, `a`.`statusWasUpdated`, `a`.`stretchingStatus`, `a`.`tarChangeApp`, `a`.`timeRangeIsSet`, `a`.`urgent`, `a`.`year`, `a0`.`Id` AS `Id0`, `a0`.`blackoutGroup`, `a0`.`building`, `a0`.`districtname`, `a0`.`equipmentAccess`, `a0`.`streetName`
    FROM `ScheduledApplicationModel` AS `s`
    INNER JOIN `applications` AS `a` ON `s`.`applicationId` = `a`.`id`
    LEFT JOIN `addresses` AS `a0` ON `a`.`addressId` = `a0`.`Id`
) AS `s0` ON `b`.`id` = `s0`.`brigadeId`
ORDER BY `b`.`id`, `s0`.`brigadeId`, `s0`.`scheduledTime`, `s0`.`id`
2025-06-08T06:41:29.8238808+03:00	INFO	[ZAK.DA.BrigadeRepository]	[0]	Retrieved 1 brigades
2025-06-08T06:41:30.1909596+03:00	INFO	[ZAK.Components.Pages.SchedulePage.SchedulePage]	[0]	Initializing SchedulePage component
2025-06-08T06:41:30.1911917+03:00	INFO	[ZAK.DA.AddressRepository]	[0]	Getting all addresses
2025-06-08T06:41:30.1953466+03:00	INFO	[ZAK.Components.Pages.SchedulePage.BrigadeList]	[0]	Getting all brigades...
2025-06-08T06:41:30.1953855+03:00	INFO	[ZAK.DA.BrigadeRepository]	[0]	Getting all brigades
2025-06-08T06:41:30.2024703+03:00	INFO	[Microsoft.EntityFrameworkCore.Database.Command]	[Microsoft.EntityFrameworkCore.Database.Command.CommandExecuted]	Executed DbCommand (6ms) [Parameters=[], CommandType='Text', CommandTimeout='30']
SELECT `a`.`Id`, `a`.`blackoutGroup`, `a`.`building`, `a`.`districtname`, `a`.`equipmentAccess`, `a`.`streetName`, `a0`.`addressId`, `a0`.`buildingAlias`, `a0`.`streetAlias`, `a1`.`addressId`, `a1`.`priority`, `c`.`addressId`, `c`.`lat`, `c`.`lon`
FROM `addresses` AS `a`
LEFT JOIN `addressAliases` AS `a0` ON `a`.`Id` = `a0`.`addressId`
LEFT JOIN `addressPriorities` AS `a1` ON `a`.`Id` = `a1`.`addressId`
LEFT JOIN `coordinates` AS `c` ON `a`.`Id` = `c`.`addressId`
2025-06-08T06:41:30.2128364+03:00	INFO	[Microsoft.EntityFrameworkCore.Database.Command]	[Microsoft.EntityFrameworkCore.Database.Command.CommandExecuted]	Executed DbCommand (12ms) [Parameters=[], CommandType='Text', CommandTimeout='30']
SELECT `b`.`id`, `b`.`brigadeNumber`, `b`.`brigadeSlotsCount`, `s0`.`brigadeId`, `s0`.`scheduledTime`, `s0`.`applicationId`, `s0`.`id`, `s0`.`addresWasUpdated`, `s0`.`addressId`, `s0`.`day`, `s0`.`endHour`, `s0`.`firstPart`, `s0`.`freeCable`, `s0`.`ignored`, `s0`.`important`, `s0`.`inSchedule`, `s0`.`masterComment`, `s0`.`masterCommentWasUpdated`, `s0`.`maxDaysForConnection`, `s0`.`month`, `s0`.`operatorComment`, `s0`.`operatorCommentWasUpdated`, `s0`.`secondPart`, `s0`.`startHour`, `s0`.`statusWasChecked`, `s0`.`statusWasUpdated`, `s0`.`stretchingStatus`, `s0`.`tarChangeApp`, `s0`.`timeRangeIsSet`, `s0`.`urgent`, `s0`.`year`, `s0`.`Id0`, `s0`.`blackoutGroup`, `s0`.`building`, `s0`.`districtname`, `s0`.`equipmentAccess`, `s0`.`streetName`
FROM `brigades` AS `b`
LEFT JOIN (
    SELECT `s`.`brigadeId`, `s`.`scheduledTime`, `s`.`applicationId`, `a`.`id`, `a`.`addresWasUpdated`, `a`.`addressId`, `a`.`day`, `a`.`endHour`, `a`.`firstPart`, `a`.`freeCable`, `a`.`ignored`, `a`.`important`, `a`.`inSchedule`, `a`.`masterComment`, `a`.`masterCommentWasUpdated`, `a`.`maxDaysForConnection`, `a`.`month`, `a`.`operatorComment`, `a`.`operatorCommentWasUpdated`, `a`.`secondPart`, `a`.`startHour`, `a`.`statusWasChecked`, `a`.`statusWasUpdated`, `a`.`stretchingStatus`, `a`.`tarChangeApp`, `a`.`timeRangeIsSet`, `a`.`urgent`, `a`.`year`, `a0`.`Id` AS `Id0`, `a0`.`blackoutGroup`, `a0`.`building`, `a0`.`districtname`, `a0`.`equipmentAccess`, `a0`.`streetName`
    FROM `ScheduledApplicationModel` AS `s`
    INNER JOIN `applications` AS `a` ON `s`.`applicationId` = `a`.`id`
    LEFT JOIN `addresses` AS `a0` ON `a`.`addressId` = `a0`.`Id`
) AS `s0` ON `b`.`id` = `s0`.`brigadeId`
ORDER BY `b`.`id`, `s0`.`brigadeId`, `s0`.`scheduledTime`, `s0`.`id`
2025-06-08T06:41:30.2208995+03:00	INFO	[ZAK.DA.BrigadeRepository]	[0]	Retrieved 1 brigades
2025-06-08T06:41:30.2696098+03:00	INFO	[ZAK.DA.AddressRepository]	[0]	Retrieved 126 addresses
2025-06-08T06:41:31.9347461+03:00	INFO	[ZAK.DA.AddressRepository]	[0]	Getting all addresses
2025-06-08T06:41:31.9453221+03:00	INFO	[Microsoft.EntityFrameworkCore.Database.Command]	[Microsoft.EntityFrameworkCore.Database.Command.CommandExecuted]	Executed DbCommand (6ms) [Parameters=[], CommandType='Text', CommandTimeout='30']
SELECT `a`.`Id`, `a`.`blackoutGroup`, `a`.`building`, `a`.`districtname`, `a`.`equipmentAccess`, `a`.`streetName`, `a0`.`addressId`, `a0`.`buildingAlias`, `a0`.`streetAlias`, `a1`.`addressId`, `a1`.`priority`, `c`.`addressId`, `c`.`lat`, `c`.`lon`
FROM `addresses` AS `a`
LEFT JOIN `addressAliases` AS `a0` ON `a`.`Id` = `a0`.`addressId`
LEFT JOIN `addressPriorities` AS `a1` ON `a`.`Id` = `a1`.`addressId`
LEFT JOIN `coordinates` AS `c` ON `a`.`Id` = `c`.`addressId`
2025-06-08T06:41:31.9600235+03:00	INFO	[ZAK.DA.AddressRepository]	[0]	Retrieved 126 addresses
2025-06-08T06:41:33.2463168+03:00	INFO	[ZAK.Components.Pages.SchedulePage.BrigadeList]	[0]	Getting all brigades...
2025-06-08T06:41:33.2463913+03:00	INFO	[ZAK.DA.BrigadeRepository]	[0]	Getting all brigades
2025-06-08T06:41:33.2583434+03:00	INFO	[Microsoft.EntityFrameworkCore.Database.Command]	[Microsoft.EntityFrameworkCore.Database.Command.CommandExecuted]	Executed DbCommand (7ms) [Parameters=[], CommandType='Text', CommandTimeout='30']
SELECT `b`.`id`, `b`.`brigadeNumber`, `b`.`brigadeSlotsCount`, `s0`.`brigadeId`, `s0`.`scheduledTime`, `s0`.`applicationId`, `s0`.`id`, `s0`.`addresWasUpdated`, `s0`.`addressId`, `s0`.`day`, `s0`.`endHour`, `s0`.`firstPart`, `s0`.`freeCable`, `s0`.`ignored`, `s0`.`important`, `s0`.`inSchedule`, `s0`.`masterComment`, `s0`.`masterCommentWasUpdated`, `s0`.`maxDaysForConnection`, `s0`.`month`, `s0`.`operatorComment`, `s0`.`operatorCommentWasUpdated`, `s0`.`secondPart`, `s0`.`startHour`, `s0`.`statusWasChecked`, `s0`.`statusWasUpdated`, `s0`.`stretchingStatus`, `s0`.`tarChangeApp`, `s0`.`timeRangeIsSet`, `s0`.`urgent`, `s0`.`year`, `s0`.`Id0`, `s0`.`blackoutGroup`, `s0`.`building`, `s0`.`districtname`, `s0`.`equipmentAccess`, `s0`.`streetName`
FROM `brigades` AS `b`
LEFT JOIN (
    SELECT `s`.`brigadeId`, `s`.`scheduledTime`, `s`.`applicationId`, `a`.`id`, `a`.`addresWasUpdated`, `a`.`addressId`, `a`.`day`, `a`.`endHour`, `a`.`firstPart`, `a`.`freeCable`, `a`.`ignored`, `a`.`important`, `a`.`inSchedule`, `a`.`masterComment`, `a`.`masterCommentWasUpdated`, `a`.`maxDaysForConnection`, `a`.`month`, `a`.`operatorComment`, `a`.`operatorCommentWasUpdated`, `a`.`secondPart`, `a`.`startHour`, `a`.`statusWasChecked`, `a`.`statusWasUpdated`, `a`.`stretchingStatus`, `a`.`tarChangeApp`, `a`.`timeRangeIsSet`, `a`.`urgent`, `a`.`year`, `a0`.`Id` AS `Id0`, `a0`.`blackoutGroup`, `a0`.`building`, `a0`.`districtname`, `a0`.`equipmentAccess`, `a0`.`streetName`
    FROM `ScheduledApplicationModel` AS `s`
    INNER JOIN `applications` AS `a` ON `s`.`applicationId` = `a`.`id`
    LEFT JOIN `addresses` AS `a0` ON `a`.`addressId` = `a0`.`Id`
) AS `s0` ON `b`.`id` = `s0`.`brigadeId`
ORDER BY `b`.`id`, `s0`.`brigadeId`, `s0`.`scheduledTime`, `s0`.`id`
2025-06-08T06:41:33.2597083+03:00	INFO	[ZAK.Components.Pages.SchedulePage.MapComponentLeaflet]	[0]	MapComponentLeaflet is rendered for the first time
2025-06-08T06:41:33.2624266+03:00	INFO	[ZAK.DA.BrigadeRepository]	[0]	Retrieved 1 brigades
2025-06-08T06:41:33.3520504+03:00	INFO	[ZAK.Components.Pages.SchedulePage.MapComponentLeaflet]	[0]	MapComponentLeaflet is drawing paths
2025-06-08T06:41:33.3639742+03:00	INFO	[ZAK.MapRoutesManager.MapRoutesManager]	[0]	Populationg brigades with applications
2025-06-08T06:41:33.3680060+03:00	INFO	[ZAK.DA.BrigadeRepository]	[0]	Getting all brigades with scheduled application info
2025-06-08T06:41:33.4780795+03:00	INFO	[Microsoft.EntityFrameworkCore.Database.Command]	[Microsoft.EntityFrameworkCore.Database.Command.CommandExecuted]	Executed DbCommand (5ms) [Parameters=[], CommandType='Text', CommandTimeout='30']
SELECT `b`.`id`, `b`.`brigadeNumber`, `b`.`brigadeSlotsCount`, `s0`.`brigadeId`, `s0`.`scheduledTime`, `s0`.`applicationId`, `s0`.`id`, `s0`.`addresWasUpdated`, `s0`.`addressId`, `s0`.`day`, `s0`.`endHour`, `s0`.`firstPart`, `s0`.`freeCable`, `s0`.`ignored`, `s0`.`important`, `s0`.`inSchedule`, `s0`.`masterComment`, `s0`.`masterCommentWasUpdated`, `s0`.`maxDaysForConnection`, `s0`.`month`, `s0`.`operatorComment`, `s0`.`operatorCommentWasUpdated`, `s0`.`secondPart`, `s0`.`startHour`, `s0`.`statusWasChecked`, `s0`.`statusWasUpdated`, `s0`.`stretchingStatus`, `s0`.`tarChangeApp`, `s0`.`timeRangeIsSet`, `s0`.`urgent`, `s0`.`year`, `s0`.`Id0`, `s0`.`blackoutGroup`, `s0`.`building`, `s0`.`districtname`, `s0`.`equipmentAccess`, `s0`.`streetName`, `s0`.`addressId0`, `s0`.`lat`, `s0`.`lon`
FROM `brigades` AS `b`
LEFT JOIN (
    SELECT `s`.`brigadeId`, `s`.`scheduledTime`, `s`.`applicationId`, `a`.`id`, `a`.`addresWasUpdated`, `a`.`addressId`, `a`.`day`, `a`.`endHour`, `a`.`firstPart`, `a`.`freeCable`, `a`.`ignored`, `a`.`important`, `a`.`inSchedule`, `a`.`masterComment`, `a`.`masterCommentWasUpdated`, `a`.`maxDaysForConnection`, `a`.`month`, `a`.`operatorComment`, `a`.`operatorCommentWasUpdated`, `a`.`secondPart`, `a`.`startHour`, `a`.`statusWasChecked`, `a`.`statusWasUpdated`, `a`.`stretchingStatus`, `a`.`tarChangeApp`, `a`.`timeRangeIsSet`, `a`.`urgent`, `a`.`year`, `a0`.`Id` AS `Id0`, `a0`.`blackoutGroup`, `a0`.`building`, `a0`.`districtname`, `a0`.`equipmentAccess`, `a0`.`streetName`, `c`.`addressId` AS `addressId0`, `c`.`lat`, `c`.`lon`
    FROM `ScheduledApplicationModel` AS `s`
    INNER JOIN `applications` AS `a` ON `s`.`applicationId` = `a`.`id`
    LEFT JOIN `addresses` AS `a0` ON `a`.`addressId` = `a0`.`Id`
    LEFT JOIN `coordinates` AS `c` ON `a0`.`Id` = `c`.`addressId`
) AS `s0` ON `b`.`id` = `s0`.`brigadeId`
ORDER BY `b`.`id`, `s0`.`brigadeId`, `s0`.`scheduledTime`, `s0`.`id`, `s0`.`Id0`
2025-06-08T06:41:33.4925821+03:00	INFO	[ZAK.DA.BrigadeRepository]	[0]	Retrieved 1 brigades with scheduled application info
2025-06-08T06:41:33.4931513+03:00	INFO	[ZAK.MapRoutesManager.MapRoutesManager]	[0]	Calculating routes...
2025-06-08T06:41:35.0548785+03:00	INFO	[ZAK.Components.Pages.SchedulePage.MapComponentLeaflet]	[0]	MapComponentLeaflet is drawing paths
2025-06-08T06:41:35.2519042+03:00	INFO	[ZAK.Components.Pages.SchedulePage.MapComponentLeaflet]	[0]	MapComponentLeaflet is drawing markers
2025-06-08T06:41:35.2554807+03:00	INFO	[ZAK.DA.ApplicationRepository]	[0]	Getting all applications with ignoring
2025-06-08T06:41:35.2955505+03:00	INFO	[Microsoft.EntityFrameworkCore.Database.Command]	[Microsoft.EntityFrameworkCore.Database.Command.CommandExecuted]	Executed DbCommand (6ms) [Parameters=[], CommandType='Text', CommandTimeout='30']
SELECT `a`.`id`, `a`.`addresWasUpdated`, `a`.`addressId`, `a`.`day`, `a`.`endHour`, `a`.`firstPart`, `a`.`freeCable`, `a`.`ignored`, `a`.`important`, `a`.`inSchedule`, `a`.`masterComment`, `a`.`masterCommentWasUpdated`, `a`.`maxDaysForConnection`, `a`.`month`, `a`.`operatorComment`, `a`.`operatorCommentWasUpdated`, `a`.`secondPart`, `a`.`startHour`, `a`.`statusWasChecked`, `a`.`statusWasUpdated`, `a`.`stretchingStatus`, `a`.`tarChangeApp`, `a`.`timeRangeIsSet`, `a`.`urgent`, `a`.`year`, `a0`.`Id`, `a0`.`blackoutGroup`, `a0`.`building`, `a0`.`districtname`, `a0`.`equipmentAccess`, `a0`.`streetName`, `d`.`name`, `d`.`color`, `c`.`addressId`, `c`.`lat`, `c`.`lon`
FROM `applications` AS `a`
LEFT JOIN `addresses` AS `a0` ON `a`.`addressId` = `a0`.`Id`
LEFT JOIN `districts` AS `d` ON `a0`.`districtname` = `d`.`name`
LEFT JOIN `coordinates` AS `c` ON `a0`.`Id` = `c`.`addressId`
2025-06-08T06:41:35.3126258+03:00	INFO	[ZAK.DA.ApplicationRepository]	[0]	Retrieved 89 applications (not ignored)
2025-06-08T06:41:44.2272876+03:00	INFO	[ZAK.DA.ApplicationRepository]	[0]	Getting all applications
2025-06-08T06:41:44.2508725+03:00	INFO	[Microsoft.EntityFrameworkCore.Database.Command]	[Microsoft.EntityFrameworkCore.Database.Command.CommandExecuted]	Executed DbCommand (17ms) [Parameters=[], CommandType='Text', CommandTimeout='30']
SELECT `a`.`id`, `a`.`addresWasUpdated`, `a`.`addressId`, `a`.`day`, `a`.`endHour`, `a`.`firstPart`, `a`.`freeCable`, `a`.`ignored`, `a`.`important`, `a`.`inSchedule`, `a`.`masterComment`, `a`.`masterCommentWasUpdated`, `a`.`maxDaysForConnection`, `a`.`month`, `a`.`operatorComment`, `a`.`operatorCommentWasUpdated`, `a`.`secondPart`, `a`.`startHour`, `a`.`statusWasChecked`, `a`.`statusWasUpdated`, `a`.`stretchingStatus`, `a`.`tarChangeApp`, `a`.`timeRangeIsSet`, `a`.`urgent`, `a`.`year`, `a0`.`Id`, `a0`.`blackoutGroup`, `a0`.`building`, `a0`.`districtname`, `a0`.`equipmentAccess`, `a0`.`streetName`, `d`.`name`, `d`.`color`, `c`.`addressId`, `c`.`lat`, `c`.`lon`
FROM `applications` AS `a`
LEFT JOIN `addresses` AS `a0` ON `a`.`addressId` = `a0`.`Id`
LEFT JOIN `districts` AS `d` ON `a0`.`districtname` = `d`.`name`
LEFT JOIN `coordinates` AS `c` ON `a0`.`Id` = `c`.`addressId`
2025-06-08T06:41:44.2608690+03:00	INFO	[ZAK.DA.ApplicationRepository]	[0]	Retrieved 105 applications
